# This file uses centimeters as units for non-parametric coordinates.

mtllib Medieval_Ring_MAIN_OBJ.mtl
g default
v 0.326979 0.461198 0.576660
v 0.326979 0.432191 0.564645
v 0.326979 0.403185 0.576660
v 0.347490 0.461198 0.585156
v 0.355986 0.432191 0.576660
v 0.347490 0.403185 0.585156
v 0.355986 0.461198 0.605667
v 0.368001 0.432191 0.605667
v 0.355986 0.403185 0.605667
v 0.347490 0.461198 0.626178
v 0.355986 0.432191 0.634674
v 0.347490 0.403185 0.626178
v 0.326979 0.391170 0.605667
v 0.326979 0.461198 0.634674
v 0.326979 0.432191 0.646688
v 0.326979 0.403185 0.634674
v 0.326979 0.473213 0.605667
v 0.306468 0.461198 0.626178
v 0.297973 0.432191 0.634674
v 0.306468 0.403185 0.626178
v 0.297973 0.461198 0.605667
v 0.285958 0.432191 0.605667
v 0.297973 0.403185 0.605667
v 0.306468 0.461198 0.585156
v 0.297973 0.432191 0.576660
v 0.306468 0.403185 0.585156
v 0.331374 0.201734 0.576660
v 0.331374 0.172727 0.564645
v 0.331374 0.143720 0.576660
v 0.351884 0.201734 0.585156
v 0.360380 0.172727 0.576660
v 0.351884 0.143720 0.585156
v 0.360380 0.201734 0.605667
v 0.372395 0.172727 0.605667
v 0.360380 0.143720 0.605667
v 0.351884 0.201734 0.626178
v 0.360380 0.172727 0.634674
v 0.351884 0.143720 0.626178
v 0.331374 0.131705 0.605667
v 0.331374 0.201734 0.634674
v 0.331374 0.172727 0.646688
v 0.331374 0.143720 0.634674
v 0.331374 0.213749 0.605667
v 0.310863 0.201734 0.626178
v 0.302367 0.172727 0.634674
v 0.310863 0.143720 0.626178
v 0.302367 0.201734 0.605667
v 0.290352 0.172727 0.605667
v 0.302367 0.143720 0.605667
v 0.310863 0.201734 0.585156
v 0.302367 0.172727 0.576660
v 0.310863 0.143720 0.585156
v -0.329176 0.201734 0.568254
v -0.329176 0.172727 0.556239
v -0.329176 0.143720 0.568254
v -0.308666 0.201734 0.576750
v -0.300170 0.172727 0.568254
v -0.308666 0.143720 0.576750
v -0.300170 0.201734 0.597261
v -0.288155 0.172727 0.597261
v -0.300170 0.143720 0.597261
v -0.308666 0.201734 0.617772
v -0.300170 0.172727 0.626267
v -0.308666 0.143720 0.617772
v -0.329176 0.131705 0.597261
v -0.329176 0.201734 0.626267
v -0.329176 0.172727 0.638282
v -0.329176 0.143720 0.626267
v -0.329176 0.213749 0.597261
v -0.349688 0.201734 0.617772
v -0.358183 0.172727 0.626267
v -0.349688 0.143720 0.617772
v -0.358183 0.201734 0.597261
v -0.370198 0.172727 0.597261
v -0.358183 0.143720 0.597261
v -0.349688 0.201734 0.576750
v -0.358183 0.172727 0.568254
v -0.349688 0.143720 0.576750
v -0.329176 0.451073 0.568254
v -0.329176 0.422066 0.556239
v -0.329176 0.393060 0.568254
v -0.308666 0.451073 0.576750
v -0.300170 0.422066 0.568254
v -0.308666 0.393060 0.576750
v -0.300170 0.451073 0.597261
v -0.288155 0.422066 0.597261
v -0.300170 0.393060 0.597261
v -0.308666 0.451073 0.617772
v -0.300170 0.422066 0.626267
v -0.308666 0.393060 0.617772
v -0.329176 0.381045 0.597261
v -0.329176 0.451073 0.626267
v -0.329176 0.422066 0.638282
v -0.329176 0.393060 0.626267
v -0.329176 0.463088 0.597261
v -0.349688 0.451073 0.617772
v -0.358183 0.422066 0.626267
v -0.349688 0.393060 0.617772
v -0.358183 0.451073 0.597261
v -0.370198 0.422066 0.597261
v -0.358183 0.393060 0.597261
v -0.349688 0.451073 0.576750
v -0.358183 0.422066 0.568254
v -0.349688 0.393060 0.576750
v 0.347487 0.400483 0.560204
v 0.387184 0.470393 0.519170
v 0.448915 0.510093 0.455359
v 0.522005 0.510741 0.379005
v 0.583965 0.475492 0.305150
v 0.636252 0.417061 0.235452
v 0.644615 0.358096 0.171163
v 0.636074 0.314954 0.147288
v 0.333972 0.314954 0.574174
v 0.347486 0.229426 0.560204
v 0.387184 0.159515 0.519170
v 0.448915 0.119816 0.455360
v 0.518751 0.119167 0.379005
v 0.577315 0.154416 0.305150
v 0.627918 0.212847 0.235452
v 0.617271 0.271812 0.171163
v 0.342492 0.410282 0.585068
v 0.385448 0.488203 0.540664
v 0.452248 0.532451 0.471616
v 0.531898 0.533174 0.388993
v 0.599998 0.493886 0.309074
v 0.656836 0.428760 0.233655
v 0.675096 0.363039 0.164087
v 0.663874 0.314954 0.138253
v 0.327868 0.314954 0.600185
v 0.342492 0.219626 0.585068
v 0.385448 0.141706 0.540664
v 0.452248 0.097457 0.471616
v 0.529202 0.096735 0.388993
v 0.593301 0.136022 0.309074
v 0.648005 0.201148 0.233655
v 0.665747 0.266869 0.164087
v 0.666571 0.360568 0.174458
v 0.352053 0.224526 0.579469
v 0.393379 0.150611 0.536750
v 0.457644 0.108637 0.470320
v 0.531055 0.107951 0.390832
v 0.592370 0.145219 0.313945
v 0.645187 0.206998 0.241386
v 0.649104 0.269341 0.174458
v 0.352053 0.405383 0.579469
v 0.337983 0.314954 0.594012
v 0.393379 0.479298 0.536750
v 0.657037 0.314954 0.149603
v 0.457644 0.521272 0.470320
v 0.534057 0.521957 0.390832
v 0.599047 0.484689 0.313945
v 0.653604 0.422911 0.241386
v 0.450938 0.397709 0.648555
v 0.489348 0.465352 0.608851
v 0.549078 0.503764 0.547110
v 0.620388 0.504392 0.473232
v 0.683055 0.470286 0.401772
v 0.736561 0.413750 0.334334
v 0.788561 0.356697 0.272130
v 0.808889 0.314954 0.249030
v 0.437861 0.314954 0.662072
v 0.450938 0.232199 0.648555
v 0.489348 0.164556 0.608851
v 0.549078 0.126144 0.547110
v 0.618388 0.125517 0.473232
v 0.677843 0.159622 0.401772
v 0.731836 0.216158 0.334334
v 0.787729 0.273211 0.272130
v 0.456011 0.395309 0.643312
v 0.493307 0.460991 0.604759
v 0.551304 0.498289 0.544809
v 0.620461 0.498898 0.473073
v 0.681150 0.465781 0.403685
v 0.733051 0.410884 0.338204
v 0.783455 0.355486 0.277803
v 0.802990 0.314954 0.255373
v 0.443313 0.314954 0.656437
v 0.456011 0.234599 0.643312
v 0.493307 0.168918 0.604759
v 0.551304 0.131620 0.544809
v 0.618358 0.131010 0.473074
v 0.675970 0.164127 0.403685
v 0.728325 0.219024 0.338204
v 0.782221 0.274422 0.277803
v 0.437273 0.395309 0.625185
v 0.474569 0.460991 0.586632
v 0.532566 0.498289 0.526682
v 0.601474 0.498898 0.454947
v 0.661175 0.465781 0.385558
v 0.712082 0.410884 0.320077
v 0.761816 0.355486 0.259676
v 0.781250 0.314954 0.237246
v 0.424575 0.314954 0.638310
v 0.437273 0.234599 0.625185
v 0.474569 0.168918 0.586632
v 0.532566 0.131620 0.526682
v 0.598903 0.131010 0.454947
v 0.655519 0.164127 0.385558
v 0.706963 0.219024 0.320077
v 0.760445 0.274422 0.259676
v 0.707699 0.273161 0.224139
v 0.676611 0.216040 0.286418
v 0.624682 0.159435 0.353937
v 0.567412 0.125288 0.425483
v 0.499621 0.125917 0.499450
v 0.439820 0.164375 0.561265
v 0.401364 0.232100 0.601017
v 0.720659 0.314954 0.201011
v 0.723026 0.356748 0.224139
v 0.682249 0.413868 0.286418
v 0.630960 0.470473 0.353937
v 0.570453 0.504620 0.425483
v 0.499621 0.503992 0.499450
v 0.439820 0.465533 0.561265
v 0.401364 0.397809 0.601017
v 0.388271 0.314954 0.614550
v 0.332319 0.406216 0.569777
v 0.374678 0.480812 0.525992
v 0.440547 0.523173 0.457904
v 0.518919 0.523865 0.376432
v 0.585605 0.486253 0.297626
v 0.641682 0.423905 0.223257
v 0.655134 0.360988 0.154658
v 0.647682 0.314954 0.129183
v 0.317898 0.314954 0.584683
v 0.332319 0.223693 0.569777
v 0.374678 0.149096 0.525992
v 0.440547 0.106736 0.457904
v 0.515969 0.106044 0.376432
v 0.578894 0.143655 0.297626
v 0.631639 0.206003 0.223257
v 0.642714 0.268920 0.154658
v 0.325567 0.406216 0.563244
v 0.367925 0.480812 0.519459
v 0.433794 0.523173 0.451372
v 0.512177 0.523865 0.369900
v 0.578915 0.486253 0.291093
v 0.635045 0.423905 0.216724
v 0.649272 0.360988 0.148125
v 0.640929 0.314954 0.122650
v 0.311146 0.314954 0.578151
v 0.325566 0.223693 0.563244
v 0.367925 0.149096 0.519459
v 0.433794 0.106736 0.451372
v 0.509251 0.106044 0.369900
v 0.572227 0.143655 0.291093
v 0.625388 0.206003 0.216724
v 0.637815 0.268920 0.148125
v 0.361076 0.395694 0.553100
v 0.349912 0.397892 0.551592
v 0.355722 0.396046 0.549408
v 0.398552 0.461691 0.514363
v 0.388407 0.465684 0.511800
v 0.393360 0.462330 0.510502
v 0.456827 0.499168 0.454125
v 0.448268 0.504181 0.449923
v 0.451890 0.499970 0.450002
v 0.525420 0.499780 0.382046
v 0.518935 0.504809 0.375883
v 0.520818 0.500585 0.377608
v 0.583580 0.466505 0.312325
v 0.578839 0.470628 0.304264
v 0.579260 0.467165 0.307584
v 0.632788 0.411345 0.246529
v 0.629465 0.413967 0.236678
v 0.628699 0.411764 0.241502
v 0.642728 0.355680 0.185839
v 0.638661 0.356789 0.174337
v 0.638616 0.355858 0.180547
v 0.627300 0.314954 0.163301
v 0.626397 0.314954 0.151186
v 0.623588 0.314954 0.157911
v 0.336806 0.314954 0.565138
v 0.348318 0.314954 0.566288
v 0.342909 0.314954 0.562653
v 0.349912 0.232017 0.551592
v 0.361076 0.234214 0.553100
v 0.355722 0.233862 0.549408
v 0.388407 0.164225 0.511800
v 0.398552 0.168218 0.514363
v 0.393360 0.167578 0.510502
v 0.448268 0.125728 0.449924
v 0.456827 0.130740 0.454125
v 0.451890 0.129938 0.450002
v 0.515589 0.125099 0.375883
v 0.521996 0.130128 0.382046
v 0.517406 0.129323 0.377608
v 0.572233 0.159280 0.304264
v 0.577005 0.163404 0.312325
v 0.572683 0.162744 0.307584
v 0.622045 0.215940 0.236678
v 0.626016 0.218564 0.246530
v 0.621811 0.218143 0.241502
v 0.604911 0.273119 0.174337
v 0.605496 0.274227 0.185839
v 0.601689 0.274050 0.180547
v 0.428509 0.404938 0.657429
v 0.470274 0.478490 0.614257
v 0.535221 0.520258 0.547123
v 0.612889 0.520940 0.466791
v 0.681224 0.483855 0.389088
v 0.739214 0.422380 0.315760
v 0.796043 0.360343 0.248122
v 0.818829 0.314954 0.223003
v 0.414289 0.314954 0.672127
v 0.428509 0.224970 0.657429
v 0.470274 0.151418 0.614257
v 0.535221 0.109650 0.547123
v 0.611079 0.108968 0.466791
v 0.675745 0.146053 0.389088
v 0.734369 0.207528 0.315760
v 0.796043 0.269565 0.248122
v 0.448537 0.396665 0.641816
v 0.486463 0.463455 0.602613
v 0.545439 0.501382 0.541651
v 0.615762 0.502002 0.468706
v 0.677300 0.468326 0.398146
v 0.729843 0.412503 0.331560
v 0.781038 0.356170 0.270140
v 0.462990 0.390445 0.655798
v 0.512729 0.452151 0.628023
v 0.578412 0.487191 0.573551
v 0.649030 0.487764 0.500711
v 0.705791 0.456651 0.424390
v 0.748886 0.405078 0.348252
v 0.789312 0.353033 0.277193
v 0.800974 0.314954 0.247332
v 0.483428 0.346224 0.675570
v 0.549873 0.371783 0.663958
v 0.625045 0.386297 0.618664
v 0.695658 0.386534 0.545974
v 0.743807 0.373647 0.461504
v 0.774294 0.352284 0.371857
v 0.800749 0.330727 0.287167
v 0.483428 0.283685 0.675570
v 0.549873 0.258126 0.663958
v 0.625045 0.243611 0.618664
v 0.695122 0.243374 0.545974
v 0.741949 0.256261 0.461504
v 0.772255 0.277624 0.371857
v 0.800749 0.299181 0.287167
v 0.435625 0.314954 0.655163
v 0.462990 0.239463 0.655798
v 0.512728 0.177758 0.628023
v 0.578412 0.142717 0.573551
v 0.647613 0.142145 0.500711
v 0.701254 0.173257 0.424390
v 0.744606 0.224831 0.348252
v 0.788475 0.276875 0.277193
v 0.448537 0.233243 0.641816
v 0.486463 0.166454 0.602613
v 0.545439 0.128526 0.541652
v 0.613590 0.127907 0.468706
v 0.671976 0.161582 0.398147
v 0.725016 0.217405 0.331560
v 0.779936 0.273738 0.270140
v 0.662752 0.362116 0.159003
v 0.650569 0.267792 0.159003
v 0.336924 0.408452 0.575722
v 0.336924 0.221456 0.575722
v 0.379446 0.484877 0.531768
v 0.653931 0.314954 0.133430
v 0.379446 0.145031 0.531769
v 0.445569 0.528276 0.463418
v 0.445569 0.101632 0.463419
v 0.521515 0.100924 0.381632
v 0.591518 0.490451 0.302522
v 0.584812 0.139457 0.302522
v 0.647743 0.426576 0.227866
v 0.638335 0.203333 0.227866
v 0.524336 0.528985 0.381632
v 0.322448 0.314954 0.590686
v -0.345969 0.225935 0.547410
v -0.386411 0.156025 0.507109
v -0.449300 0.116325 0.444439
v -0.524551 0.115677 0.369450
v -0.597341 0.150926 0.296914
v -0.636765 0.209357 0.228462
v -0.632249 0.269358 0.163799
v -0.640073 0.314605 0.137255
v -0.332201 0.311464 0.561131
v -0.345969 0.396992 0.547410
v -0.386411 0.466903 0.507109
v -0.449300 0.506602 0.444439
v -0.524551 0.507251 0.369450
v -0.597341 0.472002 0.296914
v -0.636765 0.413570 0.228462
v -0.632249 0.355641 0.163799
v -0.340520 0.216136 0.572178
v -0.384281 0.138215 0.528569
v -0.452333 0.093967 0.460753
v -0.533763 0.093244 0.379608
v -0.612528 0.132532 0.301117
v -0.656464 0.197658 0.227046
v -0.660480 0.264027 0.157769
v -0.668033 0.314605 0.128730
v -0.325621 0.311464 0.587025
v -0.340520 0.406792 0.572178
v -0.384282 0.484712 0.528568
v -0.452333 0.528961 0.460753
v -0.533763 0.529684 0.379608
v -0.612528 0.490396 0.301117
v -0.656464 0.425270 0.227046
v -0.660480 0.360197 0.157768
v -0.653271 0.266525 0.167990
v -0.350181 0.401892 0.566755
v -0.392282 0.475807 0.524800
v -0.457753 0.517781 0.459558
v -0.536094 0.518467 0.381490
v -0.611871 0.481199 0.305976
v -0.653502 0.419420 0.234715
v -0.653271 0.357753 0.167990
v -0.350181 0.221035 0.566755
v -0.335847 0.311464 0.581039
v -0.392282 0.147120 0.524800
v -0.660989 0.314605 0.139954
v -0.457753 0.105146 0.459558
v -0.536094 0.104461 0.381490
v -0.611871 0.141729 0.305977
v -0.653502 0.203507 0.234715
v -0.448385 0.228709 0.638240
v -0.487515 0.161066 0.599246
v -0.548365 0.122654 0.538609
v -0.621176 0.122026 0.466051
v -0.691605 0.156132 0.395867
v -0.754292 0.212668 0.329636
v -0.784725 0.269721 0.268543
v -0.796083 0.311464 0.245855
v -0.435063 0.311464 0.651515
v -0.448385 0.394219 0.638240
v -0.487515 0.461862 0.599246
v -0.548365 0.500274 0.538609
v -0.621176 0.500901 0.466051
v -0.691605 0.466795 0.395867
v -0.754292 0.410259 0.329635
v -0.784725 0.353207 0.268543
v -0.453552 0.231109 0.633091
v -0.491548 0.165428 0.595227
v -0.550632 0.128129 0.536348
v -0.621332 0.127520 0.465895
v -0.689718 0.160637 0.397747
v -0.750948 0.215533 0.333436
v -0.780754 0.270932 0.274115
v -0.791235 0.311464 0.252085
v -0.440617 0.311464 0.645981
v -0.453552 0.391819 0.633091
v -0.491548 0.457500 0.595227
v -0.550632 0.494798 0.536348
v -0.621332 0.495408 0.465895
v -0.689718 0.462291 0.397747
v -0.750948 0.407394 0.333436
v -0.780754 0.351996 0.274115
v -0.435149 0.231109 0.614624
v -0.473145 0.165428 0.576761
v -0.532229 0.128129 0.517881
v -0.602929 0.127520 0.447428
v -0.671315 0.160637 0.379280
v -0.726982 0.215533 0.314969
v -0.745687 0.270931 0.255648
v -0.754951 0.311464 0.233618
v -0.422214 0.311464 0.627514
v -0.435149 0.391819 0.614624
v -0.473145 0.457500 0.576760
v -0.532229 0.494798 0.517881
v -0.602929 0.495408 0.447428
v -0.671315 0.462291 0.379280
v -0.726982 0.407394 0.314969
v -0.745687 0.351996 0.255648
v -0.694633 0.353257 0.219660
v -0.689474 0.410378 0.280827
v -0.643201 0.466983 0.347138
v -0.572688 0.501129 0.417407
v -0.499789 0.500501 0.490051
v -0.438867 0.462043 0.550762
v -0.399689 0.394318 0.589803
v -0.703512 0.311551 0.196818
v -0.694633 0.269670 0.219661
v -0.689474 0.212549 0.280827
v -0.643201 0.155945 0.347138
v -0.572688 0.121798 0.417407
v -0.499789 0.122427 0.490051
v -0.438867 0.160885 0.550762
v -0.399689 0.228609 0.589803
v -0.386351 0.311464 0.603094
v -0.331227 0.220202 0.557304
v -0.374380 0.145606 0.514302
v -0.441484 0.103245 0.447432
v -0.521780 0.102553 0.367415
v -0.599448 0.140165 0.290017
v -0.641115 0.202513 0.216977
v -0.643493 0.266290 0.148340
v -0.652609 0.314605 0.119966
v -0.316536 0.311464 0.571944
v -0.331227 0.402725 0.557304
v -0.374380 0.477322 0.514302
v -0.441484 0.519682 0.447432
v -0.521780 0.520374 0.367415
v -0.599448 0.482763 0.290018
v -0.641115 0.420415 0.216977
v -0.643493 0.358357 0.148340
v -0.324595 0.220202 0.550649
v -0.367748 0.145606 0.507647
v -0.434853 0.103245 0.440776
v -0.515148 0.102553 0.360760
v -0.592816 0.140165 0.283362
v -0.635079 0.202513 0.210322
v -0.637321 0.266319 0.141642
v -0.645977 0.314605 0.113311
v -0.309904 0.311464 0.565289
v -0.324595 0.402725 0.550649
v -0.367748 0.477322 0.507647
v -0.434853 0.519682 0.440776
v -0.515148 0.520374 0.360760
v -0.592816 0.482763 0.283362
v -0.635079 0.420415 0.210322
v -0.637321 0.358387 0.141642
v -0.360285 0.230724 0.541157
v -0.349150 0.228526 0.539444
v -0.355000 0.230372 0.537367
v -0.398462 0.164727 0.503112
v -0.388367 0.160734 0.500364
v -0.393343 0.164088 0.499156
v -0.457830 0.127250 0.443951
v -0.449350 0.122237 0.439593
v -0.452970 0.126448 0.439737
v -0.528870 0.126638 0.373160
v -0.522322 0.121608 0.366876
v -0.524318 0.125833 0.368638
v -0.597584 0.159914 0.304685
v -0.592906 0.155789 0.296537
v -0.593331 0.159254 0.299865
v -0.635759 0.215074 0.240065
v -0.631738 0.212450 0.230159
v -0.631663 0.214654 0.234964
v -0.627995 0.271578 0.179223
v -0.625226 0.270630 0.167459
v -0.624065 0.271479 0.173747
v -0.631605 0.314605 0.153706
v -0.630924 0.314605 0.141575
v -0.627993 0.314605 0.148249
v -0.335799 0.311464 0.552749
v -0.347287 0.311464 0.554109
v -0.341945 0.311464 0.550376
v -0.349150 0.394401 0.539444
v -0.360285 0.392204 0.541157
v -0.355000 0.392556 0.537367
v -0.388367 0.462193 0.500364
v -0.398462 0.458200 0.503112
v -0.393343 0.458839 0.499156
v -0.449350 0.500690 0.439593
v -0.457830 0.495677 0.443951
v -0.452970 0.496480 0.439737
v -0.522322 0.501319 0.366875
v -0.528870 0.496290 0.373160
v -0.524318 0.497095 0.368638
v -0.592906 0.467138 0.296537
v -0.597584 0.463014 0.304685
v -0.593331 0.463674 0.299865
v -0.631738 0.410478 0.230159
v -0.635759 0.407854 0.240065
v -0.631663 0.408274 0.234964
v -0.625226 0.354300 0.167459
v -0.627995 0.353031 0.179223
v -0.624065 0.353287 0.173747
v -0.425797 0.221480 0.646702
v -0.468345 0.147928 0.604302
v -0.534510 0.106160 0.538368
v -0.613681 0.105478 0.459472
v -0.690262 0.142563 0.383157
v -0.755186 0.204038 0.311140
v -0.783800 0.266074 0.244710
v -0.799210 0.311464 0.220041
v -0.411310 0.311464 0.661137
v -0.425797 0.401448 0.646702
v -0.468345 0.475000 0.604302
v -0.534510 0.516768 0.538368
v -0.613681 0.517450 0.459472
v -0.690262 0.480365 0.383157
v -0.755186 0.418890 0.311140
v -0.783800 0.356853 0.244710
v -0.446107 0.229753 0.631459
v -0.484744 0.162963 0.592956
v -0.544826 0.125036 0.533084
v -0.616718 0.124416 0.461442
v -0.686258 0.158092 0.392144
v -0.747057 0.213915 0.326747
v -0.774803 0.270247 0.266425
v -0.460301 0.235973 0.645702
v -0.510540 0.174267 0.618843
v -0.577210 0.139227 0.565582
v -0.649210 0.138654 0.494048
v -0.712900 0.169766 0.418879
v -0.767296 0.221340 0.343752
v -0.787340 0.273385 0.273610
v -0.784929 0.311464 0.244024
v -0.480374 0.280195 0.665846
v -0.547021 0.254635 0.655451
v -0.623009 0.240121 0.611540
v -0.695162 0.239884 0.540159
v -0.750578 0.252771 0.456689
v -0.792622 0.274134 0.367800
v -0.803125 0.295691 0.283771
v -0.480374 0.342733 0.665846
v -0.547021 0.368293 0.655451
v -0.623009 0.382807 0.611540
v -0.695162 0.383044 0.540159
v -0.750578 0.370157 0.456689
v -0.792622 0.348794 0.367800
v -0.803125 0.327237 0.283771
v -0.432954 0.311464 0.644567
v -0.460301 0.386955 0.645702
v -0.510540 0.448660 0.618843
v -0.577210 0.483701 0.565582
v -0.649210 0.484273 0.494048
v -0.712900 0.453161 0.418879
v -0.767296 0.401587 0.343752
v -0.787340 0.349543 0.273610
v -0.446107 0.393175 0.631459
v -0.484744 0.459964 0.592956
v -0.544826 0.497892 0.533084
v -0.616718 0.498512 0.461442
v -0.686258 0.464836 0.392144
v -0.747057 0.409013 0.326747
v -0.774803 0.352680 0.266425
v 0.064439 0.632694 0.627327
v 0.064439 -0.004696 0.627328
v 0.181573 0.043822 0.627327
v 0.271223 0.133473 0.627327
v 0.319742 0.250606 0.627327
v 0.319742 0.377391 0.627327
v 0.271223 0.494525 0.627327
v 0.181573 0.584175 0.627327
v -0.062346 -0.004696 0.627328
v -0.062346 0.632694 0.627327
v -0.179480 0.043822 0.627327
v -0.269130 0.133473 0.627327
v -0.317648 0.250606 0.627327
v -0.317648 0.377391 0.627327
v -0.269130 0.494525 0.627327
v -0.179480 0.584175 0.627327
v 0.061074 0.615778 0.626903
v 0.061074 0.012219 0.626903
v 0.171991 0.058162 0.626903
v 0.256883 0.143054 0.626903
v 0.302826 0.253971 0.626903
v 0.302826 0.374026 0.626903
v 0.256883 0.484943 0.626903
v 0.171991 0.569835 0.626903
v -0.058981 0.012219 0.626903
v -0.058981 0.615778 0.626903
v -0.169898 0.058162 0.626903
v -0.254790 0.143054 0.626903
v -0.300733 0.253971 0.626903
v -0.300733 0.374026 0.626903
v -0.254790 0.484943 0.626903
v -0.169898 0.569835 0.626903
v -0.181918 0.040173 0.619325
v -0.181918 0.587824 0.619325
v -0.321953 0.249750 0.619325
v 0.184011 0.587824 0.619325
v -0.063202 -0.009001 0.619326
v -0.321953 0.378247 0.619325
v 0.184011 0.040173 0.619325
v -0.272779 0.496963 0.619325
v -0.272779 0.131034 0.619325
v -0.063202 0.636998 0.619325
v 0.065295 -0.009001 0.619326
v 0.324046 0.378247 0.619325
v 0.065295 0.636998 0.619325
v 0.274872 0.131034 0.619325
v 0.274872 0.496963 0.619325
v 0.324046 0.249750 0.619325
v 0.311284 0.252289 0.607708
v 0.062757 0.624236 0.607708
v 0.264053 0.489734 0.607708
v 0.264053 0.138263 0.607708
v -0.174689 0.050992 0.607708
v -0.309191 0.252289 0.607708
v -0.060663 0.003761 0.607708
v -0.261960 0.489734 0.607708
v -0.060663 0.624236 0.607708
v 0.062757 0.003761 0.607708
v -0.261960 0.138263 0.607708
v 0.311284 0.375709 0.607708
v -0.174689 0.577005 0.607708
v 0.176782 0.577005 0.607708
v -0.309191 0.375709 0.607708
v 0.176782 0.050992 0.607708
v 0.001047 0.022388 0.714154
v 0.112641 0.044586 0.714154
v 0.207246 0.107799 0.714154
v 0.270460 0.202404 0.714154
v 0.292657 0.313999 0.714154
v 0.270460 0.425593 0.714154
v 0.207246 0.520198 0.714154
v 0.112641 0.583411 0.714154
v 0.001047 0.605609 0.714154
v -0.110548 0.044586 0.714154
v -0.205153 0.107799 0.714154
v -0.268366 0.202404 0.714154
v -0.290564 0.313999 0.714154
v -0.268366 0.425593 0.714154
v -0.205153 0.520198 0.714154
v -0.110548 0.583411 0.714154
v 0.001047 0.022388 0.767431
v 0.001047 0.018980 0.775620
v 0.112641 0.044586 0.767431
v 0.113945 0.041437 0.775620
v 0.207246 0.107799 0.767431
v 0.209656 0.105389 0.775620
v 0.270460 0.202404 0.767431
v 0.273608 0.201100 0.775620
v 0.292657 0.313999 0.767431
v 0.296065 0.313999 0.775619
v 0.270460 0.425593 0.767431
v 0.273608 0.426898 0.775619
v 0.207246 0.520198 0.767431
v 0.209656 0.522608 0.775620
v 0.112641 0.583411 0.767431
v 0.113945 0.586560 0.775620
v 0.001047 0.605609 0.767431
v 0.001046 0.609017 0.775620
v -0.110548 0.044586 0.767431
v -0.111852 0.041437 0.775620
v -0.205153 0.107799 0.767431
v -0.207563 0.105389 0.775620
v -0.268366 0.202404 0.767431
v -0.271515 0.201100 0.775620
v -0.290564 0.313999 0.767431
v -0.293972 0.313999 0.775619
v -0.268366 0.425593 0.767431
v -0.271515 0.426898 0.775620
v -0.205153 0.520198 0.767431
v -0.207563 0.522608 0.775620
v -0.110548 0.583411 0.767431
v -0.111852 0.586560 0.775620
v -0.069474 0.484250 0.619525
v -0.129258 0.444304 0.619525
v -0.169205 0.384519 0.619525
v -0.183232 0.313999 0.619525
v -0.169205 0.243478 0.619525
v -0.129258 0.183694 0.619525
v -0.069474 0.143747 0.619525
v 0.001047 0.498278 0.619525
v 0.071567 0.484250 0.619525
v 0.131351 0.444304 0.619525
v 0.171298 0.384519 0.619525
v 0.185326 0.313999 0.619525
v 0.171298 0.243478 0.619525
v 0.131351 0.183694 0.619525
v 0.071567 0.143747 0.619525
v 0.001047 0.129720 0.619525
v 0.001047 -0.013928 0.777951
v 0.126539 0.011034 0.777951
v 0.232926 0.082119 0.777951
v 0.304012 0.188507 0.777951
v 0.328974 0.313999 0.777951
v 0.304012 0.439491 0.777951
v 0.232926 0.545878 0.777951
v 0.126539 0.616964 0.777951
v 0.001046 0.641926 0.777951
v -0.124446 0.011034 0.777951
v -0.230833 0.082119 0.777951
v -0.301919 0.188507 0.777951
v -0.326880 0.313999 0.777951
v -0.301919 0.439491 0.777951
v -0.230833 0.545878 0.777951
v -0.124446 0.616964 0.777951
v 0.001047 0.005070 0.683149
v 0.119269 0.028585 0.683149
v 0.219492 0.095553 0.683149
v 0.286460 0.195777 0.683149
v 0.309976 0.313999 0.683149
v 0.286460 0.432221 0.683149
v 0.219492 0.532444 0.683149
v 0.119269 0.599412 0.683148
v 0.001047 0.622928 0.683149
v -0.117175 0.028585 0.683149
v -0.217399 0.095553 0.683149
v -0.284367 0.195777 0.683149
v -0.307882 0.313999 0.683149
v -0.284367 0.432221 0.683149
v -0.217399 0.532445 0.683149
v -0.117175 0.599412 0.683149
v -0.113268 0.589978 0.619525
v -0.116220 0.597106 0.626872
v -0.115304 0.594894 0.621677
v -0.215634 0.530680 0.626872
v -0.210179 0.525224 0.619525
v -0.213941 0.528987 0.621677
v -0.274933 0.428313 0.619525
v -0.282061 0.431266 0.626872
v -0.279849 0.430349 0.621677
v -0.297671 0.313999 0.619525
v -0.305387 0.313999 0.626872
v -0.302992 0.313999 0.621677
v -0.282061 0.196732 0.626872
v -0.274933 0.199684 0.619525
v -0.279849 0.197648 0.621677
v -0.210179 0.102773 0.619525
v -0.215634 0.097318 0.626872
v -0.213941 0.099011 0.621677
v -0.116220 0.030891 0.626872
v -0.113268 0.038019 0.619525
v -0.115304 0.033104 0.621677
v 0.001046 0.620432 0.626872
v 0.001047 0.612717 0.619525
v 0.001046 0.618037 0.621677
v 0.115361 0.589978 0.619525
v 0.118314 0.597106 0.626872
v 0.117397 0.594894 0.621677
v 0.212272 0.525224 0.619525
v 0.217728 0.530680 0.626872
v 0.216034 0.528987 0.621677
v 0.284154 0.431266 0.626872
v 0.277026 0.428313 0.619525
v 0.281942 0.430349 0.621677
v 0.307480 0.313999 0.626872
v 0.299765 0.313999 0.619525
v 0.305085 0.313999 0.621677
v 0.277026 0.199684 0.619525
v 0.284154 0.196732 0.626872
v 0.281942 0.197648 0.621677
v 0.217728 0.097318 0.626872
v 0.212272 0.102773 0.619525
v 0.216034 0.099011 0.621677
v 0.115361 0.038019 0.619525
v 0.118314 0.030891 0.626872
v 0.117397 0.033104 0.621677
v 0.001047 0.007565 0.626872
v 0.001047 0.015280 0.619525
v 0.001047 0.009960 0.621677
v 0.001047 0.016646 0.770816
v 0.081510 0.039280 0.819193
v 0.149723 0.103738 0.860206
v 0.195302 0.200207 0.887609
v 0.211307 0.313999 0.897232
v 0.195302 0.427791 0.887609
v 0.149723 0.524259 0.860206
v 0.081510 0.588717 0.819193
v 0.114839 0.039280 0.770816
v 0.211307 0.103738 0.770816
v 0.275765 0.200207 0.770816
v 0.298399 0.313999 0.770816
v 0.275765 0.427791 0.770816
v 0.211307 0.524259 0.770816
v 0.114839 0.588717 0.770816
v 0.001047 0.039280 0.839232
v 0.001047 0.103738 0.897232
v 0.001047 0.200207 0.935986
v 0.001047 0.313999 0.949595
v 0.001047 0.427791 0.935986
v 0.001047 0.524259 0.897232
v 0.001047 0.588717 0.839232
v -0.079417 0.039280 0.819193
v -0.147630 0.103738 0.860206
v -0.193209 0.200207 0.887609
v -0.209214 0.313999 0.897232
v -0.193209 0.427791 0.887609
v -0.147630 0.524259 0.860206
v -0.079417 0.588717 0.819193
v 0.001046 0.611352 0.770816
v -0.112746 0.039280 0.770816
v -0.209214 0.103738 0.770816
v -0.273672 0.200207 0.770816
v -0.296306 0.313999 0.770816
v -0.273672 0.427791 0.770816
v -0.209214 0.524259 0.770816
v -0.112746 0.588717 0.770816
v 0.613623 0.529482 -0.093450
v 0.531576 0.529482 -0.399651
v 0.307422 0.529482 -0.623806
v 0.001221 0.529482 -0.705852
v -0.304980 0.529482 -0.623806
v -0.529135 0.529482 -0.399651
v -0.611181 0.529482 -0.093450
v -0.529135 0.529481 0.212751
v -0.304980 0.529481 0.436906
v 0.001221 0.529481 0.518952
v 0.307422 0.529481 0.436906
v 0.531576 0.529481 0.212751
v 0.613623 0.134390 -0.093450
v 0.531576 0.134390 -0.399651
v 0.307422 0.134390 -0.623806
v 0.001221 0.134390 -0.705852
v -0.304980 0.134390 -0.623806
v -0.529135 0.134390 -0.399651
v -0.611181 0.134390 -0.093450
v -0.529135 0.134390 0.212751
v -0.304980 0.134390 0.436906
v 0.001221 0.134390 0.518952
v 0.307422 0.134390 0.436906
v 0.531576 0.134390 0.212751
v 0.700861 0.534914 -0.093450
v 0.607127 0.534914 -0.443271
v 0.351041 0.534914 -0.699357
v 0.001221 0.534912 -0.793091
v -0.348599 0.534914 -0.699357
v -0.604686 0.534914 -0.443270
v -0.698420 0.534914 -0.093450
v -0.604686 0.534914 0.256371
v -0.348599 0.534914 0.512456
v 0.001221 0.534914 0.606191
v 0.351041 0.534914 0.512456
v 0.607127 0.534914 0.256370
v 0.700861 0.128958 -0.093450
v 0.607127 0.128958 -0.443270
v 0.351041 0.128958 -0.699357
v 0.001221 0.128956 -0.793091
v -0.348599 0.128958 -0.699357
v -0.604686 0.128958 -0.443270
v -0.698420 0.128958 -0.093450
v -0.604686 0.128957 0.256371
v -0.348599 0.128957 0.512457
v 0.001221 0.128957 0.606191
v 0.351041 0.128957 0.512457
v 0.607127 0.128957 0.256371
v 0.569352 0.549999 -0.421461
v 0.329231 0.549999 0.474681
v 0.569352 0.549999 0.234560
v 0.001221 0.549999 -0.749471
v -0.326790 0.549999 0.474681
v -0.566910 0.549999 -0.421461
v 0.001221 0.550000 0.562572
v -0.326790 0.549999 -0.661581
v -0.566911 0.549999 0.234560
v 0.329232 0.549999 -0.661581
v 0.657243 0.549999 -0.093450
v -0.654800 0.549999 -0.093450
v -0.566910 0.117899 -0.421461
v 0.001221 0.117899 0.562572
v -0.326790 0.117899 -0.661581
v -0.566911 0.117899 0.234560
v -0.326790 0.117899 0.474681
v 0.329232 0.117899 -0.661581
v 0.657243 0.117899 -0.093450
v -0.654800 0.117899 -0.093450
v 0.569352 0.117899 -0.421461
v 0.569352 0.117899 0.234561
v 0.001221 0.117897 -0.749471
v 0.329231 0.117899 0.474681
vt 0.261683 0.484847
vt 0.776486 0.350192
vt 0.015020 0.009182
vt 0.578029 0.108712
vt 0.782456 0.011421
vt 0.008740 0.578279
vt 0.333319 0.129190
vt 0.521224 0.309147
vt 0.448489 0.240536
vt 0.263575 0.164569
vt 0.272635 0.195761
vt 0.324702 0.151876
vt 0.347392 0.203641
vt 0.325839 0.152235
vt 0.232631 0.662430
vt 0.132659 0.665222
vt 0.346778 0.225080
vt 0.234590 0.499751
vt 0.587122 0.159061
vt 0.303417 0.250171
vt 0.321000 0.390360
vt 0.510954 0.378496
vt 0.728846 0.180923
vt 0.739706 0.107579
vt 0.485777 0.249511
vt 0.467561 0.166839
vt 0.472729 0.206043
vt 0.448775 0.144411
vt 0.419657 0.140030
vt 0.365071 0.710137
vt 0.383568 0.692889
vt 0.365466 0.609376
vt 0.499968 0.319208
vt 0.680682 0.514534
vt 0.659568 0.252445
vt 0.855990 0.858377
vt 0.657766 0.223072
vt 0.515127 0.301809
vt 0.660894 0.483768
vt 0.666569 0.200329
vt 0.489053 0.585178
vt 0.468429 0.466112
vt 0.475662 0.467259
vt 0.524858 0.393647
vt 0.641811 0.434977
vt 0.462448 0.571996
vt 0.257383 0.509346
vt 0.380648 0.563182
vt 0.471414 0.205931
vt 0.425999 0.115083
vt 0.462449 0.234048
vt 0.286251 0.624997
vt 0.317672 0.590783
vt 0.368821 0.701351
vt 0.695579 0.512927
vt 0.506939 0.262457
vt 0.693140 0.483662
vt 0.678015 0.395255
vt 0.018123 0.090204
vt 0.490764 0.306390
vt 0.004218 0.257418
vt 0.264677 0.664624
vt 0.645441 0.278374
vt 0.502002 0.604482
vt 0.471770 0.486140
vt 0.548950 0.633763
vt 0.855249 0.811424
vt 0.657584 0.279052
vt 0.446984 0.579161
vt 0.448692 0.526385
vt 0.520875 0.628193
vt 0.469170 0.505116
vt 0.548949 0.295816
vt 0.383568 0.664741
vt 0.678834 0.365276
vt 0.320280 0.273324
vt 0.133026 0.583856
vt 0.462778 0.185304
vt 0.542054 0.316200
vt 0.748060 0.083843
vt 0.475661 0.129311
vt 0.484979 0.224472
vt 0.446943 0.093726
vt 0.686355 0.543374
vt 0.494689 0.243862
vt 0.549359 0.103711
vt 0.134044 0.090258
vt 0.520874 0.290245
vt 0.286620 0.169362
vt 0.419658 0.477977
vt 0.652826 0.359006
vt 0.524132 0.392651
vt 0.506229 0.410551
vt 0.477304 0.149118
vt 0.445780 0.241551
vt 0.485472 0.317884
vt 0.493781 0.328388
vt 0.474356 0.285940
vt 0.296304 0.589022
vt 0.122762 0.340323
vt 0.547598 0.300118
vt 0.786727 0.017266
vt 0.493417 0.020463
vt 0.357603 0.008606
vt 0.012383 0.823836
vt 0.684266 0.156588
vt 0.487676 0.276979
vt 0.012396 0.907335
vt 0.448692 0.188438
vt 0.438377 0.215950
vt 0.479790 0.564639
vt 0.482342 0.448717
vt 0.427708 0.479155
vt 0.291081 0.547145
vt 0.365071 0.580323
vt 0.454116 0.460738
vt 0.469320 0.524248
vt 0.500000 0.301071
vt 0.645889 0.305595
vt 0.658361 0.459493
vt 0.524765 0.297457
vt 0.120641 0.744797
vt 0.473681 0.287078
vt 0.282452 0.196805
vt 0.758344 0.301656
vt 0.843505 0.845431
vt 0.653039 0.460134
vt 0.462110 0.503842
vt 0.869142 0.832526
vt 0.831642 0.832767
vt 0.848043 0.833243
vt 0.267653 0.506996
vt 0.511339 0.640995
vt 0.669421 0.560966
vt 0.663593 0.483522
vt 0.786727 0.344579
vt 0.009150 0.994550
vt 0.334194 0.101229
vt 0.327986 0.386418
vt 0.368934 0.013894
vt 0.383570 0.423436
vt 0.487528 0.316407
vt 0.462618 0.101675
vt 0.753528 0.304114
vt 0.665484 0.561924
vt 0.493782 0.666338
vt 0.416979 0.477605
vt 0.296969 0.511125
vt 0.478300 0.284902
vt 0.497875 0.364175
vt 0.264677 0.534811
vt 0.512428 0.311932
vt 0.736919 0.230863
vt 0.719972 0.180923
vt 0.514370 0.282383
vt 0.690032 0.542897
vt 0.469322 0.293185
vt 0.319624 0.620401
vt 0.682897 0.365397
vt 0.290159 0.470684
vt 0.543698 0.032819
vt 0.747208 0.108722
vt 0.524857 0.055697
vt 0.521534 0.010568
vt 0.321786 0.060805
vt 0.644374 0.331845
vt 0.348457 0.041908
vt 0.615807 0.000749
vt 0.021698 0.497835
vt 0.770496 0.326456
vt 0.471770 0.148192
vt 0.706725 0.240881
vt 0.696848 0.239179
vt 0.234484 0.173464
vt 0.303267 0.198460
vt 0.467845 0.523950
vt 0.489933 0.584534
vt 0.498905 0.658702
vt 0.293971 0.112555
vt 0.674432 0.111506
vt 0.715811 0.656022
vt 0.351799 0.268011
vt 0.478662 0.564859
vt 0.492724 0.430007
vt 0.448488 0.578484
vt 0.476700 0.314663
vt 0.472353 0.381560
vt 0.539279 0.667055
vt 0.675457 0.560176
vt 0.464176 0.484865
vt 0.461004 0.408510
vt 0.529861 0.632203
vt 0.687837 0.365575
vt 0.692897 0.304339
vt 0.579513 0.133737
vt 0.336473 0.416099
vt 0.376877 0.666423
vt 0.477304 0.487066
vt 0.758344 0.060190
vt 0.429471 0.216528
vt 0.429618 0.141493
vt 0.710069 0.174169
vt 0.678452 0.334519
vt 0.315223 0.199599
vt 0.315278 0.224172
vt 0.122357 0.665103
vt 0.357502 0.289085
vt 0.130854 0.909956
vt 0.286251 0.495183
vt 0.314149 0.360947
vt 0.502251 0.633503
vt 0.142557 0.665339
vt 0.335346 0.636183
vt 0.529861 0.294256
vt 0.267653 0.636809
vt 0.479791 0.226691
vt 0.348847 0.558490
vt 0.436716 0.554363
vt 0.648227 0.358007
vt 0.438377 0.553897
vt 0.772161 0.324747
vt 0.524765 0.635404
vt 0.279569 0.480470
vt 0.433543 0.454473
vt 0.529046 0.398350
vt 0.447180 0.504384
vt 0.282582 0.556247
vt 0.665343 0.172460
vt 0.669395 0.173732
vt 0.663205 0.171625
vt 0.645283 0.237400
vt 0.335346 0.506370
vt 0.441111 0.580708
vt 0.474355 0.623888
vt 0.458764 0.264726
vt 0.499291 0.308760
vt 0.398666 0.365989
vt 0.499786 0.028563
vt 0.274780 0.195987
vt 0.671049 0.029015
vt 0.790523 0.003166
vt 0.007248 0.659523
vt 0.511877 0.415263
vt 0.005595 0.742239
vt 0.256973 0.004180
vt 0.296969 0.640939
vt 0.124322 0.006303
vt 0.738201 0.180923
vt 0.772161 0.037098
vt 0.462110 0.165894
vt 0.491725 0.059628
vt 0.690019 0.238086
vt 0.365466 0.479563
vt 0.719562 0.101896
vt 0.144166 0.583973
vt 0.733519 0.154804
vt 0.307249 0.275985
vt 0.502320 0.070190
vt 0.687643 0.454085
vt 0.296031 0.583013
vt 0.709913 0.629004
vt 0.436716 0.216416
vt 0.335949 0.320927
vt 0.267640 0.485609
vt 0.462777 0.523252
vt 0.814857 0.839927
vt 0.807432 0.843364
vt 0.641767 0.332233
vt 0.824469 0.858378
vt 0.670953 0.533956
vt 0.827750 0.806560
vt 0.836073 0.841175
vt 0.808714 0.819506
vt 0.524180 0.286365
vt 0.275597 0.657927
vt 0.279569 0.610284
vt 0.111613 0.991728
vt 0.144491 0.089756
vt 0.122817 0.995705
vt 0.783668 0.013798
vt 0.025184 0.012779
vt 0.782115 0.000426
vt 0.344325 0.345251
vt 0.257383 0.224484
vt 0.706237 0.172424
vt 0.372868 0.124533
vt 0.345731 0.107925
vt 0.618492 0.171215
vt 0.502251 0.295555
vt 0.290159 0.600498
vt 0.019098 0.339350
vt 0.678148 0.484830
vt 0.697038 0.272549
vt 0.016252 0.257157
vt 0.429822 0.504449
vt 0.487528 0.654356
vt 0.764464 0.299065
vt 0.534758 0.335469
vt 0.479330 0.048288
vt 0.311706 0.657824
vt 0.348847 0.688303
vt 0.378220 0.634958
vt 0.333332 0.350934
vt 0.278775 0.281915
vt 0.415606 0.079407
vt 0.320828 0.580733
vt 0.742556 0.107904
vt 0.764464 0.062781
vt 0.480785 0.110545
vt 0.482341 0.110769
vt 0.472352 0.043611
vt 0.733690 0.257316
vt 0.433543 0.116526
vt 0.437204 0.117406
vt 0.470399 0.041749
vt 0.435373 0.116863
vt 0.538856 0.330612
vt 0.693399 0.602690
vt 0.702274 0.240059
vt 0.706264 0.658790
vt 0.144366 0.340232
vt 0.457967 0.069064
vt 0.307011 0.364409
vt 0.597872 0.142404
vt 0.346774 0.108551
vt 0.374573 0.696044
vt 0.365385 0.309643
vt 0.474872 0.523877
vt 0.826110 0.832469
vt 0.538113 0.669580
vt 0.474603 0.565822
vt 0.514370 0.620331
vt 0.521536 0.348518
vt 0.754957 0.276394
vt 0.733862 0.130651
vt 0.782115 0.361420
vt 0.726902 0.233337
vt 0.502547 0.265418
vt 0.733690 0.104530
vt 0.449881 0.065590
vt 0.258987 0.194302
vt 0.141893 0.910408
vt 0.294202 0.079762
vt 0.121076 0.257060
vt 0.501068 0.317620
vt 0.419402 0.191271
vt 0.715101 0.174826
vt 0.308462 0.087373
vt 0.594489 0.059914
vt 0.475035 0.418492
vt 0.514256 0.662728
vt 0.701397 0.273219
vt 0.378554 0.067754
vt 0.452048 0.067192
vt 0.534277 0.337745
vt 0.549359 0.069524
vt 0.648259 0.383388
vt 0.646650 0.251273
vt 0.469321 0.631133
vt 0.494546 0.292492
vt 0.487676 0.614927
vt 0.320829 0.450920
vt 0.730234 0.154528
vt 0.282582 0.686060
vt 0.338095 0.600331
vt 0.276629 0.282324
vt 0.583294 0.083647
vt 0.455249 0.267375
vt 0.539278 0.329108
vt 0.584655 0.014832
vt 0.133729 0.340274
vt 0.295106 0.337665
vt 0.302114 0.224260
vt 0.307220 0.173117
vt 0.270151 0.314677
vt 0.313500 0.148402
vt 0.397731 0.409865
vt 0.349400 0.654398
vt 0.748060 0.278003
vt 0.703241 0.570583
vt 0.699217 0.571230
vt 0.514086 0.621783
vt 0.463650 0.327324
vt 0.659785 0.510094
vt 0.553681 0.301143
vt 0.659556 0.433629
vt 0.512650 0.626426
vt 0.657298 0.536559
vt 0.519412 0.340115
vt 0.481232 0.468922
vt 0.461073 0.601140
vt 0.492723 0.092058
vt 0.334416 0.129681
vt 0.796970 0.853513
vt 0.379206 0.706744
vt 0.132321 0.257094
vt 0.317672 0.460970
vt 0.416016 0.503581
vt 0.448775 0.482358
vt 0.490764 0.644339
vt 0.379206 0.576931
vt 0.663265 0.227064
vt 0.485777 0.587459
vt 0.374573 0.566231
vt 0.538858 0.668559
vt 0.365373 0.577413
vt 0.502321 0.408139
vt 0.376661 0.065771
vt 0.235800 0.420895
vt 0.132382 0.172889
vt 0.334798 0.321393
vt 0.295963 0.113404
vt 0.315383 0.091186
vt 0.368523 0.639525
vt 0.713726 0.628240
vt 0.475067 0.167539
vt 0.426152 0.504222
vt 0.362753 0.545405
vt 0.462726 0.268752
vt 0.543699 0.370769
vt 0.467561 0.504787
vt 0.474005 0.467030
vt 0.423448 0.452169
vt 0.487638 0.451187
vt 0.473971 0.593767
vt 0.376877 0.536610
vt 0.711337 0.656649
vt 0.312653 0.691406
vt 0.608702 0.125623
vt 0.538111 0.331633
vt 0.741895 0.230208
vt 0.770496 0.035390
vt 0.521407 0.051150
vt 0.498639 0.027248
vt 0.789281 0.000205
vt 0.517787 0.000205
vt 0.345083 0.000205
vt 0.650430 0.000205
vt 0.246045 0.000205
vt 0.643158 0.383658
vt 0.528629 0.294881
vt 0.741895 0.131638
vt 0.736919 0.130983
vt 0.435265 0.216456
vt 0.708129 0.599819
vt 0.427956 0.166484
vt 0.326377 0.297577
vt 0.286116 0.140207
vt 0.316422 0.199710
vt 0.521225 0.647095
vt 0.244545 0.907325
vt 0.682750 0.454325
vt 0.517744 0.632357
vt 0.470017 0.485842
vt 0.547599 0.638064
vt 0.458764 0.602674
vt 0.494952 0.664461
vt 0.446319 0.301000
vt 0.527360 0.302037
vt 0.660694 0.226368
vt 0.640630 0.408773
vt 0.663265 0.562567
vt 0.659930 0.536542
vt 0.546835 0.300857
vt 0.502002 0.266534
vt 0.019175 0.659707
vt 0.348234 0.246608
vt 0.730234 0.207317
vt 0.270973 0.135506
vt 0.281285 0.107248
vt 0.384807 0.349765
vt 0.145070 0.421000
vt 0.131358 0.744699
vt 0.244135 0.662585
vt 0.235206 0.343076
vt 0.248280 0.089295
vt 0.548950 0.382282
vt 0.304417 0.608511
vt 0.475617 0.284956
vt 0.632174 0.024813
vt 0.296304 0.459209
vt 0.256973 0.992213
vt 0.742891 0.281220
vt 0.505454 0.309651
vt 0.507331 0.411174
vt 0.498640 0.365197
vt 0.485963 0.310375
vt 0.475538 0.447437
vt 0.275597 0.528113
vt 0.656529 0.433859
vt 0.668393 0.534571
vt 0.655653 0.332736
vt 0.476831 0.384309
vt 0.319053 0.391459
vt 0.007909 0.339945
vt 0.687722 0.303825
vt 0.532123 0.022350
vt 0.495064 0.022339
vt 0.015002 0.173976
vt 0.001426 0.823526
vt 0.698480 0.205030
vt 0.722414 0.153433
vt 0.464176 0.146918
vt 0.318630 0.175405
vt 0.437205 0.455353
vt 0.336903 0.578523
vt 0.473680 0.625027
vt 0.474604 0.227874
vt 0.782456 0.350425
vt 0.245773 0.499869
vt 0.534760 0.673417
vt 0.435374 0.454811
vt 0.459711 0.601985
vt 0.655527 0.359072
vt 0.486603 0.428127
vt 0.470401 0.379698
vt 0.796230 0.806560
vt 0.653779 0.305979
vt 0.446944 0.431674
vt 0.793238 0.354930
vt 0.498904 0.320754
vt 0.373749 0.389966
vt 0.681169 0.303199
vt 0.292509 0.371569
vt 0.486602 0.090179
vt 0.428663 0.191257
vt 0.681995 0.395262
vt 0.719562 0.067709
vt 0.246009 0.342983
vt 0.453288 0.268584
vt 0.247058 0.258696
vt 0.273310 0.224570
vt 0.423447 0.114221
vt 0.691750 0.453913
vt 0.484978 0.562419
vt 0.520573 0.347159
vt 0.449883 0.403538
vt 0.296031 0.453200
vt 0.345581 0.460181
vt 0.732524 0.180923
vt 0.514086 0.283835
vt 0.517743 0.294410
vt 0.511339 0.303047
vt 0.416016 0.165634
vt 0.320968 0.175868
vt 0.020708 0.418088
vt 0.358918 0.086189
vt 0.742556 0.253942
vt 0.396832 0.411164
vt 0.267640 0.615423
vt 0.663591 0.198179
vt 0.673036 0.174145
vt 0.675457 0.174528
vt 0.648298 0.237840
vt 0.659411 0.197971
vt 0.660598 0.239634
vt 0.662971 0.239979
vt 0.666841 0.507935
vt 0.654603 0.238760
vt 0.657147 0.198221
vt 0.474005 0.129082
vt 0.481232 0.130974
vt 0.360936 0.087753
vt 0.636747 0.146607
vt 0.131023 0.826014
vt 0.119287 0.909670
vt 0.261683 0.614661
vt 0.325190 0.297937
vt 0.415606 0.379237
vt 0.380648 0.692996
vt 0.704196 0.600515
vt 0.664181 0.508409
vt 0.672913 0.560647
vt 0.502546 0.603365
vt 0.512852 0.663706
vt 0.368821 0.571538
vt 0.493098 0.300699
vt 0.487572 0.290211
vt 0.506588 0.669841
vt 0.497658 0.433330
vt 0.531637 0.628131
vt 0.434229 0.427755
vt 0.747209 0.253123
vt 0.242277 0.745496
vt 0.694834 0.542215
vt 0.400193 0.046622
vt 0.689905 0.335265
vt 0.514255 0.324779
vt 0.683465 0.303436
vt 0.563126 0.135484
vt 0.346735 0.374669
vt 0.362934 0.398552
vt 0.453697 0.210989
vt 0.511876 0.077313
vt 0.432109 0.191168
vt 0.454115 0.122790
vt 0.698698 0.541707
vt 0.282369 0.252616
vt 0.274602 0.253315
vt 0.122950 0.090837
vt 0.236802 0.088576
vt 0.357325 0.367934
vt 0.114098 0.010253
vt 0.429822 0.166502
vt 0.502047 0.268751
vt 0.536350 0.274819
vt 0.521408 0.389099
vt 0.480786 0.448493
vt 0.427137 0.555343
vt 0.438982 0.581797
vt 0.466783 0.543796
vt 0.421909 0.528675
vt 0.650895 0.485501
vt 0.494689 0.581810
vt 0.519998 0.291380
vt 0.281060 0.224634
vt 0.231390 0.745621
vt 0.333636 0.321865
vt 0.245367 0.996897
vt 0.135111 0.420985
vt 0.245712 0.420905
vt 0.398676 0.091649
vt 0.520571 0.009209
vt 0.327142 0.026944
vt 0.684300 0.484328
vt 0.431462 0.141770
vt 0.544807 0.037976
vt 0.426152 0.166276
vt 0.681750 0.424549
vt 0.692386 0.238485
vt 0.383701 0.106092
vt 0.690771 0.395364
vt 0.366914 0.056557
vt 0.430320 0.191396
vt 0.257383 0.639160
vt 0.317769 0.248670
vt 0.348759 0.078553
vt 0.676640 0.365184
vt 0.335499 0.130169
vt 0.455248 0.605323
vt 0.329001 0.543494
vt 0.519998 0.629328
vt 0.650164 0.305752
vt 0.647879 0.485669
vt 0.477864 0.542678
vt 0.654950 0.510446
vt 0.477980 0.385047
vt 0.804177 0.831694
vt 0.783077 0.832411
vt 0.467846 0.186002
vt 0.705127 0.630076
vt 0.286460 0.280465
vt 0.789281 0.361641
vt 0.489569 0.307696
vt 0.690892 0.062708
vt 0.124766 0.420990
vt 0.776486 0.011654
vt 0.326963 0.152593
vt 0.693987 0.335595
vt 0.739706 0.254267
vt 0.703133 0.205960
vt 0.419401 0.529218
vt 0.443518 0.092577
vt 0.441112 0.242761
vt 0.416979 0.139658
vt 0.314065 0.224178
vt 0.134454 0.999795
vt 0.305022 0.365377
vt 0.650560 0.224501
vt 0.507096 0.667694
vt 0.699431 0.631380
vt 0.484873 0.300334
vt 0.521700 0.317241
vt 0.657337 0.407942
vt 0.738943 0.206612
vt 0.783668 0.348048
vt 0.760451 0.300794
vt 0.518366 0.279287
vt 0.474873 0.185929
vt 0.477978 0.047098
vt 0.274695 0.594347
vt 0.293176 0.307933
vt 0.359935 0.086973
vt 0.322484 0.124441
vt 0.272433 0.253514
vt 0.389697 0.034124
vt 0.676302 0.454590
vt 0.760451 0.061052
vt 0.548949 0.044332
vt 0.476830 0.046360
vt 0.695536 0.602283
vt 0.660219 0.045797
vt 0.838236 0.833060
vt 0.000205 0.907801
vt 0.664531 0.536104
vt 0.447180 0.166436
vt 0.427707 0.141208
vt 0.271145 0.224556
vt 0.344674 0.107296
vt 0.330480 0.066556
vt 0.708157 0.658124
vt 0.303083 0.116479
vt 0.443519 0.430524
vt 0.461003 0.070561
vt 0.691986 0.365787
vt 0.457969 0.407012
vt 0.311706 0.528011
vt 0.479331 0.386237
vt 0.647538 0.279263
vt 0.652054 0.510416
vt 0.499968 0.657157
vt 0.514037 0.291767
vt 0.643396 0.358390
vt 0.471337 0.629806
vt 0.355816 0.487304
vt 0.499806 0.270436
vt 0.319806 0.175636
vt 0.650674 0.434304
vt 0.738943 0.155234
vt 0.284062 0.139562
vt 0.233742 0.580843
vt 0.359504 0.366492
vt 0.680693 0.334682
vt 0.701425 0.630930
vt 0.431462 0.479717
vt 0.493419 0.358413
vt 0.006246 0.089471
vt 0.355816 0.617117
vt 0.690237 0.572704
vt 0.644602 0.461057
vt 0.489569 0.645644
vt 0.274695 0.464533
vt 0.485472 0.655833
vt 0.491726 0.397577
vt 0.537274 0.333391
vt 0.648946 0.331570
vt 0.722414 0.208413
vt 0.512650 0.288478
vt 0.775709 0.322130
vt 0.232861 0.825800
vt 0.512850 0.325758
vt 0.793238 0.006916
vt 0.019468 0.578453
vt 0.427956 0.504431
vt 0.418661 0.503446
vt 0.428663 0.529204
vt 0.820577 0.832170
vt 0.816147 0.823763
vt 0.821738 0.825591
vt 0.837362 0.825010
vt 0.844788 0.821573
vt 0.647693 0.460732
vt 0.656903 0.252378
vt 0.472729 0.543991
vt 0.418661 0.165499
vt 0.434228 0.089807
vt 0.285623 0.310104
vt 0.143205 0.257066
vt 0.134229 0.501364
vt 0.515024 0.661191
vt 0.121580 0.583771
vt 0.657417 0.131484
vt 0.302464 0.334810
vt 0.645024 0.434733
vt 0.640152 0.383948
vt 0.475616 0.622904
vt 0.542055 0.654147
vt 0.453696 0.548937
vt 0.520261 0.345779
vt 0.813984 0.831877
vt 0.524180 0.624312
vt 0.651559 0.280262
vt 0.518366 0.617235
vt 0.689189 0.483928
vt 0.329001 0.673307
vt 0.500709 0.293382
vt 0.691552 0.513319
vt 0.697148 0.304857
vt 0.378220 0.505145
vt 0.283516 0.310713
vt 0.466784 0.205849
vt 0.427137 0.217396
vt 0.316478 0.224170
vt 0.317608 0.199822
vt 0.245244 0.173542
vt 0.365374 0.707226
vt 0.708629 0.206979
vt 0.678477 0.454502
vt 0.141818 0.825873
vt 0.684848 0.334932
vt 0.338095 0.470518
vt 0.471338 0.291858
vt 0.506926 0.293241
vt 0.429470 0.554475
vt 0.653150 0.254704
vt 0.648894 0.252936
vt 0.339051 0.571932
vt 0.436604 0.429017
vt 0.304417 0.478698
vt 0.497953 0.333392
vt 0.733862 0.231195
vt 0.461073 0.263193
vt 0.313563 0.301488
vt 0.359485 0.440231
vt 0.143710 0.173011
vt 0.293465 0.142539
vt 0.719562 0.655773
vt 0.321472 0.273086
vt 0.764868 0.034436
vt 0.750601 0.084309
vt 0.742891 0.080626
vt 0.753528 0.057731
vt 0.524132 0.054702
vt 0.475537 0.109489
vt 0.506228 0.072602
vt 0.507330 0.073225
vt 0.497657 0.095382
vt 0.520259 0.007830
vt 0.475034 0.080544
vt 0.315352 0.248916
vt 0.316567 0.248791
vt 0.293053 0.338465
vt 0.141753 0.744598
vt 0.307348 0.700816
vt 0.515023 0.323243
vt 0.459445 0.069561
vt 0.682837 0.514313
vt 0.501069 0.655568
vt 0.661242 0.459355
vt 0.656286 0.306201
vt 0.499806 0.608383
vt 0.528629 0.632829
vt 0.546836 0.638803
vt 0.475067 0.505486
vt 0.491344 0.429659
vt 0.655979 0.484998
vt 0.445779 0.579499
vt 0.754957 0.085451
vt 0.309684 0.053197
vt 0.327552 0.297223
vt 0.685627 0.087773
vt 0.647884 0.064911
vt 0.339051 0.701745
vt 0.719562 0.175045
vt 0.276974 0.167355
vt 0.653114 0.170670
vt 0.123336 0.501373
vt 0.319074 0.273568
vt 0.345456 0.344666
vt 0.675877 0.424614
vt 0.687365 0.271309
vt 0.291082 0.676959
vt 0.656009 0.383696
vt 0.668964 0.201031
vt 0.472640 0.300106
vt 0.493074 0.308901
vt 0.532124 0.360300
vt 0.432108 0.529115
vt 0.462619 0.439624
vt 0.368523 0.509712
vt 0.506587 0.331892
vt 0.690622 0.424342
vt 0.678022 0.424590
vt 0.494952 0.326512
vt 0.375559 0.329547
vt 0.634461 0.085710
vt 0.383568 0.534928
vt 0.497873 0.026225
vt 0.017049 0.742385
vt 0.487637 0.113239
vt 0.468428 0.128164
vt 0.477864 0.204730
vt 0.529046 0.060401
vt 0.446985 0.241213
vt 0.699437 0.601477
vt 0.713183 0.207869
vt 0.375871 0.388115
vt 0.358421 0.367208
vt 0.243087 0.825642
vt 0.354674 0.162038
vt 0.322287 0.326508
vt 0.345581 0.589995
vt 0.531637 0.290184
vt 0.706795 0.132392
vt 0.334467 0.417251
vt 0.643735 0.408627
vt 0.831662 0.826192
vt 0.830482 0.839346
vt 0.826678 0.826305
vt 0.825541 0.838632
vt 0.653184 0.223550
vt 0.655064 0.279041
vt 0.544808 0.375926
vt 0.649110 0.408411
vt 0.820558 0.838745
vt 0.686848 0.395286
vt 0.322304 0.424376
vt 0.621037 0.106509
vt 0.613332 0.155563
vt 0.686766 0.513860
vt 0.775709 0.039716
vt 0.703887 0.171625
vt 0.306525 0.086322
vt 0.144793 0.501370
vt 0.233326 0.908090
vt 0.244040 0.580951
vt 0.459446 0.407509
vt 0.750601 0.277536
vt 0.349165 0.443744
vt 0.684981 0.270980
vt 0.764868 0.327410
vt 0.319625 0.490588
vt 0.435265 0.554403
vt 0.523300 0.287480
vt 0.654468 0.408241
vt 0.471414 0.543878
vt 0.545012 0.377404
vt 0.495066 0.360288
vt 0.506902 0.301444
vt 0.489162 0.647354
vt 0.429618 0.479441
vt 0.119900 0.826167
vt 0.790522 0.358680
vt 0.545011 0.039454
vt 0.510953 0.040547
vt 0.339348 0.035310
vt 0.341323 0.036683
vt 0.401754 0.049179
vt 0.337064 0.450510
vt 0.401048 0.047876
vt 0.655589 0.015857
vt 0.611503 0.039936
vt 0.562126 0.039028
vt 0.235216 0.258731
vt 0.374812 0.389043
vt 0.491343 0.091711
vt 0.280084 0.343630
vt 0.258633 0.254814
vt 0.459712 0.264037
vt 0.499788 0.366512
vt 0.312653 0.561593
vt 0.506939 0.600404
vt 0.349400 0.524585
vt 0.653304 0.383860
vt 0.643588 0.305552
vt 0.544208 0.641698
vt 0.445223 0.430894
vt 0.733519 0.207041
vt 0.507095 0.329745
vt 0.336903 0.708336
vt 0.350013 0.182544
vt 0.453287 0.606532
vt 0.306906 0.398380
vt 0.696077 0.204535
vt 0.362754 0.675218
vt 0.361287 0.142347
vt 0.351262 0.442782
vt 0.359714 0.009818
vt 0.010039 0.497757
vt 0.010225 0.418241
vt 0.469170 0.167168
vt 0.473971 0.255819
vt 0.470017 0.147894
vt 0.436603 0.091069
vt 0.438984 0.243850
vt 0.705796 0.035936
vt 0.688133 0.573032
vt 0.263006 0.284953
vt 0.544207 0.303751
vt 0.279080 0.167790
vt 0.478663 0.226912
vt 0.489162 0.309405
vt 0.452050 0.405140
vt 0.426000 0.453031
vt 0.640539 0.358857
vt 0.517788 0.338155
vt 0.430319 0.529344
vt 0.653034 0.332507
vt 0.383568 0.563076
vt 0.489934 0.246587
vt 0.469320 0.186301
vt 0.421910 0.190728
vt 0.346576 0.344091
vt 0.020824 0.990432
vt 0.691730 0.271852
vt 0.684241 0.543650
vt 0.343421 0.412065
vt 0.323689 0.062042
vt 0.681799 0.012359
vt 0.134832 0.002067
vt 0.519411 0.002165
vt 0.003884 0.173816
vt 0.395817 0.412350
vt 0.726902 0.128509
vt 0.489053 0.247230
vt 0.445222 0.092947
vt 0.534279 0.675693
vt 0.689408 0.037683
vt 0.686624 0.424430
vt 0.694427 0.572037
vt 0.377621 0.066769
vt 0.680285 0.484675
vt 0.120745 0.172765
vt 0.675867 0.395229
vt 0.307347 0.571003
vt 0.827750 0.806560
vt 0.837362 0.825010
vt 0.831662 0.826192
vt 0.838236 0.833060
vt 0.836073 0.841175
vt 0.830482 0.839346
vt 0.831642 0.832767
vt 0.837362 0.825010
vt 0.838236 0.833060
vt 0.831642 0.832767
vt 0.831662 0.826192
vt 0.836073 0.841175
vt 0.824469 0.858378
vt 0.830482 0.839346
vt 0.827750 0.806560
vt 0.831662 0.826192
vt 0.826678 0.826305
vt 0.831642 0.832767
vt 0.830482 0.839346
vt 0.825541 0.838632
vt 0.826110 0.832469
vt 0.831662 0.826192
vt 0.831642 0.832767
vt 0.826110 0.832469
vt 0.826678 0.826305
vt 0.830482 0.839346
vt 0.824469 0.858378
vt 0.825541 0.838632
vt 0.827750 0.806560
vt 0.826678 0.826305
vt 0.821738 0.825591
vt 0.826110 0.832469
vt 0.825541 0.838632
vt 0.820558 0.838745
vt 0.820577 0.832170
vt 0.826678 0.826305
vt 0.826110 0.832469
vt 0.820577 0.832170
vt 0.821738 0.825591
vt 0.825541 0.838632
vt 0.824469 0.858378
vt 0.820558 0.838745
vt 0.827750 0.806560
vt 0.821738 0.825591
vt 0.816147 0.823763
vt 0.820577 0.832170
vt 0.820558 0.838745
vt 0.814857 0.839927
vt 0.813984 0.831877
vt 0.821738 0.825591
vt 0.820577 0.832170
vt 0.813984 0.831877
vt 0.816147 0.823763
vt 0.820558 0.838745
vt 0.824469 0.858378
vt 0.814857 0.839927
vt 0.827750 0.806560
vt 0.816147 0.823763
vt 0.808714 0.819506
vt 0.813984 0.831877
vt 0.814857 0.839927
vt 0.807432 0.843364
vt 0.804177 0.831694
vt 0.816147 0.823763
vt 0.813984 0.831877
vt 0.804177 0.831694
vt 0.808714 0.819506
vt 0.814857 0.839927
vt 0.824469 0.858378
vt 0.807432 0.843364
vt 0.807432 0.843364
vt 0.824469 0.858378
vt 0.796970 0.853513
vt 0.827750 0.806560
vt 0.808714 0.819506
vt 0.796230 0.806560
vt 0.804177 0.831694
vt 0.807432 0.843364
vt 0.796970 0.853513
vt 0.783077 0.832411
vt 0.808714 0.819506
vt 0.804177 0.831694
vt 0.783077 0.832411
vt 0.796230 0.806560
vt 0.855249 0.811424
vt 0.869142 0.832526
vt 0.848043 0.833243
vt 0.844788 0.821573
vt 0.855990 0.858377
vt 0.824469 0.858378
vt 0.843505 0.845431
vt 0.827750 0.806560
vt 0.855249 0.811424
vt 0.844788 0.821573
vt 0.869142 0.832526
vt 0.855990 0.858377
vt 0.843505 0.845431
vt 0.848043 0.833243
vt 0.844788 0.821573
vt 0.848043 0.833243
vt 0.838236 0.833060
vt 0.837362 0.825010
vt 0.843505 0.845431
vt 0.824469 0.858378
vt 0.836073 0.841175
vt 0.827750 0.806560
vt 0.844788 0.821573
vt 0.837362 0.825010
vt 0.848043 0.833243
vt 0.843505 0.845431
vt 0.836073 0.841175
vt 0.838236 0.833060
vt 0.827750 0.806560
vt 0.837362 0.825010
vt 0.831662 0.826192
vt 0.838236 0.833060
vt 0.836073 0.841175
vt 0.830482 0.839346
vt 0.831642 0.832767
vt 0.837362 0.825010
vt 0.838236 0.833060
vt 0.831642 0.832767
vt 0.831662 0.826192
vt 0.836073 0.841175
vt 0.824469 0.858378
vt 0.830482 0.839346
vt 0.827750 0.806560
vt 0.831662 0.826192
vt 0.826678 0.826305
vt 0.831642 0.832767
vt 0.830482 0.839346
vt 0.825541 0.838632
vt 0.826110 0.832469
vt 0.831662 0.826192
vt 0.831642 0.832767
vt 0.826110 0.832469
vt 0.826678 0.826305
vt 0.830482 0.839346
vt 0.824469 0.858378
vt 0.825541 0.838632
vt 0.827750 0.806560
vt 0.826678 0.826305
vt 0.821738 0.825591
vt 0.826110 0.832469
vt 0.825541 0.838632
vt 0.820558 0.838745
vt 0.820577 0.832170
vt 0.826678 0.826305
vt 0.826110 0.832469
vt 0.820577 0.832170
vt 0.821738 0.825591
vt 0.825541 0.838632
vt 0.824469 0.858378
vt 0.820558 0.838745
vt 0.827750 0.806560
vt 0.821738 0.825591
vt 0.816147 0.823763
vt 0.820577 0.832170
vt 0.820558 0.838745
vt 0.814857 0.839927
vt 0.813984 0.831877
vt 0.821738 0.825591
vt 0.820577 0.832170
vt 0.813984 0.831877
vt 0.816147 0.823763
vt 0.820558 0.838745
vt 0.824469 0.858378
vt 0.814857 0.839927
vt 0.827750 0.806560
vt 0.816147 0.823763
vt 0.808714 0.819506
vt 0.813984 0.831877
vt 0.814857 0.839927
vt 0.807432 0.843364
vt 0.804177 0.831694
vt 0.816147 0.823763
vt 0.813984 0.831877
vt 0.804177 0.831694
vt 0.808714 0.819506
vt 0.814857 0.839927
vt 0.824469 0.858378
vt 0.807432 0.843364
vt 0.807432 0.843364
vt 0.824469 0.858378
vt 0.796970 0.853513
vt 0.827750 0.806560
vt 0.808714 0.819506
vt 0.796230 0.806560
vt 0.804177 0.831694
vt 0.807432 0.843364
vt 0.796970 0.853513
vt 0.783077 0.832411
vt 0.808714 0.819506
vt 0.804177 0.831694
vt 0.783077 0.832411
vt 0.796230 0.806560
vt 0.855249 0.811424
vt 0.869142 0.832526
vt 0.848043 0.833243
vt 0.844788 0.821573
vt 0.855990 0.858377
vt 0.824469 0.858378
vt 0.843505 0.845431
vt 0.827750 0.806560
vt 0.855249 0.811424
vt 0.844788 0.821573
vt 0.869142 0.832526
vt 0.855990 0.858377
vt 0.843505 0.845431
vt 0.848043 0.833243
vt 0.844788 0.821573
vt 0.848043 0.833243
vt 0.838236 0.833060
vt 0.837362 0.825010
vt 0.843505 0.845431
vt 0.824469 0.858378
vt 0.836073 0.841175
vt 0.827750 0.806560
vt 0.844788 0.821573
vt 0.837362 0.825010
vt 0.848043 0.833243
vt 0.843505 0.845431
vt 0.836073 0.841175
vt 0.838236 0.833060
vn -0.000000 -1.000000 0.000000
vn -0.000000 -0.663004 -0.748616
vn 0.529351 -0.663004 -0.529351
vn -0.000000 -0.000000 -1.000000
vn -0.000000 0.663004 -0.748616
vn 0.529351 0.663004 -0.529351
vn 0.707106 -0.000000 -0.707107
vn -0.000000 -0.663004 -0.748616
vn -0.000000 -0.000000 -1.000000
vn 0.707106 -0.000000 -0.707107
vn 0.529351 -0.663004 -0.529351
vn -0.000000 0.663004 -0.748616
vn -0.000000 1.000000 -0.000000
vn 0.529351 0.663004 -0.529351
vn -0.000000 -1.000000 0.000000
vn 0.529351 -0.663004 -0.529351
vn 0.748616 -0.663004 0.000000
vn 0.707106 -0.000000 -0.707107
vn 0.529351 0.663004 -0.529351
vn 0.748616 0.663004 -0.000000
vn 1.000000 0.000000 0.000000
vn 0.529351 -0.663004 -0.529351
vn 0.707106 -0.000000 -0.707107
vn 1.000000 0.000000 0.000000
vn 0.748616 -0.663004 0.000000
vn 0.529351 0.663004 -0.529351
vn -0.000000 1.000000 -0.000000
vn 0.748616 0.663004 -0.000000
vn -0.000000 -1.000000 0.000000
vn 0.748616 -0.663004 0.000000
vn 0.529351 -0.663004 0.529351
vn 1.000000 0.000000 0.000000
vn 0.748616 0.663004 -0.000000
vn 0.529351 0.663004 0.529351
vn 0.707106 0.000000 0.707107
vn 0.748616 -0.663004 0.000000
vn 1.000000 0.000000 0.000000
vn 0.707106 0.000000 0.707107
vn 0.529351 -0.663004 0.529351
vn 0.748616 0.663004 -0.000000
vn -0.000000 1.000000 -0.000000
vn 0.529351 0.663004 0.529351
vn -0.000000 -1.000000 0.000000
vn 0.529351 -0.663004 0.529351
vn -0.000000 -0.663004 0.748616
vn 0.707106 0.000000 0.707107
vn 0.529351 0.663004 0.529351
vn -0.000000 0.663004 0.748616
vn -0.000000 0.000000 1.000000
vn 0.529351 -0.663004 0.529351
vn 0.707106 0.000000 0.707107
vn -0.000000 0.000000 1.000000
vn -0.000000 -0.663004 0.748616
vn 0.529351 0.663004 0.529351
vn -0.000000 1.000000 -0.000000
vn -0.000000 0.663004 0.748616
vn -0.000000 -1.000000 0.000000
vn -0.000000 -0.663004 0.748616
vn -0.529351 -0.663004 0.529351
vn -0.000000 0.000000 1.000000
vn -0.000000 0.663004 0.748616
vn -0.529351 0.663004 0.529351
vn -0.707107 0.000000 0.707107
vn -0.000000 -0.663004 0.748616
vn -0.000000 0.000000 1.000000
vn -0.707107 0.000000 0.707107
vn -0.529351 -0.663004 0.529351
vn -0.000000 0.663004 0.748616
vn -0.000000 1.000000 -0.000000
vn -0.529351 0.663004 0.529351
vn -0.529351 0.663004 0.529351
vn -0.000000 1.000000 -0.000000
vn -0.748616 0.663004 -0.000000
vn -0.000000 -1.000000 0.000000
vn -0.529351 -0.663004 0.529351
vn -0.748616 -0.663004 0.000000
vn -0.707107 0.000000 0.707107
vn -0.529351 0.663004 0.529351
vn -0.748616 0.663004 -0.000000
vn -1.000000 0.000000 0.000000
vn -0.529351 -0.663004 0.529351
vn -0.707107 0.000000 0.707107
vn -1.000000 0.000000 0.000000
vn -0.748616 -0.663004 0.000000
vn -0.748616 -0.663004 0.000000
vn -1.000000 0.000000 0.000000
vn -0.707107 -0.000000 -0.707107
vn -0.529351 -0.663004 -0.529351
vn -0.748616 0.663004 -0.000000
vn -0.000000 1.000000 -0.000000
vn -0.529352 0.663004 -0.529351
vn -0.000000 -1.000000 0.000000
vn -0.748616 -0.663004 0.000000
vn -0.529351 -0.663004 -0.529351
vn -1.000000 0.000000 0.000000
vn -0.748616 0.663004 -0.000000
vn -0.529352 0.663004 -0.529351
vn -0.707107 -0.000000 -0.707107
vn -0.529351 -0.663004 -0.529351
vn -0.707107 -0.000000 -0.707107
vn -0.000000 -0.000000 -1.000000
vn -0.000000 -0.663004 -0.748616
vn -0.529352 0.663004 -0.529351
vn -0.000000 1.000000 -0.000000
vn -0.000000 0.663004 -0.748616
vn -0.000000 -1.000000 0.000000
vn -0.529351 -0.663004 -0.529351
vn -0.000000 -0.663004 -0.748616
vn -0.707107 -0.000000 -0.707107
vn -0.529352 0.663004 -0.529351
vn -0.000000 0.663004 -0.748616
vn -0.000000 -0.000000 -1.000000
vn -0.000000 -1.000000 0.000000
vn -0.000000 -0.663004 -0.748616
vn 0.529351 -0.663004 -0.529351
vn -0.000000 -0.000000 -1.000000
vn -0.000000 0.663004 -0.748616
vn 0.529351 0.663004 -0.529352
vn 0.707107 -0.000000 -0.707107
vn -0.000000 -0.663004 -0.748616
vn -0.000000 -0.000000 -1.000000
vn 0.707107 -0.000000 -0.707107
vn 0.529351 -0.663004 -0.529351
vn -0.000000 0.663004 -0.748616
vn 0.000000 1.000000 -0.000000
vn 0.529351 0.663004 -0.529352
vn -0.000000 -1.000000 0.000000
vn 0.529351 -0.663004 -0.529351
vn 0.748616 -0.663004 0.000000
vn 0.707107 -0.000000 -0.707107
vn 0.529351 0.663004 -0.529352
vn 0.748616 0.663004 -0.000000
vn 1.000000 -0.000000 0.000000
vn 0.529351 -0.663004 -0.529351
vn 0.707107 -0.000000 -0.707107
vn 1.000000 -0.000000 0.000000
vn 0.748616 -0.663004 0.000000
vn 0.529351 0.663004 -0.529352
vn 0.000000 1.000000 -0.000000
vn 0.748616 0.663004 -0.000000
vn -0.000000 -1.000000 0.000000
vn 0.748616 -0.663004 0.000000
vn 0.529351 -0.663004 0.529352
vn 1.000000 -0.000000 0.000000
vn 0.748616 0.663004 -0.000000
vn 0.529351 0.663004 0.529351
vn 0.707106 0.000000 0.707107
vn 0.748616 -0.663004 0.000000
vn 1.000000 -0.000000 0.000000
vn 0.707106 0.000000 0.707107
vn 0.529351 -0.663004 0.529352
vn 0.748616 0.663004 -0.000000
vn 0.000000 1.000000 -0.000000
vn 0.529351 0.663004 0.529351
vn -0.000000 -1.000000 0.000000
vn 0.529351 -0.663004 0.529352
vn -0.000000 -0.663004 0.748616
vn 0.707106 0.000000 0.707107
vn 0.529351 0.663004 0.529351
vn -0.000000 0.663004 0.748616
vn -0.000000 0.000000 1.000000
vn 0.529351 -0.663004 0.529352
vn 0.707106 0.000000 0.707107
vn -0.000000 0.000000 1.000000
vn -0.000000 -0.663004 0.748616
vn 0.529351 0.663004 0.529351
vn 0.000000 1.000000 -0.000000
vn -0.000000 0.663004 0.748616
vn -0.000000 -1.000000 0.000000
vn -0.000000 -0.663004 0.748616
vn -0.529351 -0.663004 0.529352
vn -0.000000 0.000000 1.000000
vn -0.000000 0.663004 0.748616
vn -0.529351 0.663004 0.529351
vn -0.707107 0.000000 0.707107
vn -0.000000 -0.663004 0.748616
vn -0.000000 0.000000 1.000000
vn -0.707107 0.000000 0.707107
vn -0.529351 -0.663004 0.529352
vn -0.000000 0.663004 0.748616
vn 0.000000 1.000000 -0.000000
vn -0.529351 0.663004 0.529351
vn -0.529351 0.663004 0.529351
vn 0.000000 1.000000 -0.000000
vn -0.748616 0.663004 -0.000000
vn -0.000000 -1.000000 0.000000
vn -0.529351 -0.663004 0.529352
vn -0.748616 -0.663004 0.000000
vn -0.707107 0.000000 0.707107
vn -0.529351 0.663004 0.529351
vn -0.748616 0.663004 -0.000000
vn -1.000000 -0.000000 -0.000000
vn -0.529351 -0.663004 0.529352
vn -0.707107 0.000000 0.707107
vn -1.000000 -0.000000 -0.000000
vn -0.748616 -0.663004 0.000000
vn -0.748616 -0.663004 0.000000
vn -1.000000 -0.000000 -0.000000
vn -0.707107 -0.000000 -0.707107
vn -0.529352 -0.663004 -0.529351
vn -0.748616 0.663004 -0.000000
vn 0.000000 1.000000 -0.000000
vn -0.529351 0.663004 -0.529352
vn -0.000000 -1.000000 0.000000
vn -0.748616 -0.663004 0.000000
vn -0.529352 -0.663004 -0.529351
vn -1.000000 -0.000000 -0.000000
vn -0.748616 0.663004 -0.000000
vn -0.529351 0.663004 -0.529352
vn -0.707107 -0.000000 -0.707107
vn -0.529352 -0.663004 -0.529351
vn -0.707107 -0.000000 -0.707107
vn -0.000000 -0.000000 -1.000000
vn -0.000000 -0.663004 -0.748616
vn -0.529351 0.663004 -0.529352
vn 0.000000 1.000000 -0.000000
vn -0.000000 0.663004 -0.748616
vn -0.000000 -1.000000 0.000000
vn -0.529352 -0.663004 -0.529351
vn -0.000000 -0.663004 -0.748616
vn -0.707107 -0.000000 -0.707107
vn -0.529351 0.663004 -0.529352
vn -0.000000 0.663004 -0.748616
vn -0.000000 -0.000000 -1.000000
vn 0.000000 -1.000000 0.000000
vn 0.000000 -0.663004 -0.748616
vn 0.529352 -0.663004 -0.529351
vn 0.000000 -0.000000 -1.000000
vn 0.000000 0.663004 -0.748616
vn 0.529352 0.663004 -0.529351
vn 0.707107 -0.000000 -0.707107
vn 0.000000 -0.663004 -0.748616
vn 0.000000 -0.000000 -1.000000
vn 0.707107 -0.000000 -0.707107
vn 0.529352 -0.663004 -0.529351
vn 0.000000 0.663004 -0.748616
vn 0.000000 1.000000 -0.000000
vn 0.529352 0.663004 -0.529351
vn 0.000000 -1.000000 0.000000
vn 0.529352 -0.663004 -0.529351
vn 0.748616 -0.663004 0.000000
vn 0.707107 -0.000000 -0.707107
vn 0.529352 0.663004 -0.529351
vn 0.748616 0.663004 -0.000000
vn 1.000000 -0.000000 -0.000000
vn 0.529352 -0.663004 -0.529351
vn 0.707107 -0.000000 -0.707107
vn 1.000000 -0.000000 -0.000000
vn 0.748616 -0.663004 0.000000
vn 0.529352 0.663004 -0.529351
vn 0.000000 1.000000 -0.000000
vn 0.748616 0.663004 -0.000000
vn 0.000000 -1.000000 0.000000
vn 0.748616 -0.663004 0.000000
vn 0.529352 -0.663004 0.529351
vn 1.000000 -0.000000 -0.000000
vn 0.748616 0.663004 -0.000000
vn 0.529352 0.663004 0.529351
vn 0.707107 0.000000 0.707107
vn 0.748616 -0.663004 0.000000
vn 1.000000 -0.000000 -0.000000
vn 0.707107 0.000000 0.707107
vn 0.529352 -0.663004 0.529351
vn 0.748616 0.663004 -0.000000
vn 0.000000 1.000000 -0.000000
vn 0.529352 0.663004 0.529351
vn 0.000000 -1.000000 0.000000
vn 0.529352 -0.663004 0.529351
vn 0.000000 -0.663004 0.748616
vn 0.707107 0.000000 0.707107
vn 0.529352 0.663004 0.529351
vn 0.000000 0.663004 0.748616
vn 0.000000 0.000000 1.000000
vn 0.529352 -0.663004 0.529351
vn 0.707107 0.000000 0.707107
vn 0.000000 0.000000 1.000000
vn 0.000000 -0.663004 0.748616
vn 0.529352 0.663004 0.529351
vn 0.000000 1.000000 -0.000000
vn 0.000000 0.663004 0.748616
vn 0.000000 -1.000000 0.000000
vn 0.000000 -0.663004 0.748616
vn -0.529351 -0.663004 0.529351
vn 0.000000 0.000000 1.000000
vn 0.000000 0.663004 0.748616
vn -0.529351 0.663004 0.529351
vn -0.707107 0.000000 0.707107
vn 0.000000 -0.663004 0.748616
vn 0.000000 0.000000 1.000000
vn -0.707107 0.000000 0.707107
vn -0.529351 -0.663004 0.529351
vn 0.000000 0.663004 0.748616
vn 0.000000 1.000000 -0.000000
vn -0.529351 0.663004 0.529351
vn -0.529351 0.663004 0.529351
vn 0.000000 1.000000 -0.000000
vn -0.748616 0.663004 -0.000000
vn 0.000000 -1.000000 0.000000
vn -0.529351 -0.663004 0.529351
vn -0.748616 -0.663004 0.000000
vn -0.707107 0.000000 0.707107
vn -0.529351 0.663004 0.529351
vn -0.748616 0.663004 -0.000000
vn -1.000000 0.000000 -0.000000
vn -0.529351 -0.663004 0.529351
vn -0.707107 0.000000 0.707107
vn -1.000000 0.000000 -0.000000
vn -0.748616 -0.663004 0.000000
vn -0.748616 -0.663004 0.000000
vn -1.000000 0.000000 -0.000000
vn -0.707107 -0.000000 -0.707107
vn -0.529351 -0.663004 -0.529351
vn -0.748616 0.663004 -0.000000
vn 0.000000 1.000000 -0.000000
vn -0.529351 0.663004 -0.529351
vn 0.000000 -1.000000 0.000000
vn -0.748616 -0.663004 0.000000
vn -0.529351 -0.663004 -0.529351
vn -1.000000 0.000000 -0.000000
vn -0.748616 0.663004 -0.000000
vn -0.529351 0.663004 -0.529351
vn -0.707107 -0.000000 -0.707107
vn -0.529351 -0.663004 -0.529351
vn -0.707107 -0.000000 -0.707107
vn 0.000000 -0.000000 -1.000000
vn 0.000000 -0.663004 -0.748616
vn -0.529351 0.663004 -0.529351
vn 0.000000 1.000000 -0.000000
vn 0.000000 0.663004 -0.748616
vn 0.000000 -1.000000 0.000000
vn -0.529351 -0.663004 -0.529351
vn 0.000000 -0.663004 -0.748616
vn -0.707107 -0.000000 -0.707107
vn -0.529351 0.663004 -0.529351
vn 0.000000 0.663004 -0.748616
vn 0.000000 -0.000000 -1.000000
vn 0.000000 -1.000000 0.000000
vn -0.000000 -0.663004 -0.748616
vn 0.529351 -0.663004 -0.529351
vn 0.000000 -0.000000 -1.000000
vn 0.000000 0.663004 -0.748616
vn 0.529351 0.663004 -0.529351
vn 0.707107 -0.000000 -0.707107
vn -0.000000 -0.663004 -0.748616
vn 0.000000 -0.000000 -1.000000
vn 0.707107 -0.000000 -0.707107
vn 0.529351 -0.663004 -0.529351
vn 0.000000 0.663004 -0.748616
vn 0.000000 1.000000 -0.000000
vn 0.529351 0.663004 -0.529351
vn 0.000000 -1.000000 0.000000
vn 0.529351 -0.663004 -0.529351
vn 0.748616 -0.663004 0.000000
vn 0.707107 -0.000000 -0.707107
vn 0.529351 0.663004 -0.529351
vn 0.748616 0.663004 -0.000000
vn 1.000000 0.000000 0.000000
vn 0.529351 -0.663004 -0.529351
vn 0.707107 -0.000000 -0.707107
vn 1.000000 0.000000 0.000000
vn 0.748616 -0.663004 0.000000
vn 0.529351 0.663004 -0.529351
vn 0.000000 1.000000 -0.000000
vn 0.748616 0.663004 -0.000000
vn 0.000000 -1.000000 0.000000
vn 0.748616 -0.663004 0.000000
vn 0.529351 -0.663004 0.529352
vn 1.000000 0.000000 0.000000
vn 0.748616 0.663004 -0.000000
vn 0.529352 0.663004 0.529351
vn 0.707107 0.000000 0.707107
vn 0.748616 -0.663004 0.000000
vn 1.000000 0.000000 0.000000
vn 0.707107 0.000000 0.707107
vn 0.529351 -0.663004 0.529352
vn 0.748616 0.663004 -0.000000
vn 0.000000 1.000000 -0.000000
vn 0.529352 0.663004 0.529351
vn 0.000000 -1.000000 0.000000
vn 0.529351 -0.663004 0.529352
vn 0.000000 -0.663004 0.748616
vn 0.707107 0.000000 0.707107
vn 0.529352 0.663004 0.529351
vn -0.000000 0.663004 0.748616
vn 0.000000 0.000000 1.000000
vn 0.529351 -0.663004 0.529352
vn 0.707107 0.000000 0.707107
vn 0.000000 0.000000 1.000000
vn 0.000000 -0.663004 0.748616
vn 0.529352 0.663004 0.529351
vn 0.000000 1.000000 -0.000000
vn -0.000000 0.663004 0.748616
vn 0.000000 -1.000000 0.000000
vn 0.000000 -0.663004 0.748616
vn -0.529351 -0.663004 0.529351
vn 0.000000 0.000000 1.000000
vn -0.000000 0.663004 0.748616
vn -0.529351 0.663004 0.529351
vn -0.707107 0.000000 0.707107
vn 0.000000 -0.663004 0.748616
vn 0.000000 0.000000 1.000000
vn -0.707107 0.000000 0.707107
vn -0.529351 -0.663004 0.529351
vn -0.000000 0.663004 0.748616
vn 0.000000 1.000000 -0.000000
vn -0.529351 0.663004 0.529351
vn -0.529351 0.663004 0.529351
vn 0.000000 1.000000 -0.000000
vn -0.748616 0.663004 -0.000000
vn 0.000000 -1.000000 0.000000
vn -0.529351 -0.663004 0.529351
vn -0.748616 -0.663004 0.000000
vn -0.707107 0.000000 0.707107
vn -0.529351 0.663004 0.529351
vn -0.748616 0.663004 -0.000000
vn -1.000000 0.000000 0.000000
vn -0.529351 -0.663004 0.529351
vn -0.707107 0.000000 0.707107
vn -1.000000 0.000000 0.000000
vn -0.748616 -0.663004 0.000000
vn -0.748616 -0.663004 0.000000
vn -1.000000 0.000000 0.000000
vn -0.707107 -0.000000 -0.707107
vn -0.529351 -0.663005 -0.529351
vn -0.748616 0.663004 -0.000000
vn 0.000000 1.000000 -0.000000
vn -0.529351 0.663004 -0.529351
vn 0.000000 -1.000000 0.000000
vn -0.748616 -0.663004 0.000000
vn -0.529351 -0.663005 -0.529351
vn -1.000000 0.000000 0.000000
vn -0.748616 0.663004 -0.000000
vn -0.529351 0.663004 -0.529351
vn -0.707107 -0.000000 -0.707107
vn -0.529351 -0.663005 -0.529351
vn -0.707107 -0.000000 -0.707107
vn 0.000000 -0.000000 -1.000000
vn -0.000000 -0.663004 -0.748616
vn -0.529351 0.663004 -0.529351
vn 0.000000 1.000000 -0.000000
vn 0.000000 0.663004 -0.748616
vn 0.000000 -1.000000 0.000000
vn -0.529351 -0.663005 -0.529351
vn -0.000000 -0.663004 -0.748616
vn -0.707107 -0.000000 -0.707107
vn -0.529351 0.663004 -0.529351
vn 0.000000 0.663004 -0.748616
vn 0.000000 -0.000000 -1.000000
vn 0.072591 -0.349685 -0.934051
vn 0.861097 -0.117674 0.494637
vn 0.881966 0.000000 0.471314
vn 0.125850 -0.000000 -0.992049
vn 0.881966 0.000000 0.471314
vn 0.861097 0.117675 0.494636
vn 0.072588 0.349683 -0.934052
vn 0.125850 -0.000000 -0.992049
vn -0.981269 0.178878 -0.071513
vn 0.439495 -0.043626 0.897185
vn 0.505822 -0.526088 0.683649
vn -0.976492 -0.091010 0.195396
vn -0.180145 -0.693152 -0.697917
vn -0.098485 -0.578231 -0.809907
vn 0.946139 -0.279518 -0.163377
vn 0.867622 -0.494277 -0.054048
vn -0.989506 0.126491 0.069847
vn 0.352724 0.560125 0.749563
vn 0.439495 -0.043626 0.897185
vn -0.981269 0.178878 -0.071513
vn -0.315214 -0.786775 -0.530683
vn 0.738880 -0.269614 0.617548
vn 0.808444 -0.208463 0.550419
vn -0.086875 -0.640035 -0.763419
vn -0.086877 0.640033 -0.763420
vn 0.808444 0.208465 0.550419
vn 0.745041 0.269874 0.609985
vn -0.318091 0.790037 -0.524081
vn -0.550387 -0.780648 -0.296079
vn 0.678976 -0.299861 0.670130
vn 0.738880 -0.269614 0.617548
vn -0.315214 -0.786775 -0.530683
vn -0.318091 0.790037 -0.524081
vn 0.745041 0.269874 0.609985
vn 0.691694 0.305559 0.654365
vn -0.564434 0.774933 -0.284418
vn -0.724071 -0.678154 -0.125811
vn 0.624001 -0.327062 0.709685
vn 0.678976 -0.299861 0.670130
vn -0.550387 -0.780648 -0.296079
vn -0.564434 0.774933 -0.284418
vn 0.691694 0.305559 0.654365
vn 0.635266 0.333579 0.696536
vn -0.735252 0.669137 -0.107984
vn -0.840890 -0.538170 0.057251
vn 0.585138 -0.421568 0.692744
vn 0.624001 -0.327062 0.709685
vn -0.724071 -0.678154 -0.125811
vn -0.735252 0.669137 -0.107984
vn 0.635266 0.333579 0.696536
vn 0.543440 0.463829 0.699668
vn -0.842902 0.530096 0.092281
vn -0.840890 -0.538170 0.057251
vn -0.976492 -0.091010 0.195396
vn 0.505822 -0.526088 0.683649
vn 0.585138 -0.421568 0.692744
vn -0.842902 0.530096 0.092281
vn 0.543440 0.463829 0.699668
vn 0.352724 0.560125 0.749563
vn -0.989506 0.126491 0.069847
vn -0.822562 -0.526691 -0.214450
vn -0.082695 -0.712229 0.697059
vn -0.242891 -0.388092 0.889038
vn -0.954562 -0.292704 -0.055992
vn -0.954562 0.292704 -0.055994
vn -0.999999 0.000000 0.001102
vn -0.294134 0.000000 0.955764
vn -0.242891 0.388092 0.889038
vn -0.999999 0.000000 0.001102
vn 0.125850 -0.000000 -0.992049
vn 0.072588 0.349683 -0.934052
vn -0.954562 -0.292704 -0.055992
vn -0.103360 0.583579 -0.805451
vn 0.934696 0.235892 -0.265892
vn 0.861181 -0.069157 -0.503572
vn -0.104045 0.018100 -0.994408
vn -0.104045 0.018100 -0.994408
vn 0.861181 -0.069157 -0.503572
vn 0.946139 -0.279518 -0.163377
vn -0.098485 -0.578231 -0.809907
vn -0.822562 0.526690 -0.214450
vn -0.082694 0.712229 0.697059
vn 0.159202 0.885434 0.436648
vn -0.638023 0.647348 -0.416974
vn -0.822562 -0.526691 -0.214450
vn -0.640425 -0.648923 -0.410798
vn 0.164689 -0.883520 0.438485
vn -0.082695 -0.712229 0.697059
vn -0.638023 0.647348 -0.416974
vn 0.159202 0.885434 0.436648
vn 0.423487 0.885895 0.189335
vn -0.457269 0.670428 -0.584321
vn -0.640425 -0.648923 -0.410798
vn -0.463345 -0.675385 -0.573730
vn 0.434349 -0.882032 0.182649
vn 0.164689 -0.883520 0.438485
vn -0.330887 0.635371 -0.697723
vn -0.457269 0.670428 -0.584321
vn 0.423487 0.885895 0.189335
vn 0.629677 0.776852 -0.002896
vn -0.463345 -0.675385 -0.573730
vn -0.340977 -0.635950 -0.692317
vn 0.635012 -0.772285 -0.018315
vn 0.434349 -0.882032 0.182649
vn -0.330887 0.635371 -0.697723
vn 0.629677 0.776852 -0.002896
vn 0.843614 0.529976 -0.086259
vn -0.213607 0.675250 -0.705981
vn -0.340977 -0.635950 -0.692317
vn -0.180145 -0.693152 -0.697917
vn 0.867622 -0.494277 -0.054048
vn 0.635012 -0.772285 -0.018315
vn -0.213607 0.675250 -0.705981
vn 0.843614 0.529976 -0.086259
vn 0.934696 0.235892 -0.265892
vn -0.103360 0.583579 -0.805451
vn -0.954562 0.292704 -0.055994
vn -0.242891 0.388092 0.889038
vn -0.082694 0.712229 0.697059
vn -0.822562 0.526690 -0.214450
vn 0.808444 -0.208463 0.550419
vn -0.082694 0.712229 0.697059
vn -0.242891 0.388092 0.889038
vn 0.861097 -0.117674 0.494637
vn 0.072588 0.349683 -0.934052
vn 0.861097 0.117675 0.494636
vn 0.808444 0.208465 0.550419
vn -0.086877 0.640033 -0.763420
vn 0.881966 0.000000 0.471314
vn -0.294134 0.000000 0.955764
vn -0.242891 -0.388092 0.889038
vn 0.861097 0.117675 0.494636
vn 0.881966 0.000000 0.471314
vn 0.861097 -0.117674 0.494637
vn -0.242891 0.388092 0.889038
vn -0.294134 0.000000 0.955764
vn 0.505822 -0.526088 0.683649
vn 0.934696 0.235892 -0.265892
vn 0.843614 0.529976 -0.086259
vn 0.585138 -0.421568 0.692744
vn 0.585138 -0.421568 0.692744
vn 0.843614 0.529976 -0.086259
vn 0.629677 0.776852 -0.002896
vn 0.624001 -0.327062 0.709685
vn 0.164689 -0.883520 0.438485
vn 0.434349 -0.882032 0.182649
vn 0.691694 0.305559 0.654365
vn 0.745041 0.269874 0.609985
vn 0.624001 -0.327062 0.709685
vn 0.629677 0.776852 -0.002896
vn 0.423487 0.885895 0.189335
vn 0.678976 -0.299861 0.670130
vn 0.678976 -0.299861 0.670130
vn 0.423487 0.885895 0.189335
vn 0.159202 0.885434 0.436648
vn 0.738880 -0.269614 0.617548
vn 0.738880 -0.269614 0.617548
vn 0.159202 0.885434 0.436648
vn -0.082694 0.712229 0.697059
vn 0.808444 -0.208463 0.550419
vn 0.946139 -0.279518 -0.163377
vn 0.861181 -0.069157 -0.503572
vn 0.439495 -0.043626 0.897185
vn 0.352724 0.560125 0.749563
vn 0.867622 -0.494277 -0.054048
vn 0.946139 -0.279518 -0.163377
vn 0.352724 0.560125 0.749563
vn 0.543440 0.463829 0.699668
vn 0.635012 -0.772285 -0.018315
vn 0.867622 -0.494277 -0.054048
vn 0.543440 0.463829 0.699668
vn 0.635266 0.333579 0.696536
vn 0.434349 -0.882032 0.182649
vn 0.635012 -0.772285 -0.018315
vn 0.635266 0.333579 0.696536
vn 0.691694 0.305559 0.654365
vn -0.082695 -0.712229 0.697059
vn 0.164689 -0.883520 0.438485
vn 0.745041 0.269874 0.609985
vn 0.808444 0.208465 0.550419
vn -0.242891 -0.388092 0.889038
vn -0.082695 -0.712229 0.697059
vn 0.808444 0.208465 0.550419
vn 0.861097 0.117675 0.494636
vn 0.439495 -0.043626 0.897185
vn 0.861181 -0.069157 -0.503572
vn 0.934696 0.235892 -0.265892
vn 0.505822 -0.526088 0.683649
vn -0.086875 -0.640035 -0.763419
vn 0.808444 -0.208463 0.550419
vn 0.861097 -0.117674 0.494637
vn 0.072591 -0.349685 -0.934051
vn 0.555745 -0.827010 -0.084866
vn 0.612626 -0.773167 -0.164022
vn 0.828045 -0.212599 0.518790
vn 0.820926 -0.239754 0.518264
vn 0.557720 0.826663 -0.074675
vn 0.814180 0.240598 0.528417
vn 0.837399 0.200150 0.508628
vn 0.628010 0.761132 -0.162116
vn 0.628010 0.761132 -0.162116
vn 0.837399 0.200150 0.508628
vn 0.841918 0.200564 0.500947
vn 0.711128 0.637668 -0.296101
vn 0.612626 -0.773167 -0.164022
vn 0.703590 -0.650259 -0.286574
vn 0.828482 -0.213914 0.517550
vn 0.828045 -0.212599 0.518790
vn 0.846357 -0.010730 -0.532508
vn 0.711128 0.637668 -0.296101
vn 0.841918 0.200564 0.500947
vn 0.886920 -0.000499 0.461924
vn 0.703590 -0.650259 -0.286574
vn 0.846357 -0.010730 -0.532508
vn 0.886920 -0.000499 0.461924
vn 0.828482 -0.213914 0.517550
vn -0.331654 0.402481 0.853238
vn -0.394292 0.000000 0.918985
vn 0.544013 0.000000 0.839077
vn 0.555541 0.106627 0.824624
vn -0.331653 -0.402481 0.853238
vn -0.149597 -0.732728 0.663875
vn 0.593949 -0.208343 0.777057
vn 0.555539 -0.106627 0.824625
vn -0.149597 0.732728 0.663875
vn -0.331654 0.402481 0.853238
vn 0.555541 0.106627 0.824624
vn 0.593950 0.208343 0.777057
vn -0.149597 0.732728 0.663875
vn 0.104461 0.910688 0.399669
vn -0.278907 0.960227 0.013236
vn -0.566751 0.777966 0.271224
vn -0.149597 0.732728 0.663875
vn 0.593950 0.208343 0.777057
vn 0.657201 0.276327 0.701235
vn 0.104461 0.910688 0.399669
vn -0.149597 -0.732728 0.663875
vn 0.107238 -0.909902 0.400721
vn 0.661877 -0.275675 0.697081
vn 0.593949 -0.208343 0.777057
vn -0.331653 -0.402481 0.853238
vn 0.555539 -0.106627 0.824625
vn 0.544013 0.000000 0.839077
vn -0.394292 0.000000 0.918985
vn 0.104461 0.910688 0.399669
vn 0.657201 0.276327 0.701235
vn 0.740356 0.286164 0.608263
vn 0.362958 0.921893 0.135556
vn 0.107238 -0.909902 0.400721
vn 0.370463 -0.919773 0.129518
vn 0.752919 -0.282148 0.594564
vn 0.661877 -0.275675 0.697081
vn 0.362958 0.921893 0.135556
vn 0.740356 0.286164 0.608263
vn 0.814180 0.240598 0.528417
vn 0.557720 0.826663 -0.074675
vn 0.370463 -0.919773 0.129518
vn 0.555745 -0.827010 -0.084866
vn 0.820926 -0.239754 0.518264
vn 0.752919 -0.282148 0.594564
vn 0.555539 -0.106627 0.824625
vn 0.952277 0.283898 0.112114
vn 0.998066 -0.000000 0.062170
vn 0.544013 0.000000 0.839077
vn 0.593949 -0.208343 0.777057
vn 0.661877 -0.275675 0.697081
vn 0.644507 0.638321 0.420901
vn 0.821507 0.513425 0.248037
vn 0.828482 -0.213914 0.517550
vn 0.886920 -0.000499 0.461924
vn 0.316606 -0.000969 0.948557
vn 0.240737 0.484268 0.841148
vn 0.639624 -0.640190 0.425485
vn 0.476177 -0.654350 0.587437
vn 0.740356 0.286164 0.608263
vn 0.657201 0.276327 0.701235
vn 0.661877 -0.275675 0.697081
vn 0.752919 -0.282148 0.594564
vn 0.485530 0.655390 0.578554
vn 0.644507 0.638321 0.420901
vn 0.476177 -0.654350 0.587437
vn 0.351753 -0.621944 0.699611
vn 0.814180 0.240598 0.528417
vn 0.740356 0.286164 0.608263
vn 0.752919 -0.282148 0.594564
vn 0.820926 -0.239754 0.518264
vn 0.353320 0.626423 0.694809
vn 0.485530 0.655390 0.578554
vn 0.351753 -0.621944 0.699611
vn 0.270377 -0.605240 0.748719
vn 0.837399 0.200150 0.508628
vn 0.814180 0.240598 0.528417
vn 0.820926 -0.239754 0.518264
vn 0.828045 -0.212599 0.518790
vn 0.266170 0.605382 0.750111
vn 0.353320 0.626423 0.694809
vn 0.270377 -0.605240 0.748719
vn 0.247983 -0.489341 0.836092
vn 0.841918 0.200564 0.500947
vn 0.837399 0.200150 0.508628
vn 0.828045 -0.212599 0.518790
vn 0.828482 -0.213914 0.517550
vn 0.240737 0.484268 0.841148
vn 0.266170 0.605382 0.750111
vn 0.247983 -0.489341 0.836092
vn 0.316606 -0.000969 0.948557
vn 0.886920 -0.000499 0.461924
vn 0.841918 0.200564 0.500947
vn 0.544013 0.000000 0.839077
vn 0.998066 -0.000000 0.062170
vn 0.952278 -0.283898 0.112111
vn 0.555541 0.106627 0.824624
vn 0.952278 -0.283898 0.112111
vn 0.821507 -0.513425 0.248036
vn 0.593950 0.208343 0.777057
vn 0.555541 0.106627 0.824624
vn 0.555539 -0.106627 0.824625
vn 0.593949 -0.208343 0.777057
vn 0.821507 0.513425 0.248037
vn 0.952277 0.283898 0.112114
vn 0.639624 -0.640190 0.425485
vn 0.147018 -0.977388 -0.151984
vn -0.116943 -0.985145 0.125753
vn 0.476177 -0.654350 0.587437
vn 0.644507 0.638321 0.420901
vn 0.485530 0.655390 0.578554
vn -0.118565 0.984319 0.130608
vn 0.146183 0.977642 -0.151150
vn -0.116943 -0.985145 0.125753
vn -0.302270 -0.892345 0.335191
vn 0.351753 -0.621944 0.699611
vn 0.476177 -0.654350 0.587437
vn 0.485530 0.655390 0.578554
vn 0.353320 0.626423 0.694809
vn -0.300080 0.891224 0.340105
vn -0.118565 0.984319 0.130608
vn -0.302270 -0.892345 0.335191
vn -0.369741 -0.825554 0.426325
vn 0.270377 -0.605240 0.748719
vn 0.351753 -0.621944 0.699611
vn 0.353320 0.626423 0.694809
vn 0.266170 0.605382 0.750111
vn -0.361943 0.830128 0.424128
vn -0.300080 0.891224 0.340105
vn -0.369741 -0.825554 0.426325
vn -0.451364 -0.713412 0.536017
vn 0.247983 -0.489341 0.836092
vn 0.270377 -0.605240 0.748719
vn 0.266170 0.605382 0.750111
vn 0.240737 0.484268 0.841148
vn -0.441985 0.724763 0.528553
vn -0.361943 0.830128 0.424128
vn -0.451364 -0.713412 0.536017
vn -0.640659 0.011437 0.767740
vn 0.316606 -0.000969 0.948557
vn 0.247983 -0.489341 0.836092
vn 0.998066 -0.000000 0.062170
vn 0.695302 -0.000000 -0.718717
vn 0.624823 -0.438696 -0.645865
vn 0.952278 -0.283898 0.112111
vn 0.240737 0.484268 0.841148
vn 0.316606 -0.000969 0.948557
vn -0.640659 0.011437 0.767740
vn -0.441985 0.724763 0.528553
vn 0.998066 -0.000000 0.062170
vn 0.952277 0.283898 0.112114
vn 0.624823 0.438696 -0.645866
vn 0.695302 -0.000000 -0.718717
vn 0.624823 -0.438696 -0.645865
vn 0.422571 -0.794127 -0.436802
vn 0.821507 -0.513425 0.248036
vn 0.952278 -0.283898 0.112111
vn 0.952277 0.283898 0.112114
vn 0.821507 0.513425 0.248037
vn 0.422571 0.794127 -0.436803
vn 0.624823 0.438696 -0.645866
vn 0.422571 -0.794127 -0.436802
vn 0.147018 -0.977388 -0.151984
vn 0.639624 -0.640190 0.425485
vn 0.821507 -0.513425 0.248036
vn 0.821507 0.513425 0.248037
vn 0.644507 0.638321 0.420901
vn 0.146183 0.977642 -0.151150
vn 0.422571 0.794127 -0.436803
vn 0.234617 -0.793122 -0.562061
vn 0.177627 -0.884004 -0.432419
vn 0.332932 -0.887777 -0.317819
vn 0.428739 -0.743460 -0.513274
vn 0.673755 -0.213666 0.707391
vn 0.619107 -0.151722 0.770511
vn 0.155463 -0.597513 0.786644
vn 0.373980 -0.728268 0.574251
vn -0.566751 0.777966 0.271224
vn -0.278907 0.960227 0.013236
vn -0.125087 0.978045 0.166679
vn -0.397911 0.796903 0.454546
vn 0.312723 -0.059881 -0.947955
vn 0.239968 -0.656851 -0.714816
vn 0.578143 -0.533278 -0.617547
vn 0.634232 -0.257675 -0.728940
vn 0.763907 -0.222065 0.605915
vn 0.673755 -0.213666 0.707391
vn 0.373980 -0.728268 0.574251
vn 0.599850 -0.714936 0.359229
vn 0.592757 -0.077026 0.801690
vn 0.003783 -0.329931 0.943997
vn 0.155463 -0.597513 0.786644
vn 0.619107 -0.151722 0.770511
vn -0.278907 0.960227 0.013236
vn -0.010361 0.970821 -0.239581
vn 0.136837 0.984399 -0.110610
vn -0.125087 0.978045 0.166679
vn 0.839230 -0.200118 0.505615
vn 0.763907 -0.222065 0.605915
vn 0.599850 -0.714936 0.359229
vn 0.764901 -0.616572 0.186457
vn 0.177511 0.884659 -0.431124
vn 0.331351 0.889698 -0.314078
vn 0.136837 0.984399 -0.110610
vn -0.010361 0.970821 -0.239581
vn 0.866343 0.231871 0.442364
vn 0.839230 -0.200118 0.505615
vn 0.764901 -0.616572 0.186457
vn 0.950102 -0.286398 0.123624
vn 0.177511 0.884659 -0.431124
vn 0.245033 0.803213 -0.542962
vn 0.425435 0.778733 -0.461064
vn 0.331351 0.889698 -0.314078
vn 0.814161 0.252923 0.522659
vn 0.866343 0.231871 0.442364
vn 0.950102 -0.286398 0.123624
vn 0.983136 -0.171371 0.063846
vn 0.264375 0.635555 -0.725380
vn 0.541144 0.513514 -0.665932
vn 0.425435 0.778733 -0.461064
vn 0.245033 0.803213 -0.542962
vn -0.331654 0.402481 0.853238
vn -0.777829 0.428435 0.459811
vn -0.850801 0.000000 0.525488
vn -0.394292 0.000000 0.918985
vn 0.312723 -0.059881 -0.947955
vn 0.634232 -0.257675 -0.728940
vn 0.541144 0.513514 -0.665932
vn 0.264375 0.635555 -0.725380
vn -0.850801 0.000000 0.525488
vn -0.777829 0.428435 0.459811
vn -0.599859 0.441029 0.667580
vn -0.670441 0.000000 0.741963
vn 0.362958 0.921893 0.135556
vn 0.557720 0.826663 -0.074675
vn 0.177511 0.884659 -0.431124
vn -0.010361 0.970821 -0.239581
vn -0.777829 0.428435 0.459811
vn -0.566751 0.777966 0.271224
vn -0.397911 0.796903 0.454546
vn -0.599859 0.441029 0.667580
vn 0.592757 0.077026 0.801690
vn 0.619107 0.151723 0.770511
vn 0.155464 0.597512 0.786645
vn 0.003784 0.329931 0.943998
vn -0.850801 0.000000 0.525488
vn -0.670441 0.000000 0.741963
vn -0.599857 -0.441030 0.667580
vn -0.777829 -0.428434 0.459811
vn 0.747708 0.228932 0.623316
vn 0.824771 0.187636 0.533428
vn 0.756638 0.619370 0.209476
vn 0.588483 0.718494 0.370750
vn 0.824771 0.187636 0.533428
vn 0.910976 -0.017508 0.412088
vn 0.927640 0.362465 0.090022
vn 0.756638 0.619370 0.209476
vn -0.566751 -0.777966 0.271224
vn -0.777829 -0.428434 0.459811
vn -0.599857 -0.441030 0.667580
vn -0.397910 -0.796903 0.454548
vn 0.910976 -0.017508 0.412088
vn 0.853262 -0.361930 0.375434
vn 0.989589 0.118768 -0.081289
vn 0.927640 0.362465 0.090022
vn -0.280151 -0.959848 0.014379
vn -0.566751 -0.777966 0.271224
vn -0.397910 -0.796903 0.454548
vn -0.125482 -0.978118 0.165952
vn 0.853262 -0.361930 0.375434
vn 0.785520 -0.166421 0.596040
vn 0.973151 -0.124780 -0.193410
vn 0.989589 0.118768 -0.081289
vn -0.010834 -0.970874 -0.239347
vn -0.280151 -0.959848 0.014379
vn -0.125482 -0.978118 0.165952
vn 0.139615 -0.983660 -0.113666
vn 0.814161 0.252923 0.522659
vn 0.983136 -0.171371 0.063846
vn 0.973151 -0.124780 -0.193410
vn 0.785520 -0.166421 0.596040
vn 0.592757 -0.077026 0.801690
vn 0.583714 0.000000 0.811960
vn -0.047389 0.000001 0.998877
vn 0.003783 -0.329931 0.943997
vn 0.177627 -0.884004 -0.432419
vn -0.010834 -0.970874 -0.239347
vn 0.139615 -0.983660 -0.113666
vn 0.332932 -0.887777 -0.317819
vn 0.619107 0.151723 0.770511
vn 0.665623 0.213001 0.715246
vn 0.368500 0.729966 0.575636
vn 0.155464 0.597512 0.786645
vn 0.599850 -0.714936 0.359229
vn 0.126971 -0.983341 -0.130071
vn 0.333264 -0.881843 -0.333598
vn 0.764901 -0.616572 0.186457
vn 0.665623 0.213001 0.715246
vn 0.747708 0.228932 0.623316
vn 0.588483 0.718494 0.370750
vn 0.368500 0.729966 0.575636
vn 0.239968 -0.656851 -0.714816
vn 0.234617 -0.793122 -0.562061
vn 0.428739 -0.743460 -0.513274
vn 0.578143 -0.533278 -0.617547
vn 0.756638 0.619370 0.209476
vn 0.927640 0.362465 0.090022
vn 0.476790 0.744891 -0.466700
vn 0.321895 0.887683 -0.329245
vn 0.950102 -0.286398 0.123624
vn 0.764901 -0.616572 0.186457
vn 0.333264 -0.881843 -0.333598
vn 0.512117 -0.725504 -0.459761
vn 0.927640 0.362465 0.090022
vn 0.989589 0.118768 -0.081289
vn 0.656395 0.411918 -0.632036
vn 0.476790 0.744891 -0.466700
vn 0.983136 -0.171371 0.063846
vn 0.950102 -0.286398 0.123624
vn 0.512117 -0.725504 -0.459761
vn 0.654368 -0.490342 -0.575646
vn 0.989589 0.118768 -0.081289
vn 0.973151 -0.124780 -0.193410
vn 0.729865 -0.100527 -0.676159
vn 0.656395 0.411918 -0.632036
vn -0.047389 0.000001 0.998877
vn 0.003784 0.329931 0.943998
vn -0.624823 0.438697 0.645865
vn -0.695302 0.000001 0.718718
vn 0.973151 -0.124780 -0.193410
vn 0.983136 -0.171371 0.063846
vn 0.654368 -0.490342 -0.575646
vn 0.729865 -0.100527 -0.676159
vn 0.003783 -0.329931 0.943997
vn -0.047389 0.000001 0.998877
vn -0.695302 0.000001 0.718718
vn -0.624823 -0.438697 0.645864
vn 0.003784 0.329931 0.943998
vn 0.155464 0.597512 0.786645
vn -0.422571 0.794127 0.436802
vn -0.624823 0.438697 0.645865
vn 0.155463 -0.597513 0.786644
vn 0.003783 -0.329931 0.943997
vn -0.624823 -0.438697 0.645864
vn -0.422571 -0.794128 0.436800
vn 0.155464 0.597512 0.786645
vn 0.368500 0.729966 0.575636
vn -0.147064 0.977376 0.152014
vn -0.422571 0.794127 0.436802
vn 0.373980 -0.728268 0.574251
vn 0.155463 -0.597513 0.786644
vn -0.422571 -0.794128 0.436800
vn -0.146246 -0.977630 0.151166
vn 0.368500 0.729966 0.575636
vn 0.588483 0.718494 0.370750
vn 0.121913 0.984598 -0.125317
vn -0.147064 0.977376 0.152014
vn 0.599850 -0.714936 0.359229
vn 0.373980 -0.728268 0.574251
vn -0.146246 -0.977630 0.151166
vn 0.126971 -0.983341 -0.130071
vn 0.588483 0.718494 0.370750
vn 0.756638 0.619370 0.209476
vn 0.321895 0.887683 -0.329245
vn 0.121913 0.984598 -0.125317
vn -0.670441 0.000000 0.741963
vn -0.599859 0.441029 0.667580
vn -0.010910 0.338347 0.940958
vn -0.057926 0.000000 0.998321
vn -0.057926 0.000000 0.998321
vn -0.010910 0.338347 0.940958
vn 0.592757 0.077026 0.801690
vn 0.583714 0.000000 0.811960
vn -0.599859 0.441029 0.667580
vn -0.397911 0.796903 0.454546
vn 0.122408 0.626295 0.769916
vn -0.010910 0.338347 0.940958
vn -0.010910 0.338347 0.940958
vn 0.122408 0.626295 0.769916
vn 0.619107 0.151723 0.770511
vn 0.592757 0.077026 0.801690
vn -0.397911 0.796903 0.454546
vn -0.125087 0.978045 0.166679
vn 0.310572 0.794112 0.522428
vn 0.122408 0.626295 0.769916
vn 0.122408 0.626295 0.769916
vn 0.310572 0.794112 0.522428
vn 0.665623 0.213001 0.715246
vn 0.619107 0.151723 0.770511
vn -0.125087 0.978045 0.166679
vn 0.136837 0.984399 -0.110610
vn 0.517783 0.814161 0.262760
vn 0.310572 0.794112 0.522428
vn 0.310572 0.794112 0.522428
vn 0.517783 0.814161 0.262760
vn 0.747708 0.228932 0.623316
vn 0.665623 0.213001 0.715246
vn 0.136837 0.984399 -0.110610
vn 0.331351 0.889698 -0.314078
vn 0.684315 0.725758 0.070623
vn 0.517783 0.814161 0.262760
vn 0.517783 0.814161 0.262760
vn 0.684315 0.725758 0.070623
vn 0.824771 0.187636 0.533428
vn 0.747708 0.228932 0.623316
vn 0.331351 0.889698 -0.314078
vn 0.425435 0.778733 -0.461064
vn 0.822919 0.557011 -0.111994
vn 0.684315 0.725758 0.070623
vn 0.684315 0.725758 0.070623
vn 0.822919 0.557011 -0.111994
vn 0.910976 -0.017508 0.412088
vn 0.824771 0.187636 0.533428
vn 0.425435 0.778733 -0.461064
vn 0.541144 0.513514 -0.665932
vn 0.971993 0.064441 -0.226004
vn 0.822919 0.557011 -0.111994
vn 0.822919 0.557011 -0.111994
vn 0.971993 0.064441 -0.226004
vn 0.853262 -0.361930 0.375434
vn 0.910976 -0.017508 0.412088
vn 0.541144 0.513514 -0.665932
vn 0.634232 -0.257675 -0.728940
vn 0.932390 -0.361450 0.001534
vn 0.971993 0.064441 -0.226004
vn 0.971993 0.064441 -0.226004
vn 0.932390 -0.361450 0.001534
vn 0.785520 -0.166421 0.596040
vn 0.853262 -0.361930 0.375434
vn 0.583714 0.000000 0.811960
vn 0.592757 -0.077026 0.801690
vn -0.010907 -0.338346 0.940959
vn -0.057926 0.000000 0.998321
vn -0.057926 0.000000 0.998321
vn -0.010907 -0.338346 0.940959
vn -0.599857 -0.441030 0.667580
vn -0.670441 0.000000 0.741963
vn 0.592757 -0.077026 0.801690
vn 0.619107 -0.151722 0.770511
vn 0.122409 -0.626294 0.769917
vn -0.010907 -0.338346 0.940959
vn -0.010907 -0.338346 0.940959
vn 0.122409 -0.626294 0.769917
vn -0.397910 -0.796903 0.454548
vn -0.599857 -0.441030 0.667580
vn 0.619107 -0.151722 0.770511
vn 0.673755 -0.213666 0.707391
vn 0.314694 -0.797161 0.515269
vn 0.122409 -0.626294 0.769917
vn 0.122409 -0.626294 0.769917
vn 0.314694 -0.797161 0.515269
vn -0.125482 -0.978118 0.165952
vn -0.397910 -0.796903 0.454548
vn 0.673755 -0.213666 0.707391
vn 0.763907 -0.222065 0.605915
vn 0.530214 -0.810035 0.250434
vn 0.314694 -0.797161 0.515269
vn 0.314694 -0.797161 0.515269
vn 0.530214 -0.810035 0.250434
vn 0.139615 -0.983660 -0.113666
vn -0.125482 -0.978118 0.165952
vn 0.763907 -0.222065 0.605915
vn 0.839230 -0.200118 0.505615
vn 0.686796 -0.724886 0.053409
vn 0.530214 -0.810035 0.250434
vn 0.530214 -0.810035 0.250434
vn 0.686796 -0.724886 0.053409
vn 0.332932 -0.887777 -0.317819
vn 0.139615 -0.983660 -0.113666
vn 0.839230 -0.200118 0.505615
vn 0.866343 0.231871 0.442364
vn 0.901695 -0.392859 -0.180579
vn 0.686796 -0.724886 0.053409
vn 0.686796 -0.724886 0.053409
vn 0.901695 -0.392859 -0.180579
vn 0.428739 -0.743460 -0.513274
vn 0.332932 -0.887777 -0.317819
vn 0.866343 0.231871 0.442364
vn 0.814161 0.252923 0.522659
vn 0.986022 -0.134050 -0.098956
vn 0.901695 -0.392859 -0.180579
vn 0.901695 -0.392859 -0.180579
vn 0.986022 -0.134050 -0.098956
vn 0.578143 -0.533278 -0.617547
vn 0.428739 -0.743460 -0.513274
vn 0.814161 0.252923 0.522659
vn 0.785520 -0.166421 0.596040
vn 0.932390 -0.361450 0.001534
vn 0.986022 -0.134050 -0.098956
vn 0.986022 -0.134050 -0.098956
vn 0.932390 -0.361450 0.001534
vn 0.634232 -0.257675 -0.728940
vn 0.578143 -0.533278 -0.617547
vn 0.592757 0.077026 0.801690
vn 0.003784 0.329931 0.943998
vn -0.047389 0.000001 0.998877
vn 0.583714 0.000000 0.811960
vn 0.555745 -0.827010 -0.084866
vn 0.370463 -0.919773 0.129518
vn -0.010834 -0.970874 -0.239347
vn 0.177627 -0.884004 -0.432419
vn 0.370463 -0.919773 0.129518
vn 0.107238 -0.909902 0.400721
vn -0.280151 -0.959848 0.014379
vn -0.010834 -0.970874 -0.239347
vn -0.331653 -0.402481 0.853238
vn -0.394292 0.000000 0.918985
vn -0.850801 0.000000 0.525488
vn -0.777829 -0.428434 0.459811
vn 0.104461 0.910688 0.399669
vn 0.362958 0.921893 0.135556
vn -0.010361 0.970821 -0.239581
vn -0.278907 0.960227 0.013236
vn -0.149597 -0.732728 0.663875
vn -0.331653 -0.402481 0.853238
vn -0.777829 -0.428434 0.459811
vn -0.566751 -0.777966 0.271224
vn 0.107238 -0.909902 0.400721
vn -0.149597 -0.732728 0.663875
vn -0.566751 -0.777966 0.271224
vn -0.280151 -0.959848 0.014379
vn -0.331654 0.402481 0.853238
vn -0.149597 0.732728 0.663875
vn -0.566751 0.777966 0.271224
vn -0.777829 0.428435 0.459811
vn 0.846357 -0.010730 -0.532508
vn 0.703590 -0.650259 -0.286574
vn 0.239968 -0.656851 -0.714816
vn 0.312723 -0.059881 -0.947955
vn 0.072532 0.937054 0.341568
vn 0.291699 0.790443 0.538621
vn 0.533226 0.792372 0.296338
vn 0.321200 0.943479 0.081712
vn 0.711128 0.637668 -0.296101
vn 0.846357 -0.010730 -0.532508
vn 0.312723 -0.059881 -0.947955
vn 0.264375 0.635555 -0.725380
vn 0.703590 -0.650259 -0.286574
vn 0.612626 -0.773167 -0.164022
vn 0.234617 -0.793122 -0.562061
vn 0.239968 -0.656851 -0.714816
vn 0.628010 0.761132 -0.162116
vn 0.711128 0.637668 -0.296101
vn 0.264375 0.635555 -0.725380
vn 0.245033 0.803213 -0.542962
vn 0.612626 -0.773167 -0.164022
vn 0.555745 -0.827010 -0.084866
vn 0.177627 -0.884004 -0.432419
vn 0.234617 -0.793122 -0.562061
vn 0.557720 0.826663 -0.074675
vn 0.628010 0.761132 -0.162116
vn 0.245033 0.803213 -0.542962
vn 0.177511 0.884659 -0.431124
vn -0.012365 0.665179 0.746581
vn 0.291600 0.251701 0.922831
vn 0.580675 0.284756 0.762712
vn 0.291699 0.790443 0.538621
vn 0.321200 0.943479 0.081712
vn 0.533226 0.792372 0.296338
vn 0.686370 0.723878 0.069982
vn 0.485648 0.862312 -0.143401
vn 0.771633 0.607272 -0.189217
vn 0.968485 0.230284 0.094898
vn 0.982040 -0.009296 -0.188446
vn 0.594891 0.711215 -0.374536
vn 0.771633 0.607272 -0.189217
vn 0.982040 -0.009296 -0.188446
vn 0.485648 0.862312 -0.143401
vn 0.686370 0.723878 0.069982
vn 0.736812 0.674020 -0.052966
vn 0.543046 0.799624 -0.256325
vn -0.221781 0.784981 0.578461
vn -0.012365 0.665179 0.746581
vn 0.291699 0.790443 0.538621
vn 0.072532 0.937054 0.341568
vn 0.543046 0.799624 -0.256325
vn 0.736812 0.674020 -0.052966
vn 0.771633 0.607272 -0.189217
vn 0.594891 0.711215 -0.374536
vn 0.533226 0.792372 0.296338
vn 0.776977 0.281224 0.563223
vn 0.898308 0.256967 0.356387
vn 0.686370 0.723878 0.069982
vn 0.686370 0.723878 0.069982
vn 0.898308 0.256967 0.356387
vn 0.939102 0.241292 0.244674
vn 0.736812 0.674020 -0.052966
vn 0.736812 0.674020 -0.052966
vn 0.939102 0.241292 0.244674
vn 0.968485 0.230284 0.094898
vn 0.771633 0.607272 -0.189217
vn 0.291699 0.790443 0.538621
vn 0.580675 0.284756 0.762712
vn 0.776977 0.281224 0.563223
vn 0.533226 0.792372 0.296338
vn -0.479390 -0.000000 0.877602
vn -0.141646 0.156408 0.977483
vn -0.347832 0.399871 0.848008
vn 0.291600 0.251701 0.922831
vn 0.291599 -0.251700 0.922831
vn 0.581623 -0.285943 0.761546
vn 0.580675 0.284756 0.762712
vn 0.968485 0.230284 0.094898
vn 0.962256 -0.255194 0.094544
vn 0.982040 -0.009296 -0.188446
vn 0.898308 0.256967 0.356387
vn 0.895900 -0.277144 0.347209
vn 0.930652 -0.273656 0.242896
vn 0.939102 0.241292 0.244674
vn 0.962256 -0.255194 0.094544
vn 0.756584 -0.626718 -0.186559
vn 0.982040 -0.009296 -0.188446
vn 0.939102 0.241292 0.244674
vn 0.930652 -0.273656 0.242896
vn 0.962256 -0.255194 0.094544
vn 0.968485 0.230284 0.094898
vn 0.580675 0.284756 0.762712
vn 0.581623 -0.285943 0.761546
vn 0.779102 -0.288278 0.556682
vn 0.776977 0.281224 0.563223
vn -0.479390 -0.000000 0.877602
vn -0.347833 -0.399870 0.848007
vn -0.141646 -0.156407 0.977483
vn 0.776977 0.281224 0.563223
vn 0.779102 -0.288278 0.556682
vn 0.895900 -0.277144 0.347209
vn 0.898308 0.256967 0.356387
vn -0.141646 -0.156407 0.977483
vn -0.347833 -0.399870 0.848007
vn -0.012365 -0.665179 0.746582
vn 0.291599 -0.251700 0.922831
vn 0.291599 -0.251700 0.922831
vn -0.012365 -0.665179 0.746582
vn 0.293568 -0.790873 0.536971
vn 0.581623 -0.285943 0.761546
vn 0.895900 -0.277144 0.347209
vn 0.681367 -0.729932 0.054206
vn 0.721256 -0.690380 -0.056252
vn 0.930652 -0.273656 0.242896
vn -0.347832 0.399871 0.848008
vn -0.141646 0.156408 0.977483
vn 0.291600 0.251701 0.922831
vn -0.012365 0.665179 0.746581
vn 0.930652 -0.273656 0.242896
vn 0.721256 -0.690380 -0.056252
vn 0.756584 -0.626718 -0.186559
vn 0.962256 -0.255194 0.094544
vn 0.581623 -0.285943 0.761546
vn 0.293568 -0.790873 0.536971
vn 0.536910 -0.793855 0.285521
vn 0.779102 -0.288278 0.556682
vn -0.479390 -0.000000 0.877602
vn -0.141646 -0.156407 0.977483
vn -0.141646 0.156408 0.977483
vn 0.779102 -0.288278 0.556682
vn 0.536910 -0.793855 0.285521
vn 0.681367 -0.729932 0.054206
vn 0.895900 -0.277144 0.347209
vn -0.479390 -0.000000 0.877602
vn -0.502400 -0.467550 0.727318
vn -0.347833 -0.399870 0.848007
vn -0.347833 -0.399870 0.848007
vn -0.502400 -0.467550 0.727318
vn -0.221782 -0.784981 0.578461
vn -0.012365 -0.665179 0.746582
vn 0.756584 -0.626718 -0.186559
vn 0.579213 -0.726233 -0.370268
vn 0.982040 -0.009296 -0.188446
vn 0.681367 -0.729932 0.054206
vn 0.482626 -0.862185 -0.153976
vn 0.531063 -0.807667 -0.256216
vn 0.721256 -0.690380 -0.056252
vn -0.012365 -0.665179 0.746582
vn -0.221782 -0.784981 0.578461
vn 0.074022 -0.937849 0.339056
vn 0.293568 -0.790873 0.536971
vn 0.721256 -0.690380 -0.056252
vn 0.531063 -0.807667 -0.256216
vn 0.579213 -0.726233 -0.370268
vn 0.756584 -0.626718 -0.186559
vn 0.293568 -0.790873 0.536971
vn 0.074022 -0.937849 0.339056
vn 0.324180 -0.943291 0.071482
vn 0.536910 -0.793855 0.285521
vn -0.479390 -0.000000 0.877602
vn -0.347832 0.399871 0.848008
vn -0.502399 0.467551 0.727318
vn 0.536910 -0.793855 0.285521
vn 0.324180 -0.943291 0.071482
vn 0.482626 -0.862185 -0.153976
vn 0.681367 -0.729932 0.054206
vn -0.502399 0.467551 0.727318
vn -0.347832 0.399871 0.848008
vn -0.012365 0.665179 0.746581
vn -0.221781 0.784981 0.578461
vn 0.821507 -0.513425 0.248036
vn 0.639624 -0.640190 0.425485
vn 0.657201 0.276327 0.701235
vn 0.593950 0.208343 0.777057
vn -0.141646 0.156408 0.977483
vn -0.141646 -0.156407 0.977483
vn 0.291599 -0.251700 0.922831
vn 0.291600 0.251701 0.922831
vn 0.072591 -0.349685 -0.934051
vn -0.954562 0.292704 -0.055994
vn -0.822562 0.526690 -0.214450
vn -0.086875 -0.640035 -0.763419
vn -0.840890 -0.538170 0.057251
vn -0.213607 0.675250 -0.705981
vn -0.103360 0.583579 -0.805451
vn -0.976492 -0.091010 0.195396
vn -0.735252 0.669137 -0.107984
vn -0.842902 0.530096 0.092281
vn -0.180145 -0.693152 -0.697917
vn -0.340977 -0.635950 -0.692317
vn -0.724071 -0.678154 -0.125811
vn -0.330887 0.635371 -0.697723
vn -0.213607 0.675250 -0.705981
vn -0.840890 -0.538170 0.057251
vn -0.564434 0.774933 -0.284418
vn -0.735252 0.669137 -0.107984
vn -0.340977 -0.635950 -0.692317
vn -0.463345 -0.675385 -0.573730
vn -0.724071 -0.678154 -0.125811
vn -0.550387 -0.780648 -0.296079
vn -0.457269 0.670428 -0.584321
vn -0.330887 0.635371 -0.697723
vn -0.318091 0.790037 -0.524081
vn -0.564434 0.774933 -0.284418
vn -0.463345 -0.675385 -0.573730
vn -0.640425 -0.648923 -0.410798
vn -0.315214 -0.786775 -0.530683
vn -0.638023 0.647348 -0.416974
vn -0.457269 0.670428 -0.584321
vn -0.550387 -0.780648 -0.296079
vn -0.086877 0.640033 -0.763420
vn -0.318091 0.790037 -0.524081
vn -0.640425 -0.648923 -0.410798
vn -0.822562 -0.526691 -0.214450
vn -0.086875 -0.640035 -0.763419
vn -0.822562 0.526690 -0.214450
vn -0.638023 0.647348 -0.416974
vn -0.315214 -0.786775 -0.530683
vn -0.981269 0.178878 -0.071513
vn -0.104045 0.018100 -0.994408
vn -0.098485 -0.578231 -0.809907
vn -0.989506 0.126491 0.069847
vn -0.976492 -0.091010 0.195396
vn -0.103360 0.583579 -0.805451
vn -0.104045 0.018100 -0.994408
vn -0.981269 0.178878 -0.071513
vn -0.294134 0.000000 0.955764
vn -0.999999 0.000000 0.001102
vn -0.954562 -0.292704 -0.055992
vn -0.242891 -0.388092 0.889038
vn 0.072591 -0.349685 -0.934051
vn 0.125850 -0.000000 -0.992049
vn -0.999999 0.000000 0.001102
vn -0.954562 0.292704 -0.055994
vn -0.086877 0.640033 -0.763420
vn -0.822562 -0.526691 -0.214450
vn -0.954562 -0.292704 -0.055992
vn 0.072588 0.349683 -0.934052
vn -0.842902 0.530096 0.092281
vn -0.989506 0.126491 0.069847
vn -0.098485 -0.578231 -0.809907
vn -0.180145 -0.693152 -0.697917
vn 0.113029 0.291239 -0.949950
vn -0.851901 0.117674 0.510312
vn -0.873194 0.000000 0.487374
vn 0.070417 0.000001 -0.997518
vn -0.873194 0.000000 0.487374
vn -0.851901 -0.117675 0.510311
vn 0.113035 -0.291238 -0.949949
vn 0.070417 0.000001 -0.997518
vn 0.960845 0.008287 -0.276964
vn -0.557039 -0.018171 0.830288
vn -0.473552 0.538744 0.696781
vn 0.998845 0.046802 0.010908
vn 0.951587 -0.307376 -0.001180
vn 0.998509 -0.054427 0.004311
vn -0.735284 0.510935 -0.445312
vn -0.730561 0.585785 -0.350907
vn 0.998509 -0.054427 0.004311
vn -0.464605 -0.559910 0.686035
vn -0.557039 -0.018171 0.830288
vn 0.960845 0.008287 -0.276964
vn 0.427155 0.650997 -0.627488
vn -0.726876 0.267652 0.632467
vn -0.798236 0.208464 0.565121
vn 0.241305 0.530901 -0.812352
vn 0.241307 -0.530900 -0.812353
vn -0.798236 -0.208467 0.565120
vn -0.726876 -0.267653 0.632466
vn 0.427155 -0.650997 -0.627488
vn 0.607655 0.643583 -0.465357
vn -0.647316 0.292530 0.703852
vn -0.726876 0.267652 0.632467
vn 0.427155 0.650997 -0.627488
vn 0.427155 -0.650997 -0.627488
vn -0.726876 -0.267653 0.632466
vn -0.647316 -0.292530 0.703852
vn 0.607658 -0.643581 -0.465355
vn 0.803605 0.537565 -0.255425
vn -0.635680 0.312243 0.705985
vn -0.647316 0.292530 0.703852
vn 0.607655 0.643583 -0.465357
vn 0.607658 -0.643581 -0.465355
vn -0.647316 -0.292530 0.703852
vn -0.635680 -0.312243 0.705985
vn 0.803607 -0.537562 -0.255425
vn 0.952339 0.305040 0.000791
vn -0.612322 0.464542 0.639737
vn -0.635680 0.312243 0.705985
vn 0.803605 0.537565 -0.255425
vn 0.803607 -0.537562 -0.255425
vn -0.635680 -0.312243 0.705985
vn -0.610257 -0.469047 0.638421
vn 0.951587 -0.307376 -0.001180
vn 0.952339 0.305040 0.000791
vn 0.998845 0.046802 0.010908
vn -0.473552 0.538744 0.696781
vn -0.612322 0.464542 0.639737
vn 0.951587 -0.307376 -0.001180
vn -0.610257 -0.469047 0.638421
vn -0.464605 -0.559910 0.686035
vn 0.998509 -0.054427 0.004311
vn 0.241307 -0.530900 -0.812353
vn 0.354193 0.774773 0.523713
vn 0.548257 0.425114 0.720203
vn 0.113035 -0.291238 -0.949949
vn 0.113029 0.291239 -0.949950
vn 0.070417 0.000001 -0.997518
vn 0.614371 0.000000 0.789017
vn 0.548258 -0.425115 0.720202
vn 0.614371 0.000000 0.789017
vn 0.070417 0.000001 -0.997518
vn 0.113035 -0.291238 -0.949949
vn 0.548257 0.425114 0.720203
vn 0.998845 0.046802 0.010908
vn -0.727569 -0.501747 -0.467861
vn -0.700030 0.018206 -0.713882
vn 0.960845 0.008287 -0.276964
vn 0.960845 0.008287 -0.276964
vn -0.700030 0.018206 -0.713882
vn -0.735284 0.510935 -0.445312
vn 0.998509 -0.054427 0.004311
vn 0.241305 0.530901 -0.812352
vn 0.354195 -0.774773 0.523711
vn 0.077027 -0.964514 0.252546
vn 0.427155 0.650997 -0.627488
vn 0.241307 -0.530900 -0.812353
vn 0.427155 -0.650997 -0.627488
vn 0.077024 0.964514 0.252547
vn 0.354193 0.774773 0.523713
vn 0.427155 0.650997 -0.627488
vn 0.077027 -0.964514 0.252546
vn -0.199404 -0.979871 -0.009556
vn 0.607655 0.643583 -0.465357
vn 0.427155 -0.650997 -0.627488
vn 0.607658 -0.643581 -0.465355
vn -0.199404 0.979871 -0.009557
vn 0.077024 0.964514 0.252547
vn 0.803605 0.537565 -0.255425
vn 0.607655 0.643583 -0.465357
vn -0.199404 -0.979871 -0.009556
vn -0.478468 -0.854913 -0.200480
vn 0.607658 -0.643581 -0.465355
vn 0.803607 -0.537562 -0.255425
vn -0.478469 0.854912 -0.200481
vn -0.199404 0.979871 -0.009557
vn 0.803605 0.537565 -0.255425
vn -0.478468 -0.854913 -0.200480
vn -0.727516 -0.586644 -0.355766
vn 0.952339 0.305040 0.000791
vn 0.803607 -0.537562 -0.255425
vn 0.951587 -0.307376 -0.001180
vn -0.730561 0.585785 -0.350907
vn -0.478469 0.854912 -0.200481
vn 0.952339 0.305040 0.000791
vn -0.727516 -0.586644 -0.355766
vn -0.727569 -0.501747 -0.467861
vn 0.998845 0.046802 0.010908
vn 0.113029 0.291239 -0.949950
vn 0.548258 -0.425115 0.720202
vn 0.354195 -0.774773 0.523711
vn 0.241305 0.530901 -0.812352
vn -0.798236 0.208464 0.565121
vn 0.354195 -0.774773 0.523711
vn 0.548258 -0.425115 0.720202
vn -0.851901 0.117674 0.510312
vn 0.113035 -0.291238 -0.949949
vn -0.851901 -0.117675 0.510311
vn -0.798236 -0.208467 0.565120
vn 0.241307 -0.530900 -0.812353
vn -0.873194 0.000000 0.487374
vn 0.614371 0.000000 0.789017
vn 0.548257 0.425114 0.720203
vn -0.851901 -0.117675 0.510311
vn -0.873194 0.000000 0.487374
vn -0.851901 0.117674 0.510312
vn 0.548258 -0.425115 0.720202
vn 0.614371 0.000000 0.789017
vn -0.473552 0.538744 0.696781
vn -0.727569 -0.501747 -0.467861
vn -0.727516 -0.586644 -0.355766
vn -0.612322 0.464542 0.639737
vn -0.612322 0.464542 0.639737
vn -0.727516 -0.586644 -0.355766
vn -0.478468 -0.854913 -0.200480
vn -0.635680 0.312243 0.705985
vn 0.077024 0.964514 0.252547
vn -0.199404 0.979871 -0.009557
vn -0.647316 -0.292530 0.703852
vn -0.726876 -0.267653 0.632466
vn -0.635680 0.312243 0.705985
vn -0.478468 -0.854913 -0.200480
vn -0.199404 -0.979871 -0.009556
vn -0.647316 0.292530 0.703852
vn -0.647316 0.292530 0.703852
vn -0.199404 -0.979871 -0.009556
vn 0.077027 -0.964514 0.252546
vn -0.726876 0.267652 0.632467
vn -0.726876 0.267652 0.632467
vn 0.077027 -0.964514 0.252546
vn 0.354195 -0.774773 0.523711
vn -0.798236 0.208464 0.565121
vn -0.735284 0.510935 -0.445312
vn -0.700030 0.018206 -0.713882
vn -0.557039 -0.018171 0.830288
vn -0.464605 -0.559910 0.686035
vn -0.730561 0.585785 -0.350907
vn -0.735284 0.510935 -0.445312
vn -0.464605 -0.559910 0.686035
vn -0.610257 -0.469047 0.638421
vn -0.478469 0.854912 -0.200481
vn -0.730561 0.585785 -0.350907
vn -0.610257 -0.469047 0.638421
vn -0.635680 -0.312243 0.705985
vn -0.199404 0.979871 -0.009557
vn -0.478469 0.854912 -0.200481
vn -0.635680 -0.312243 0.705985
vn -0.647316 -0.292530 0.703852
vn 0.354193 0.774773 0.523713
vn 0.077024 0.964514 0.252547
vn -0.726876 -0.267653 0.632466
vn -0.798236 -0.208467 0.565120
vn 0.548257 0.425114 0.720203
vn 0.354193 0.774773 0.523713
vn -0.798236 -0.208467 0.565120
vn -0.851901 -0.117675 0.510311
vn -0.557039 -0.018171 0.830288
vn -0.700030 0.018206 -0.713882
vn -0.727569 -0.501747 -0.467861
vn -0.473552 0.538744 0.696781
vn 0.241305 0.530901 -0.812352
vn -0.798236 0.208464 0.565121
vn -0.851901 0.117674 0.510312
vn 0.113029 0.291239 -0.949950
vn -0.534455 0.843352 -0.055818
vn -0.665952 0.709660 -0.229978
vn -0.874554 0.184311 0.448537
vn -0.775165 0.280372 0.566137
vn -0.534455 -0.843352 -0.055818
vn -0.775165 -0.280370 0.566138
vn -0.874554 -0.184313 0.448536
vn -0.665952 -0.709660 -0.229979
vn -0.665952 -0.709660 -0.229979
vn -0.874554 -0.184313 0.448536
vn -0.935791 -0.126068 0.329246
vn -0.683448 -0.578201 -0.445627
vn -0.665952 0.709660 -0.229978
vn -0.683458 0.578393 -0.445362
vn -0.935790 0.126066 0.329248
vn -0.874554 0.184311 0.448537
vn -0.765905 0.000100 -0.642954
vn -0.683448 -0.578201 -0.445627
vn -0.935791 -0.126068 0.329246
vn -0.967722 -0.000001 0.252021
vn -0.683458 0.578393 -0.445362
vn -0.765905 0.000100 -0.642954
vn -0.967722 -0.000001 0.252021
vn -0.935790 0.126066 0.329248
vn 0.347214 -0.402480 0.847025
vn 0.411044 -0.000000 0.911615
vn -0.528565 -0.000000 0.848893
vn -0.540356 -0.106626 0.834654
vn 0.347214 0.402481 0.847025
vn 0.161723 0.732729 0.661025
vn -0.579630 0.208342 0.787796
vn -0.540356 0.106627 0.834653
vn 0.161723 -0.732728 0.661026
vn 0.347214 -0.402480 0.847025
vn -0.540356 -0.106626 0.834654
vn -0.579631 -0.208341 0.787796
vn 0.161723 -0.732728 0.661026
vn -0.096765 -0.910943 0.401023
vn 0.279007 -0.960258 0.007771
vn 0.571620 -0.777966 0.260806
vn 0.161723 -0.732728 0.661026
vn -0.579631 -0.208341 0.787796
vn -0.643660 -0.277626 0.713180
vn -0.096765 -0.910943 0.401023
vn 0.161723 0.732729 0.661025
vn -0.096765 0.910943 0.401023
vn -0.643659 0.277629 0.713180
vn -0.579630 0.208342 0.787796
vn 0.347214 0.402481 0.847025
vn -0.540356 0.106627 0.834653
vn -0.528565 -0.000000 0.848893
vn 0.411044 -0.000000 0.911615
vn -0.096765 -0.910943 0.401023
vn -0.643660 -0.277626 0.713180
vn -0.712203 -0.294167 0.637364
vn -0.347321 -0.926285 0.146164
vn -0.096765 0.910943 0.401023
vn -0.347321 0.926285 0.146164
vn -0.712202 0.294172 0.637363
vn -0.643659 0.277629 0.713180
vn -0.347321 -0.926285 0.146164
vn -0.712203 -0.294167 0.637364
vn -0.775165 -0.280370 0.566138
vn -0.534455 -0.843352 -0.055818
vn -0.347321 0.926285 0.146164
vn -0.534455 0.843352 -0.055818
vn -0.775165 0.280372 0.566137
vn -0.712202 0.294172 0.637363
vn -0.540356 0.106627 0.834653
vn -0.950067 -0.283899 0.129520
vn -0.996761 0.000000 0.080425
vn -0.528565 -0.000000 0.848893
vn -0.579630 0.208342 0.787796
vn -0.643659 0.277629 0.713180
vn -0.632037 -0.639207 0.438114
vn -0.816829 -0.513427 0.263026
vn -0.935790 0.126066 0.329248
vn -0.967722 -0.000001 0.252021
vn -0.396770 -0.000000 0.917918
vn -0.325764 -0.495032 0.805494
vn -0.632035 0.639212 0.438109
vn -0.451095 0.656311 0.604789
vn -0.712203 -0.294167 0.637364
vn -0.643660 -0.277626 0.713180
vn -0.643659 0.277629 0.713180
vn -0.712202 0.294172 0.637363
vn -0.451098 -0.656305 0.604793
vn -0.632037 -0.639207 0.438114
vn -0.451095 0.656311 0.604789
vn -0.328482 0.605437 0.724945
vn -0.775165 -0.280370 0.566138
vn -0.712203 -0.294167 0.637364
vn -0.712202 0.294172 0.637363
vn -0.775165 0.280372 0.566137
vn -0.328483 -0.605434 0.724947
vn -0.451098 -0.656305 0.604793
vn -0.328482 0.605437 0.724945
vn -0.327514 0.550189 0.768131
vn -0.874554 -0.184313 0.448536
vn -0.775165 -0.280370 0.566138
vn -0.775165 0.280372 0.566137
vn -0.874554 0.184311 0.448537
vn -0.327513 -0.550189 0.768132
vn -0.328483 -0.605434 0.724947
vn -0.327514 0.550189 0.768131
vn -0.325765 0.495033 0.805494
vn -0.935791 -0.126068 0.329246
vn -0.874554 -0.184313 0.448536
vn -0.874554 0.184311 0.448537
vn -0.935790 0.126066 0.329248
vn -0.325764 -0.495032 0.805494
vn -0.327513 -0.550189 0.768132
vn -0.325765 0.495033 0.805494
vn -0.396770 -0.000000 0.917918
vn -0.967722 -0.000001 0.252021
vn -0.935791 -0.126068 0.329246
vn -0.528565 -0.000000 0.848893
vn -0.996761 0.000000 0.080425
vn -0.950066 0.283899 0.129520
vn -0.540356 -0.106626 0.834654
vn -0.950066 0.283899 0.129520
vn -0.816829 0.513428 0.263025
vn -0.579631 -0.208341 0.787796
vn -0.540356 -0.106626 0.834654
vn -0.540356 0.106627 0.834653
vn -0.579630 0.208342 0.787796
vn -0.816829 -0.513427 0.263026
vn -0.950067 -0.283899 0.129520
vn -0.632035 0.639212 0.438109
vn -0.149941 0.977339 -0.149419
vn 0.114368 0.986879 0.113969
vn -0.451095 0.656311 0.604789
vn -0.632037 -0.639207 0.438114
vn -0.451098 -0.656305 0.604793
vn 0.114368 -0.986879 0.113970
vn -0.149942 -0.977339 -0.149419
vn 0.114368 0.986879 0.113969
vn 0.293603 0.900878 0.319714
vn -0.328482 0.605437 0.724945
vn -0.451095 0.656311 0.604789
vn -0.451098 -0.656305 0.604793
vn -0.328483 -0.605434 0.724947
vn 0.293603 -0.900877 0.319715
vn 0.114368 -0.986879 0.113970
vn 0.293603 0.900878 0.319714
vn 0.351797 0.799014 0.487663
vn -0.327514 0.550189 0.768131
vn -0.328482 0.605437 0.724945
vn -0.328483 -0.605434 0.724947
vn -0.327513 -0.550189 0.768132
vn 0.351796 -0.799014 0.487663
vn 0.293603 -0.900877 0.319715
vn 0.351797 0.799014 0.487663
vn 0.378591 0.632501 0.675730
vn -0.325765 0.495033 0.805494
vn -0.327514 0.550189 0.768131
vn -0.327513 -0.550189 0.768132
vn -0.325764 -0.495032 0.805494
vn 0.378590 -0.632501 0.675731
vn 0.351796 -0.799014 0.487663
vn 0.378591 0.632501 0.675730
vn 0.459707 0.000001 0.888071
vn -0.396770 -0.000000 0.917918
vn -0.325765 0.495033 0.805494
vn -0.996761 0.000000 0.080425
vn -0.708338 0.000000 -0.705873
vn -0.636538 0.438696 -0.634323
vn -0.950066 0.283899 0.129520
vn -0.325764 -0.495032 0.805494
vn -0.396770 -0.000000 0.917918
vn 0.459707 0.000001 0.888071
vn 0.378590 -0.632501 0.675731
vn -0.996761 0.000000 0.080425
vn -0.950067 -0.283899 0.129520
vn -0.636538 -0.438697 -0.634322
vn -0.708338 0.000000 -0.705873
vn -0.636538 0.438696 -0.634323
vn -0.430494 0.794127 -0.428995
vn -0.816829 0.513428 0.263025
vn -0.950066 0.283899 0.129520
vn -0.950067 -0.283899 0.129520
vn -0.816829 -0.513427 0.263026
vn -0.430494 -0.794127 -0.428995
vn -0.636538 -0.438697 -0.634322
vn -0.430494 0.794127 -0.428995
vn -0.149941 0.977339 -0.149419
vn -0.632035 0.639212 0.438109
vn -0.816829 0.513428 0.263025
vn -0.816829 -0.513427 0.263026
vn -0.632037 -0.639207 0.438114
vn -0.149942 -0.977339 -0.149419
vn -0.430494 -0.794127 -0.428995
vn -0.260109 0.772336 -0.579518
vn -0.180998 0.882084 -0.434934
vn -0.338215 0.884345 -0.321783
vn -0.479403 0.717397 -0.505485
vn -0.649771 0.216700 0.728587
vn -0.604904 0.151719 0.781711
vn -0.141040 0.597513 0.789358
vn -0.356252 0.731131 0.581834
vn 0.571620 -0.777966 0.260806
vn 0.279007 -0.960258 0.007771
vn 0.128070 -0.978018 0.164559
vn 0.406165 -0.796903 0.447187
vn -0.382809 0.000280 -0.923827
vn -0.321085 0.619797 -0.716070
vn -0.606731 0.515277 -0.605283
vn -0.719571 0.022403 -0.694057
vn -0.709025 0.249870 0.659431
vn -0.649771 0.216700 0.728587
vn -0.356252 0.731131 0.581834
vn -0.558609 0.731476 0.391021
vn -0.577986 0.077026 0.812403
vn 0.013496 0.329931 0.943909
vn -0.141040 0.597513 0.789358
vn -0.604904 0.151719 0.781711
vn 0.279007 -0.960258 0.007771
vn 0.007066 -0.971865 -0.235433
vn -0.132386 -0.986252 -0.098901
vn 0.128070 -0.978018 0.164559
vn -0.832043 0.192447 0.520259
vn -0.709025 0.249870 0.659431
vn -0.558609 0.731476 0.391021
vn -0.772491 0.600057 0.207822
vn -0.180998 -0.882084 -0.434934
vn -0.338213 -0.884345 -0.321784
vn -0.132386 -0.986252 -0.098901
vn 0.007066 -0.971865 -0.235433
vn -0.931677 -0.136135 0.336817
vn -0.832043 0.192447 0.520259
vn -0.772491 0.600057 0.207822
vn -0.959695 0.279820 0.026200
vn -0.180998 -0.882084 -0.434934
vn -0.259201 -0.771779 -0.580665
vn -0.478548 -0.715480 -0.508999
vn -0.338213 -0.884345 -0.321784
vn -0.876356 -0.285344 0.388045
vn -0.931677 -0.136135 0.336817
vn -0.959695 0.279820 0.026200
vn -0.981346 0.189039 -0.034983
vn -0.315732 -0.614662 -0.722844
vn -0.605333 -0.500711 -0.618758
vn -0.478548 -0.715480 -0.508999
vn -0.259201 -0.771779 -0.580665
vn 0.347214 -0.402480 0.847025
vn 0.786114 -0.428434 0.445499
vn 0.860275 -0.000000 0.509830
vn 0.411044 -0.000000 0.911615
vn -0.382809 0.000280 -0.923827
vn -0.719571 0.022403 -0.694057
vn -0.605333 -0.500711 -0.618758
vn -0.315732 -0.614662 -0.722844
vn 0.860275 -0.000000 0.509830
vn 0.786114 -0.428434 0.445499
vn 0.611975 -0.441030 0.656490
vn 0.683904 -0.000000 0.729572
vn -0.347321 -0.926285 0.146164
vn -0.534455 -0.843352 -0.055818
vn -0.180998 -0.882084 -0.434934
vn 0.007066 -0.971865 -0.235433
vn 0.786114 -0.428434 0.445499
vn 0.571620 -0.777966 0.260806
vn 0.406165 -0.796903 0.447187
vn 0.611975 -0.441030 0.656490
vn -0.577985 -0.077027 0.812404
vn -0.604903 -0.151722 0.781712
vn -0.141042 -0.597513 0.789358
vn 0.013494 -0.329931 0.943909
vn 0.860275 -0.000000 0.509830
vn 0.683904 -0.000000 0.729572
vn 0.611970 0.441030 0.656494
vn 0.786114 0.428435 0.445499
vn -0.709024 -0.249871 0.659431
vn -0.832042 -0.192443 0.520261
vn -0.772491 -0.600058 0.207820
vn -0.558609 -0.731477 0.391021
vn -0.832042 -0.192443 0.520261
vn -0.931100 0.133372 0.339508
vn -0.958558 -0.283893 0.023922
vn -0.772491 -0.600058 0.207820
vn 0.571620 0.777966 0.260806
vn 0.786114 0.428435 0.445499
vn 0.611970 0.441030 0.656494
vn 0.406162 0.796903 0.447189
vn -0.931100 0.133372 0.339508
vn -0.877205 0.273708 0.394455
vn -0.980903 -0.188938 -0.046165
vn -0.958558 -0.283893 0.023922
vn 0.279007 0.960258 0.007771
vn 0.571620 0.777966 0.260806
vn 0.406162 0.796903 0.447189
vn 0.128070 0.978018 0.164558
vn -0.877205 0.273708 0.394455
vn -0.825326 -0.011666 0.564536
vn -0.978346 0.015111 -0.206423
vn -0.980903 -0.188938 -0.046165
vn 0.007066 0.971865 -0.235433
vn 0.279007 0.960258 0.007771
vn 0.128070 0.978018 0.164558
vn -0.132386 0.986252 -0.098902
vn -0.876356 -0.285344 0.388045
vn -0.981346 0.189039 -0.034983
vn -0.978346 0.015111 -0.206423
vn -0.825326 -0.011666 0.564536
vn -0.577986 0.077026 0.812403
vn -0.568754 -0.000000 0.822508
vn 0.065664 -0.000000 0.997842
vn 0.013496 0.329931 0.943909
vn -0.180998 0.882084 -0.434934
vn 0.007066 0.971865 -0.235433
vn -0.132386 0.986252 -0.098902
vn -0.338215 0.884345 -0.321783
vn -0.604903 -0.151722 0.781712
vn -0.649769 -0.216704 0.728587
vn -0.356252 -0.731132 0.581834
vn -0.141042 -0.597513 0.789358
vn -0.558609 0.731476 0.391021
vn -0.114369 0.986879 -0.113969
vn -0.347560 0.875517 -0.335667
vn -0.772491 0.600057 0.207822
vn -0.649769 -0.216704 0.728587
vn -0.709024 -0.249871 0.659431
vn -0.558609 -0.731477 0.391021
vn -0.356252 -0.731132 0.581834
vn -0.321085 0.619797 -0.716070
vn -0.260109 0.772336 -0.579518
vn -0.479403 0.717397 -0.505485
vn -0.606731 0.515277 -0.605283
vn -0.772491 -0.600058 0.207820
vn -0.958558 -0.283893 0.023922
vn -0.537213 -0.680465 -0.498367
vn -0.347556 -0.875518 -0.335668
vn -0.959695 0.279820 0.026200
vn -0.772491 0.600057 0.207822
vn -0.347560 0.875517 -0.335667
vn -0.534346 0.685813 -0.494099
vn -0.958558 -0.283893 0.023922
vn -0.980903 -0.188938 -0.046165
vn -0.620024 -0.521414 -0.586257
vn -0.537213 -0.680465 -0.498367
vn -0.981346 0.189039 -0.034983
vn -0.959695 0.279820 0.026200
vn -0.534346 0.685813 -0.494099
vn -0.609133 0.547617 -0.573649
vn -0.980903 -0.188938 -0.046165
vn -0.978346 0.015111 -0.206423
vn -0.721712 0.016974 -0.691985
vn -0.620024 -0.521414 -0.586257
vn 0.065664 -0.000000 0.997842
vn 0.013494 -0.329931 0.943909
vn 0.636540 -0.438697 0.634320
vn 0.708342 -0.000000 0.705869
vn -0.978346 0.015111 -0.206423
vn -0.981346 0.189039 -0.034983
vn -0.609133 0.547617 -0.573649
vn -0.721712 0.016974 -0.691985
vn 0.013496 0.329931 0.943909
vn 0.065664 -0.000000 0.997842
vn 0.708342 -0.000000 0.705869
vn 0.636542 0.438697 0.634318
vn 0.013494 -0.329931 0.943909
vn -0.141042 -0.597513 0.789358
vn 0.430493 -0.794127 0.428996
vn 0.636540 -0.438697 0.634320
vn -0.141040 0.597513 0.789358
vn 0.013496 0.329931 0.943909
vn 0.636542 0.438697 0.634318
vn 0.430496 0.794128 0.428992
vn -0.141042 -0.597513 0.789358
vn -0.356252 -0.731132 0.581834
vn 0.149941 -0.977339 0.149421
vn 0.430493 -0.794127 0.428996
vn -0.356252 0.731131 0.581834
vn -0.141040 0.597513 0.789358
vn 0.430496 0.794128 0.428992
vn 0.149941 0.977339 0.149419
vn -0.356252 -0.731132 0.581834
vn -0.558609 -0.731477 0.391021
vn -0.114369 -0.986879 -0.113969
vn 0.149941 -0.977339 0.149421
vn -0.558609 0.731476 0.391021
vn -0.356252 0.731131 0.581834
vn 0.149941 0.977339 0.149419
vn -0.114369 0.986879 -0.113969
vn -0.558609 -0.731477 0.391021
vn -0.772491 -0.600058 0.207820
vn -0.347556 -0.875518 -0.335668
vn -0.114369 -0.986879 -0.113969
vn 0.683904 -0.000000 0.729572
vn 0.611975 -0.441030 0.656490
vn 0.028130 -0.338347 0.940601
vn 0.076187 -0.000001 0.997094
vn 0.076187 -0.000001 0.997094
vn 0.028130 -0.338347 0.940601
vn -0.577985 -0.077027 0.812404
vn -0.568754 -0.000000 0.822508
vn 0.611975 -0.441030 0.656490
vn 0.406165 -0.796903 0.447187
vn -0.108296 -0.626294 0.772028
vn 0.028130 -0.338347 0.940601
vn 0.028130 -0.338347 0.940601
vn -0.108296 -0.626294 0.772028
vn -0.604903 -0.151722 0.781712
vn -0.577985 -0.077027 0.812404
vn 0.406165 -0.796903 0.447187
vn 0.128070 -0.978018 0.164559
vn -0.298362 -0.794678 0.528646
vn -0.108296 -0.626294 0.772028
vn -0.108296 -0.626294 0.772028
vn -0.298362 -0.794678 0.528646
vn -0.649769 -0.216704 0.728587
vn -0.604903 -0.151722 0.781712
vn 0.128070 -0.978018 0.164559
vn -0.132386 -0.986252 -0.098901
vn -0.489271 -0.821428 0.293037
vn -0.298362 -0.794678 0.528646
vn -0.298362 -0.794678 0.528646
vn -0.489271 -0.821428 0.293037
vn -0.709024 -0.249871 0.659431
vn -0.649769 -0.216704 0.728587
vn -0.132386 -0.986252 -0.098901
vn -0.338213 -0.884345 -0.321784
vn -0.683405 -0.728406 0.048803
vn -0.489271 -0.821428 0.293037
vn -0.489271 -0.821428 0.293037
vn -0.683405 -0.728406 0.048803
vn -0.832042 -0.192443 0.520261
vn -0.709024 -0.249871 0.659431
vn -0.338213 -0.884345 -0.321784
vn -0.478548 -0.715480 -0.508999
vn -0.881709 -0.432472 -0.188569
vn -0.683405 -0.728406 0.048803
vn -0.683405 -0.728406 0.048803
vn -0.881709 -0.432472 -0.188569
vn -0.931100 0.133372 0.339508
vn -0.832042 -0.192443 0.520261
vn -0.478548 -0.715480 -0.508999
vn -0.605333 -0.500711 -0.618758
vn -0.976597 -0.117358 -0.180237
vn -0.881709 -0.432472 -0.188569
vn -0.881709 -0.432472 -0.188569
vn -0.976597 -0.117358 -0.180237
vn -0.877205 0.273708 0.394455
vn -0.931100 0.133372 0.339508
vn -0.605333 -0.500711 -0.618758
vn -0.719571 0.022403 -0.694057
vn -0.999970 0.001661 0.007608
vn -0.976597 -0.117358 -0.180237
vn -0.976597 -0.117358 -0.180237
vn -0.999970 0.001661 0.007608
vn -0.825326 -0.011666 0.564536
vn -0.877205 0.273708 0.394455
vn -0.568754 -0.000000 0.822508
vn -0.577986 0.077026 0.812403
vn 0.028120 0.338344 0.940602
vn 0.076187 -0.000001 0.997094
vn 0.076187 -0.000001 0.997094
vn 0.028120 0.338344 0.940602
vn 0.611970 0.441030 0.656494
vn 0.683904 -0.000000 0.729572
vn -0.577986 0.077026 0.812403
vn -0.604904 0.151719 0.781711
vn -0.108303 0.626290 0.772031
vn 0.028120 0.338344 0.940602
vn 0.028120 0.338344 0.940602
vn -0.108303 0.626290 0.772031
vn 0.406162 0.796903 0.447189
vn 0.611970 0.441030 0.656494
vn -0.604904 0.151719 0.781711
vn -0.649771 0.216700 0.728587
vn -0.298364 0.794676 0.528649
vn -0.108303 0.626290 0.772031
vn -0.108303 0.626290 0.772031
vn -0.298364 0.794676 0.528649
vn 0.128070 0.978018 0.164558
vn 0.406162 0.796903 0.447189
vn -0.649771 0.216700 0.728587
vn -0.709025 0.249870 0.659431
vn -0.489271 0.821428 0.293035
vn -0.298364 0.794676 0.528649
vn -0.298364 0.794676 0.528649
vn -0.489271 0.821428 0.293035
vn -0.132386 0.986252 -0.098902
vn 0.128070 0.978018 0.164558
vn -0.709025 0.249870 0.659431
vn -0.832043 0.192447 0.520259
vn -0.683403 0.728408 0.048800
vn -0.489271 0.821428 0.293035
vn -0.489271 0.821428 0.293035
vn -0.683403 0.728408 0.048800
vn -0.338215 0.884345 -0.321783
vn -0.132386 0.986252 -0.098902
vn -0.832043 0.192447 0.520259
vn -0.931677 -0.136135 0.336817
vn -0.880187 0.435887 -0.187811
vn -0.683403 0.728408 0.048800
vn -0.683403 0.728408 0.048800
vn -0.880187 0.435887 -0.187811
vn -0.479403 0.717397 -0.505485
vn -0.338215 0.884345 -0.321783
vn -0.931677 -0.136135 0.336817
vn -0.876356 -0.285344 0.388045
vn -0.974832 0.131026 -0.180372
vn -0.880187 0.435887 -0.187811
vn -0.880187 0.435887 -0.187811
vn -0.974832 0.131026 -0.180372
vn -0.606731 0.515277 -0.605283
vn -0.479403 0.717397 -0.505485
vn -0.876356 -0.285344 0.388045
vn -0.825326 -0.011666 0.564536
vn -0.999970 0.001661 0.007608
vn -0.974832 0.131026 -0.180372
vn -0.974832 0.131026 -0.180372
vn -0.999970 0.001661 0.007608
vn -0.719571 0.022403 -0.694057
vn -0.606731 0.515277 -0.605283
vn -0.577985 -0.077027 0.812404
vn 0.013494 -0.329931 0.943909
vn 0.065664 -0.000000 0.997842
vn -0.568754 -0.000000 0.822508
vn -0.534455 0.843352 -0.055818
vn -0.347321 0.926285 0.146164
vn 0.007066 0.971865 -0.235433
vn -0.180998 0.882084 -0.434934
vn -0.347321 0.926285 0.146164
vn -0.096765 0.910943 0.401023
vn 0.279007 0.960258 0.007771
vn 0.007066 0.971865 -0.235433
vn 0.347214 0.402481 0.847025
vn 0.411044 -0.000000 0.911615
vn 0.860275 -0.000000 0.509830
vn 0.786114 0.428435 0.445499
vn -0.096765 -0.910943 0.401023
vn -0.347321 -0.926285 0.146164
vn 0.007066 -0.971865 -0.235433
vn 0.279007 -0.960258 0.007771
vn 0.161723 0.732729 0.661025
vn 0.347214 0.402481 0.847025
vn 0.786114 0.428435 0.445499
vn 0.571620 0.777966 0.260806
vn -0.096765 0.910943 0.401023
vn 0.161723 0.732729 0.661025
vn 0.571620 0.777966 0.260806
vn 0.279007 0.960258 0.007771
vn 0.347214 -0.402480 0.847025
vn 0.161723 -0.732728 0.661026
vn 0.571620 -0.777966 0.260806
vn 0.786114 -0.428434 0.445499
vn -0.765905 0.000100 -0.642954
vn -0.683458 0.578393 -0.445362
vn -0.321085 0.619797 -0.716070
vn -0.382809 0.000280 -0.923827
vn -0.066212 -0.936941 0.343158
vn -0.281538 -0.790421 0.544032
vn -0.516114 -0.795171 0.318323
vn -0.312355 -0.944560 0.101200
vn -0.683448 -0.578201 -0.445627
vn -0.765905 0.000100 -0.642954
vn -0.382809 0.000280 -0.923827
vn -0.315732 -0.614662 -0.722844
vn -0.683458 0.578393 -0.445362
vn -0.665952 0.709660 -0.229978
vn -0.260109 0.772336 -0.579518
vn -0.321085 0.619797 -0.716070
vn -0.665952 -0.709660 -0.229979
vn -0.683448 -0.578201 -0.445627
vn -0.315732 -0.614662 -0.722844
vn -0.259201 -0.771779 -0.580665
vn -0.665952 0.709660 -0.229978
vn -0.534455 0.843352 -0.055818
vn -0.180998 0.882084 -0.434934
vn -0.260109 0.772336 -0.579518
vn -0.534455 -0.843352 -0.055818
vn -0.665952 -0.709660 -0.229979
vn -0.259201 -0.771779 -0.580665
vn -0.180998 -0.882084 -0.434934
vn 0.026027 -0.665179 0.746230
vn -0.274662 -0.251700 0.928013
vn -0.565624 -0.285181 0.773784
vn -0.281538 -0.790421 0.544032
vn -0.312355 -0.944560 0.101200
vn -0.516114 -0.795171 0.318323
vn -0.661506 -0.739914 0.122213
vn -0.471065 -0.875770 -0.105474
vn -0.731734 -0.550114 -0.402417
vn -0.960163 -0.213878 -0.179841
vn -0.824444 -0.000001 -0.565943
vn -0.540211 -0.636536 -0.550450
vn -0.731734 -0.550114 -0.402417
vn -0.824444 -0.000001 -0.565943
vn -0.471065 -0.875770 -0.105474
vn -0.661506 -0.739914 0.122213
vn -0.742081 -0.665963 -0.076220
vn -0.535821 -0.787917 -0.303450
vn 0.232332 -0.784982 0.574304
vn 0.026027 -0.665179 0.746230
vn -0.281538 -0.790421 0.544032
vn -0.066212 -0.936941 0.343158
vn -0.535821 -0.787917 -0.303450
vn -0.742081 -0.665963 -0.076220
vn -0.731734 -0.550114 -0.402417
vn -0.540211 -0.636536 -0.550450
vn -0.516114 -0.795171 0.318323
vn -0.749965 -0.285468 0.596707
vn -0.859041 -0.271518 0.433966
vn -0.661506 -0.739914 0.122213
vn -0.661506 -0.739914 0.122213
vn -0.859041 -0.271518 0.433966
vn -0.943434 -0.250265 0.217487
vn -0.742081 -0.665963 -0.076220
vn -0.742081 -0.665963 -0.076220
vn -0.943434 -0.250265 0.217487
vn -0.960163 -0.213878 -0.179841
vn -0.731734 -0.550114 -0.402417
vn -0.281538 -0.790421 0.544032
vn -0.565624 -0.285181 0.773784
vn -0.749965 -0.285468 0.596707
vn -0.516114 -0.795171 0.318323
vn 0.495372 0.000000 0.868681
vn 0.159511 -0.156407 0.974727
vn 0.363295 -0.399871 0.841499
vn -0.274662 -0.251700 0.928013
vn -0.274662 0.251700 0.928013
vn -0.565624 0.285181 0.773784
vn -0.565624 -0.285181 0.773784
vn -0.960163 -0.213878 -0.179841
vn -0.960163 0.213878 -0.179841
vn -0.824444 -0.000001 -0.565943
vn -0.859041 -0.271518 0.433966
vn -0.859041 0.271518 0.433966
vn -0.943434 0.250265 0.217486
vn -0.943434 -0.250265 0.217487
vn -0.960163 0.213878 -0.179841
vn -0.731734 0.550114 -0.402418
vn -0.824444 -0.000001 -0.565943
vn -0.943434 -0.250265 0.217487
vn -0.943434 0.250265 0.217486
vn -0.960163 0.213878 -0.179841
vn -0.960163 -0.213878 -0.179841
vn -0.565624 -0.285181 0.773784
vn -0.565624 0.285181 0.773784
vn -0.749965 0.285469 0.596708
vn -0.749965 -0.285468 0.596707
vn 0.495372 0.000000 0.868681
vn 0.363293 0.399871 0.841500
vn 0.159511 0.156408 0.974727
vn -0.749965 -0.285468 0.596707
vn -0.749965 0.285469 0.596708
vn -0.859041 0.271518 0.433966
vn -0.859041 -0.271518 0.433966
vn 0.159511 0.156408 0.974727
vn 0.363293 0.399871 0.841500
vn 0.026026 0.665179 0.746230
vn -0.274662 0.251700 0.928013
vn -0.274662 0.251700 0.928013
vn 0.026026 0.665179 0.746230
vn -0.281538 0.790421 0.544032
vn -0.565624 0.285181 0.773784
vn -0.859041 0.271518 0.433966
vn -0.661506 0.739915 0.122213
vn -0.742081 0.665963 -0.076220
vn -0.943434 0.250265 0.217486
vn 0.363295 -0.399871 0.841499
vn 0.159511 -0.156407 0.974727
vn -0.274662 -0.251700 0.928013
vn 0.026027 -0.665179 0.746230
vn -0.943434 0.250265 0.217486
vn -0.742081 0.665963 -0.076220
vn -0.731734 0.550114 -0.402418
vn -0.960163 0.213878 -0.179841
vn -0.565624 0.285181 0.773784
vn -0.281538 0.790421 0.544032
vn -0.516113 0.795172 0.318323
vn -0.749965 0.285469 0.596708
vn 0.495372 0.000000 0.868681
vn 0.159511 0.156408 0.974727
vn 0.159511 -0.156407 0.974727
vn -0.749965 0.285469 0.596708
vn -0.516113 0.795172 0.318323
vn -0.661506 0.739915 0.122213
vn -0.859041 0.271518 0.433966
vn 0.495372 0.000000 0.868681
vn 0.515626 0.467551 0.718001
vn 0.363293 0.399871 0.841500
vn 0.363293 0.399871 0.841500
vn 0.515626 0.467551 0.718001
vn 0.232331 0.784982 0.574305
vn 0.026026 0.665179 0.746230
vn -0.731734 0.550114 -0.402418
vn -0.540212 0.636536 -0.550448
vn -0.824444 -0.000001 -0.565943
vn -0.661506 0.739915 0.122213
vn -0.471064 0.875771 -0.105474
vn -0.535821 0.787918 -0.303449
vn -0.742081 0.665963 -0.076220
vn 0.026026 0.665179 0.746230
vn 0.232331 0.784982 0.574305
vn -0.066212 0.936941 0.343158
vn -0.281538 0.790421 0.544032
vn -0.742081 0.665963 -0.076220
vn -0.535821 0.787918 -0.303449
vn -0.540212 0.636536 -0.550448
vn -0.731734 0.550114 -0.402418
vn -0.281538 0.790421 0.544032
vn -0.066212 0.936941 0.343158
vn -0.312355 0.944560 0.101199
vn -0.516113 0.795172 0.318323
vn 0.495372 0.000000 0.868681
vn 0.363295 -0.399871 0.841499
vn 0.515629 -0.467552 0.717998
vn -0.516113 0.795172 0.318323
vn -0.312355 0.944560 0.101199
vn -0.471064 0.875771 -0.105474
vn -0.661506 0.739915 0.122213
vn 0.515629 -0.467552 0.717998
vn 0.363295 -0.399871 0.841499
vn 0.026027 -0.665179 0.746230
vn 0.232332 -0.784982 0.574304
vn -0.816829 0.513428 0.263025
vn -0.632035 0.639212 0.438109
vn -0.643660 -0.277626 0.713180
vn -0.579631 -0.208341 0.787796
vn 0.159511 -0.156407 0.974727
vn 0.159511 0.156408 0.974727
vn -0.274662 0.251700 0.928013
vn -0.274662 -0.251700 0.928013
vn -0.548616 -0.821062 -0.157728
vn 0.060372 0.090352 -0.994078
vn 0.021200 0.106578 -0.994078
vn -0.192648 -0.968509 -0.157727
vn 0.302530 0.452768 0.838735
vn 0.452769 0.302530 0.838735
vn 0.821062 0.548615 -0.157731
vn 0.548616 0.821062 -0.157730
vn -0.534076 0.106234 0.838736
vn -0.968508 0.192648 -0.157729
vn -0.968508 -0.192648 -0.157731
vn -0.534077 -0.106234 0.838735
vn -0.192648 0.968508 -0.157730
vn 0.021199 -0.106579 -0.994078
vn 0.060372 -0.090353 -0.994078
vn -0.548616 0.821062 -0.157729
vn -0.302530 0.452768 0.838735
vn -0.106235 0.534076 0.838736
vn -0.192648 0.968508 -0.157730
vn -0.548616 0.821062 -0.157729
vn 0.192648 0.968508 -0.157730
vn 0.548616 0.821062 -0.157730
vn -0.060372 -0.090353 -0.994078
vn -0.021200 -0.106579 -0.994078
vn 0.021200 0.106578 -0.994078
vn -0.021200 0.106578 -0.994078
vn 0.192648 -0.968509 -0.157727
vn -0.192648 -0.968509 -0.157727
vn 0.090354 0.060372 -0.994078
vn 0.060372 0.090352 -0.994078
vn -0.548616 -0.821062 -0.157728
vn -0.821062 -0.548615 -0.157729
vn -0.968508 -0.192648 -0.157731
vn -0.968508 0.192648 -0.157729
vn 0.106578 -0.021200 -0.994078
vn 0.106578 0.021200 -0.994078
vn -0.090353 0.060372 -0.994078
vn -0.106579 0.021200 -0.994078
vn 0.968508 -0.192648 -0.157729
vn 0.821062 -0.548616 -0.157729
vn -0.795255 -0.158186 0.585275
vn -0.106579 -0.021200 -0.994078
vn -0.106579 0.021200 -0.994078
vn -0.795255 0.158186 0.585274
vn 0.192648 -0.968509 -0.157727
vn -0.021200 0.106578 -0.994078
vn -0.060372 0.090352 -0.994078
vn 0.548616 -0.821062 -0.157729
vn -0.968508 -0.192648 -0.157731
vn 0.106578 0.021200 -0.994078
vn 0.090354 0.060372 -0.994078
vn -0.821062 -0.548615 -0.157729
vn 0.158187 -0.795256 0.585273
vn 0.021199 -0.106579 -0.994078
vn -0.021200 -0.106579 -0.994078
vn -0.158186 -0.795256 0.585274
vn -0.450476 -0.674185 0.585274
vn -0.060372 -0.090353 -0.994078
vn -0.090353 -0.060372 -0.994078
vn -0.674185 -0.450476 0.585274
vn 0.158186 0.795256 0.585274
vn 0.021200 0.106578 -0.994078
vn 0.060372 0.090352 -0.994078
vn 0.450476 0.674185 0.585275
vn -0.106579 -0.021200 -0.994078
vn -0.795255 -0.158186 0.585275
vn -0.674185 -0.450476 0.585274
vn -0.090353 -0.060372 -0.994078
vn -0.674185 0.450476 0.585274
vn -0.090353 0.060372 -0.994078
vn -0.060372 0.090352 -0.994078
vn -0.450476 0.674185 0.585274
vn 0.060372 -0.090353 -0.994078
vn 0.450476 -0.674185 0.585274
vn 0.674184 -0.450475 0.585276
vn 0.090354 -0.060372 -0.994078
vn 0.450476 -0.674185 0.585274
vn 0.060372 -0.090353 -0.994078
vn 0.021199 -0.106579 -0.994078
vn 0.158187 -0.795256 0.585273
vn 0.090354 -0.060372 -0.994078
vn 0.674184 -0.450475 0.585276
vn 0.795256 -0.158186 0.585274
vn 0.106578 -0.021200 -0.994078
vn -0.060372 -0.090353 -0.994078
vn -0.450476 -0.674185 0.585274
vn -0.158186 -0.795256 0.585274
vn -0.021200 -0.106579 -0.994078
vn 0.021200 0.106578 -0.994078
vn 0.158186 0.795256 0.585274
vn -0.158186 0.795256 0.585274
vn -0.021200 0.106578 -0.994078
vn 0.450476 0.674185 0.585275
vn 0.060372 0.090352 -0.994078
vn 0.090354 0.060372 -0.994078
vn 0.674184 0.450475 0.585275
vn 0.106578 -0.021200 -0.994078
vn 0.795256 -0.158186 0.585274
vn 0.795256 0.158186 0.585273
vn 0.106578 0.021200 -0.994078
vn -0.090353 0.060372 -0.994078
vn -0.674185 0.450476 0.585274
vn -0.795255 0.158186 0.585274
vn -0.106579 0.021200 -0.994078
vn 0.534076 -0.106234 0.838736
vn -0.795255 0.158186 0.585274
vn -0.674185 0.450476 0.585274
vn 0.452768 -0.302530 0.838735
vn -0.450476 0.674185 0.585274
vn -0.060372 0.090352 -0.994078
vn -0.021200 0.106578 -0.994078
vn -0.158186 0.795256 0.585274
vn 0.674184 0.450475 0.585275
vn 0.090354 0.060372 -0.994078
vn 0.106578 0.021200 -0.994078
vn 0.795256 0.158186 0.585273
vn 0.674184 0.450475 0.585275
vn 0.795256 0.158186 0.585273
vn -0.534077 -0.106234 0.838735
vn -0.452768 -0.302530 0.838735
vn -0.106234 -0.534075 0.838736
vn 0.158186 0.795256 0.585274
vn 0.450476 0.674185 0.585275
vn -0.302530 -0.452767 0.838736
vn -0.106235 0.534076 0.838736
vn 0.158187 -0.795256 0.585273
vn -0.158186 -0.795256 0.585274
vn 0.106235 0.534076 0.838736
vn 0.106234 -0.534074 0.838736
vn -0.158186 0.795256 0.585274
vn 0.158186 0.795256 0.585274
vn -0.106234 -0.534075 0.838736
vn 0.106235 0.534076 0.838736
vn -0.158186 -0.795256 0.585274
vn -0.450476 -0.674185 0.585274
vn 0.302530 0.452768 0.838735
vn -0.090353 -0.060372 -0.994078
vn -0.060372 -0.090353 -0.994078
vn 0.548616 0.821062 -0.157730
vn 0.821062 0.548615 -0.157731
vn -0.450476 0.674185 0.585274
vn -0.158186 0.795256 0.585274
vn 0.106234 -0.534074 0.838736
vn 0.302530 -0.452768 0.838736
vn -0.534077 -0.106234 0.838735
vn 0.795256 0.158186 0.585273
vn 0.795256 -0.158186 0.585274
vn -0.534076 0.106234 0.838736
vn 0.302530 0.452768 0.838735
vn -0.450476 -0.674185 0.585274
vn -0.674185 -0.450476 0.585274
vn 0.452769 0.302530 0.838735
vn 0.452768 -0.302530 0.838735
vn -0.674185 0.450476 0.585274
vn -0.450476 0.674185 0.585274
vn 0.302530 -0.452768 0.838736
vn -0.534076 0.106234 0.838736
vn 0.795256 -0.158186 0.585274
vn 0.674184 -0.450475 0.585276
vn -0.452767 0.302529 0.838736
vn -0.821062 0.548615 -0.157729
vn -0.548616 0.821062 -0.157729
vn 0.060372 -0.090353 -0.994078
vn 0.090354 -0.060372 -0.994078
vn 0.968508 -0.192648 -0.157729
vn -0.106579 0.021200 -0.994078
vn -0.106579 -0.021200 -0.994078
vn 0.968508 0.192648 -0.157729
vn -0.021200 -0.106579 -0.994078
vn 0.021199 -0.106579 -0.994078
vn -0.192648 0.968508 -0.157730
vn 0.192648 0.968508 -0.157730
vn -0.106579 -0.021200 -0.994078
vn -0.090353 -0.060372 -0.994078
vn 0.821062 0.548615 -0.157731
vn 0.968508 0.192648 -0.157729
vn 0.450476 -0.674185 0.585274
vn 0.158187 -0.795256 0.585273
vn -0.106235 0.534076 0.838736
vn -0.302530 0.452768 0.838735
vn 0.452768 -0.302530 0.838735
vn 0.302530 -0.452768 0.838736
vn 0.548616 -0.821062 -0.157729
vn 0.821062 -0.548616 -0.157729
vn 0.534076 0.106235 0.838735
vn 0.534076 -0.106234 0.838736
vn 0.968508 -0.192648 -0.157729
vn 0.968508 0.192648 -0.157729
vn -0.534076 0.106234 0.838736
vn -0.452767 0.302529 0.838736
vn -0.821062 0.548615 -0.157729
vn -0.968508 0.192648 -0.157729
vn 0.534076 -0.106234 0.838736
vn 0.452768 -0.302530 0.838735
vn 0.821062 -0.548616 -0.157729
vn 0.968508 -0.192648 -0.157729
vn 0.302530 -0.452768 0.838736
vn 0.106234 -0.534074 0.838736
vn 0.192648 -0.968509 -0.157727
vn 0.548616 -0.821062 -0.157729
vn 0.452769 0.302530 0.838735
vn 0.534076 0.106235 0.838735
vn 0.968508 0.192648 -0.157729
vn 0.821062 0.548615 -0.157731
vn -0.302530 -0.452767 0.838736
vn -0.452768 -0.302530 0.838735
vn -0.821062 -0.548615 -0.157729
vn -0.548616 -0.821062 -0.157728
vn 0.090354 -0.060372 -0.994078
vn 0.106578 -0.021200 -0.994078
vn -0.968508 0.192648 -0.157729
vn -0.821062 0.548615 -0.157729
vn -0.106235 0.534076 0.838736
vn 0.106235 0.534076 0.838736
vn 0.192648 0.968508 -0.157730
vn -0.192648 0.968508 -0.157730
vn 0.106234 -0.534074 0.838736
vn -0.106234 -0.534075 0.838736
vn -0.192648 -0.968509 -0.157727
vn 0.192648 -0.968509 -0.157727
vn 0.548616 -0.821062 -0.157729
vn -0.060372 0.090352 -0.994078
vn -0.090353 0.060372 -0.994078
vn 0.821062 -0.548616 -0.157729
vn 0.302530 0.452768 0.838735
vn 0.548616 0.821062 -0.157730
vn 0.192648 0.968508 -0.157730
vn 0.106235 0.534076 0.838736
vn -0.452768 -0.302530 0.838735
vn -0.534077 -0.106234 0.838735
vn -0.968508 -0.192648 -0.157731
vn -0.821062 -0.548615 -0.157729
vn -0.452767 0.302529 0.838736
vn -0.302530 0.452768 0.838735
vn -0.548616 0.821062 -0.157729
vn -0.821062 0.548615 -0.157729
vn 0.534076 0.106235 0.838735
vn -0.795255 -0.158186 0.585275
vn -0.795255 0.158186 0.585274
vn 0.534076 -0.106234 0.838736
vn 0.452769 0.302530 0.838735
vn -0.674185 -0.450476 0.585274
vn -0.795255 -0.158186 0.585275
vn 0.534076 0.106235 0.838735
vn -0.302530 -0.452767 0.838736
vn 0.450476 0.674185 0.585275
vn 0.674184 0.450475 0.585275
vn -0.452768 -0.302530 0.838735
vn -0.452767 0.302529 0.838736
vn 0.674184 -0.450475 0.585276
vn 0.450476 -0.674185 0.585274
vn -0.302530 0.452768 0.838735
vn -0.302530 -0.452767 0.838736
vn -0.548616 -0.821062 -0.157728
vn -0.192648 -0.968509 -0.157727
vn -0.106234 -0.534075 0.838736
vn 0.692709 0.692708 0.200775
vn 0.374890 0.905067 0.200774
vn 0.382684 0.923879 -0.000001
vn 0.707107 0.707107 -0.000000
vn 0.979638 0.000000 0.200774
vn 0.905067 0.374891 0.200774
vn 0.923880 0.382683 -0.000000
vn 1.000000 -0.000000 0.000000
vn -0.923880 0.382683 -0.000000
vn -0.905068 0.374891 0.200771
vn -0.979638 -0.000000 0.200771
vn -1.000000 -0.000000 0.000000
vn 0.979638 0.000000 0.200774
vn 1.000000 -0.000000 0.000000
vn 0.923880 -0.382683 0.000000
vn 0.905067 -0.374891 0.200774
vn -0.374891 -0.905068 0.200771
vn -0.382683 -0.923880 0.000000
vn -0.707107 -0.707107 -0.000000
vn -0.692709 -0.692709 0.200770
vn 0.692709 -0.692708 0.200774
vn 0.707107 -0.707107 0.000000
vn 0.382683 -0.923880 0.000000
vn 0.374891 -0.905067 0.200773
vn -0.692709 -0.692709 0.200770
vn -0.707107 -0.707107 -0.000000
vn -0.923880 -0.382683 -0.000000
vn -0.905068 -0.374891 0.200770
vn 0.374891 -0.905067 0.200773
vn 0.382683 -0.923880 0.000000
vn 0.000000 -1.000000 0.000000
vn 0.000000 -0.979638 0.200773
vn -0.923880 0.382683 -0.000000
vn -0.707107 0.707107 -0.000000
vn -0.692708 0.692708 0.200773
vn -0.905068 0.374891 0.200771
vn 0.692709 0.692708 0.200775
vn 0.707107 0.707107 -0.000000
vn 0.923880 0.382683 -0.000000
vn 0.905067 0.374891 0.200774
vn -0.905068 -0.374891 0.200770
vn -0.923880 -0.382683 -0.000000
vn -1.000000 -0.000000 0.000000
vn -0.979638 -0.000000 0.200771
vn -0.382683 -0.923880 0.000000
vn -0.374891 -0.905068 0.200771
vn 0.000000 -0.979638 0.200773
vn 0.000000 -1.000000 0.000000
vn -0.301610 -0.728152 0.615489
vn -0.000000 -0.788146 0.615489
vn 0.000000 0.537395 0.843330
vn 0.205653 0.496488 0.843331
vn -0.692708 0.692708 0.200773
vn -0.707107 0.707107 -0.000000
vn -0.382684 0.923880 -0.000000
vn -0.374891 0.905067 0.200774
vn 0.374890 0.905067 0.200774
vn -0.000000 0.979638 0.200774
vn 0.000000 1.000000 -0.000000
vn 0.382684 0.923879 -0.000001
vn 0.692709 -0.692708 0.200774
vn 0.905067 -0.374891 0.200774
vn 0.923880 -0.382683 0.000000
vn 0.707107 -0.707107 0.000000
vn 0.379829 0.916988 -0.121911
vn 0.701833 0.701833 -0.121910
vn 0.688053 0.688054 -0.230576
vn 0.372372 0.898984 -0.230579
vn -0.701833 -0.701833 -0.121910
vn -0.916989 -0.379829 -0.121910
vn -0.898986 -0.372371 -0.230574
vn -0.688053 -0.688054 -0.230575
vn 0.701833 0.701833 -0.121910
vn 0.916989 0.379829 -0.121910
vn 0.898985 0.372372 -0.230576
vn 0.688053 0.688054 -0.230576
vn -0.151151 0.151151 -0.976886
vn -0.000000 -0.000000 -1.000000
vn -0.000000 0.000000 -1.000000
vn -0.197487 0.081802 -0.976887
vn 0.701832 -0.701833 -0.121910
vn 0.379829 -0.916989 -0.121910
vn 0.372371 -0.898985 -0.230577
vn 0.688053 -0.688054 -0.230575
vn -0.916989 -0.379829 -0.121910
vn -0.992541 0.000000 -0.121910
vn -0.973055 -0.000000 -0.230573
vn -0.898986 -0.372371 -0.230574
vn 0.213757 -0.000000 -0.976887
vn 0.197486 -0.081801 -0.976887
vn 0.000000 0.000000 -1.000000
vn 0.000000 -0.000000 -1.000000
vn 0.916989 -0.379829 -0.121910
vn 0.701832 -0.701833 -0.121910
vn 0.688053 -0.688054 -0.230575
vn 0.898985 -0.372372 -0.230575
vn -0.379829 0.916988 -0.121911
vn -0.000000 0.992541 -0.121910
vn -0.000000 0.973054 -0.230579
vn -0.372372 0.898985 -0.230578
vn -0.701833 0.701832 -0.121911
vn -0.688053 0.688053 -0.230579
vn -0.898985 0.372371 -0.230576
vn -0.916989 0.379829 -0.121910
vn -0.992541 0.000000 -0.121910
vn -0.916989 0.379829 -0.121910
vn -0.898985 0.372371 -0.230576
vn -0.973055 -0.000000 -0.230573
vn 0.379829 0.916988 -0.121911
vn 0.372372 0.898984 -0.230579
vn -0.000000 0.973054 -0.230579
vn -0.000000 0.992541 -0.121910
vn -0.000000 -0.973054 -0.230578
vn -0.000000 -0.992541 -0.121910
vn -0.379829 -0.916989 -0.121910
vn -0.372371 -0.898985 -0.230576
vn 0.379829 -0.916989 -0.121910
vn -0.000000 -0.992541 -0.121910
vn -0.000000 -0.973054 -0.230578
vn 0.372371 -0.898985 -0.230577
vn 0.992541 0.000000 -0.121910
vn 0.916989 -0.379829 -0.121910
vn 0.898985 -0.372372 -0.230575
vn 0.973054 -0.000000 -0.230576
vn -0.379829 -0.916989 -0.121910
vn -0.701833 -0.701833 -0.121910
vn -0.688053 -0.688054 -0.230575
vn -0.372371 -0.898985 -0.230576
vn 0.916989 0.379829 -0.121910
vn 0.992541 0.000000 -0.121910
vn 0.973054 -0.000000 -0.230576
vn 0.898985 0.372372 -0.230576
vn -0.979638 -0.000000 0.200771
vn -0.905068 0.374891 0.200771
vn -0.496490 0.205653 0.843329
vn -0.537398 -0.000000 0.843329
vn 0.788145 0.000000 0.615489
vn 0.728151 0.301610 0.615489
vn -0.496491 -0.205653 0.843329
vn -0.537398 -0.000000 0.843329
vn 0.000000 -0.979638 0.200773
vn -0.374891 -0.905068 0.200771
vn -0.205653 -0.496490 0.843329
vn 0.000000 -0.537396 0.843330
vn 0.301610 -0.728152 0.615489
vn 0.557303 -0.557303 0.615489
vn -0.379996 0.379996 0.843330
vn -0.205652 0.496488 0.843331
vn -0.374891 -0.905068 0.200771
vn -0.692709 -0.692709 0.200770
vn -0.379997 -0.379998 0.843329
vn -0.205653 -0.496490 0.843329
vn -0.000000 0.788145 0.615489
vn -0.301611 0.728152 0.615489
vn 0.205653 -0.496489 0.843330
vn 0.000000 -0.537396 0.843330
vn -0.905068 0.374891 0.200771
vn -0.692708 0.692708 0.200773
vn -0.379996 0.379996 0.843330
vn -0.496490 0.205653 0.843329
vn 0.728152 -0.301610 0.615489
vn 0.788145 0.000000 0.615489
vn -0.537398 -0.000000 0.843329
vn -0.496490 0.205653 0.843329
vn -0.692708 0.692708 0.200773
vn -0.374891 0.905067 0.200774
vn -0.205652 0.496488 0.843331
vn -0.379996 0.379996 0.843330
vn 0.557303 -0.557303 0.615489
vn 0.728152 -0.301610 0.615489
vn -0.496490 0.205653 0.843329
vn -0.379996 0.379996 0.843330
vn -0.692709 -0.692709 0.200770
vn -0.905068 -0.374891 0.200770
vn -0.496491 -0.205653 0.843329
vn -0.379997 -0.379998 0.843329
vn 0.557303 0.557303 0.615489
vn 0.301610 0.728152 0.615488
vn -0.205653 -0.496490 0.843329
vn -0.379997 -0.379998 0.843329
vn -0.374891 0.905067 0.200774
vn -0.000000 0.979638 0.200774
vn 0.000000 0.537395 0.843330
vn -0.205652 0.496488 0.843331
vn 0.728151 0.301610 0.615489
vn 0.557303 0.557303 0.615489
vn -0.379997 -0.379998 0.843329
vn -0.496491 -0.205653 0.843329
vn 0.301610 0.728152 0.615488
vn -0.000000 0.788145 0.615489
vn 0.000000 -0.537396 0.843330
vn -0.205653 -0.496490 0.843329
vn 0.379995 0.379995 0.843331
vn 0.205653 0.496488 0.843331
vn 0.374890 0.905067 0.200774
vn 0.692709 0.692708 0.200775
vn -0.728152 -0.301610 0.615489
vn -0.557303 -0.557303 0.615489
vn 0.379995 0.379995 0.843331
vn 0.496489 0.205652 0.843331
vn -0.000000 -0.788146 0.615489
vn -0.301610 -0.728152 0.615489
vn -0.379829 -0.916989 -0.121910
vn -0.000000 -0.992541 -0.121910
vn 0.205653 -0.496489 0.843330
vn 0.379996 -0.379996 0.843330
vn 0.692709 -0.692708 0.200774
vn 0.374891 -0.905067 0.200773
vn -0.557303 0.557303 0.615489
vn -0.728152 0.301610 0.615489
vn 0.496489 -0.205652 0.843330
vn 0.379996 -0.379996 0.843330
vn 0.496489 -0.205652 0.843330
vn 0.537395 0.000000 0.843330
vn 0.979638 0.000000 0.200774
vn 0.905067 -0.374891 0.200774
vn 0.205653 0.496488 0.843331
vn 0.000000 0.537395 0.843330
vn -0.000000 0.979638 0.200774
vn 0.374890 0.905067 0.200774
vn -0.000000 -0.788146 0.615489
vn 0.301610 -0.728152 0.615489
vn -0.205652 0.496488 0.843331
vn 0.000000 0.537395 0.843330
vn -0.301611 0.728152 0.615489
vn -0.557303 0.557303 0.615489
vn 0.379996 -0.379996 0.843330
vn 0.205653 -0.496489 0.843330
vn 0.379996 -0.379996 0.843330
vn 0.496489 -0.205652 0.843330
vn 0.905067 -0.374891 0.200774
vn 0.692709 -0.692708 0.200774
vn 0.537395 0.000000 0.843330
vn 0.496489 0.205652 0.843331
vn 0.905067 0.374891 0.200774
vn 0.979638 0.000000 0.200774
vn -0.728152 0.301610 0.615489
vn -0.788146 0.000000 0.615489
vn 0.537395 0.000000 0.843330
vn 0.496489 -0.205652 0.843330
vn -0.788146 0.000000 0.615489
vn -0.728152 -0.301610 0.615489
vn 0.496489 0.205652 0.843331
vn 0.537395 0.000000 0.843330
vn 0.496489 0.205652 0.843331
vn 0.379995 0.379995 0.843331
vn 0.692709 0.692708 0.200775
vn 0.905067 0.374891 0.200774
vn 0.000000 -0.537396 0.843330
vn 0.205653 -0.496489 0.843330
vn 0.374891 -0.905067 0.200773
vn 0.000000 -0.979638 0.200773
vn -0.557303 -0.557303 0.615489
vn -0.301610 -0.728152 0.615489
vn 0.205653 0.496488 0.843331
vn 0.379995 0.379995 0.843331
vn -0.382684 0.923880 -0.000000
vn 0.000000 1.000000 -0.000000
vn -0.000000 0.979638 0.200774
vn -0.374891 0.905067 0.200774
vn 0.557303 0.557303 0.615489
vn 0.728151 0.301610 0.615489
vn 0.916989 0.379829 -0.121910
vn 0.701833 0.701833 -0.121910
vn 0.151151 -0.151152 -0.976886
vn 0.081804 -0.197491 -0.976886
vn -0.000000 -0.000000 -1.000000
vn 0.000000 -0.000000 -1.000000
vn 0.151151 0.151151 -0.976886
vn 0.197486 0.081801 -0.976887
vn 0.000000 -0.000000 -1.000000
vn 0.000000 0.000000 -1.000000
vn 0.000000 -0.213762 -0.976886
vn -0.081802 -0.197488 -0.976887
vn -0.000000 -0.000000 -1.000000
vn -0.000000 -0.000000 -1.000000
vn 0.000000 0.213760 -0.976886
vn 0.081803 0.197490 -0.976886
vn -0.000000 0.000000 -1.000000
vn -0.000000 0.000000 -1.000000
vn -0.081802 -0.197488 -0.976887
vn -0.151148 -0.151149 -0.976887
vn -0.000000 -0.000000 -1.000000
vn -0.000000 -0.000000 -1.000000
vn -0.151151 0.151151 -0.976886
vn -0.081802 0.197488 -0.976886
vn 0.000000 0.000000 -1.000000
vn -0.000000 -0.000000 -1.000000
vn 0.151151 0.151151 -0.976886
vn 0.000000 0.000000 -1.000000
vn -0.000000 0.000000 -1.000000
vn 0.081803 0.197490 -0.976886
vn 0.197486 -0.081801 -0.976887
vn 0.151151 -0.151152 -0.976886
vn 0.000000 -0.000000 -1.000000
vn 0.000000 0.000000 -1.000000
vn -0.213757 -0.000000 -0.976887
vn -0.197487 0.081802 -0.976887
vn -0.000000 0.000000 -1.000000
vn 0.000000 -0.000000 -1.000000
vn -0.213757 -0.000000 -0.976887
vn 0.000000 -0.000000 -1.000000
vn -0.000000 -0.000000 -1.000000
vn -0.197485 -0.081801 -0.976887
vn -0.151148 -0.151149 -0.976887
vn -0.197485 -0.081801 -0.976887
vn -0.000000 -0.000000 -1.000000
vn -0.000000 -0.000000 -1.000000
vn 0.197486 0.081801 -0.976887
vn 0.213757 -0.000000 -0.976887
vn 0.000000 -0.000000 -1.000000
vn 0.000000 -0.000000 -1.000000
vn 0.081804 -0.197491 -0.976886
vn 0.000000 -0.213762 -0.976886
vn -0.000000 -0.000000 -1.000000
vn -0.000000 -0.000000 -1.000000
vn 0.728151 0.301610 0.615489
vn 0.788145 0.000000 0.615489
vn 0.992541 0.000000 -0.121910
vn 0.916989 0.379829 -0.121910
vn 0.557303 -0.557303 0.615489
vn 0.301610 -0.728152 0.615489
vn 0.379829 -0.916989 -0.121910
vn 0.701832 -0.701833 -0.121910
vn -0.301611 0.728152 0.615489
vn -0.000000 0.788145 0.615489
vn -0.000000 0.992541 -0.121910
vn -0.379829 0.916988 -0.121911
vn 0.788145 0.000000 0.615489
vn 0.728152 -0.301610 0.615489
vn 0.916989 -0.379829 -0.121910
vn 0.992541 0.000000 -0.121910
vn 0.728152 -0.301610 0.615489
vn 0.557303 -0.557303 0.615489
vn 0.701832 -0.701833 -0.121910
vn 0.916989 -0.379829 -0.121910
vn 0.301610 0.728152 0.615488
vn 0.557303 0.557303 0.615489
vn 0.701833 0.701833 -0.121910
vn 0.379829 0.916988 -0.121911
vn -0.000000 0.788145 0.615489
vn 0.301610 0.728152 0.615488
vn 0.379829 0.916988 -0.121911
vn -0.000000 0.992541 -0.121910
vn -0.557303 -0.557303 0.615489
vn -0.728152 -0.301610 0.615489
vn -0.916989 -0.379829 -0.121910
vn -0.701833 -0.701833 -0.121910
vn 0.688053 0.688054 -0.230576
vn 0.898985 0.372372 -0.230576
vn 0.658430 0.272730 -0.701490
vn 0.503941 0.503941 -0.701490
vn -0.728152 0.301610 0.615489
vn -0.557303 0.557303 0.615489
vn -0.701833 0.701832 -0.121911
vn -0.916989 0.379829 -0.121910
vn 0.301610 -0.728152 0.615489
vn -0.000000 -0.788146 0.615489
vn -0.000000 -0.992541 -0.121910
vn 0.379829 -0.916989 -0.121910
vn -0.557303 0.557303 0.615489
vn -0.301611 0.728152 0.615489
vn -0.379829 0.916988 -0.121911
vn -0.701833 0.701832 -0.121911
vn -0.788146 0.000000 0.615489
vn -0.728152 0.301610 0.615489
vn -0.916989 0.379829 -0.121910
vn -0.992541 0.000000 -0.121910
vn -0.728152 -0.301610 0.615489
vn -0.788146 0.000000 0.615489
vn -0.992541 0.000000 -0.121910
vn -0.916989 -0.379829 -0.121910
vn -0.301610 -0.728152 0.615489
vn -0.557303 -0.557303 0.615489
vn -0.701833 -0.701833 -0.121910
vn -0.379829 -0.916989 -0.121910
vn -0.701833 0.701832 -0.121911
vn -0.379829 0.916988 -0.121911
vn -0.372372 0.898985 -0.230578
vn -0.688053 0.688053 -0.230579
vn 0.503941 0.503941 -0.701490
vn 0.658430 0.272730 -0.701490
vn 0.197486 0.081801 -0.976887
vn 0.151151 0.151151 -0.976886
vn -0.151151 0.151151 -0.976886
vn -0.197487 0.081802 -0.976887
vn -0.658430 0.272730 -0.701490
vn -0.503939 0.503940 -0.701491
vn -0.503939 0.503940 -0.701491
vn -0.658430 0.272730 -0.701490
vn -0.898985 0.372371 -0.230576
vn -0.688053 0.688053 -0.230579
vn 0.898985 0.372372 -0.230576
vn 0.973054 -0.000000 -0.230576
vn 0.712678 -0.000000 -0.701491
vn 0.658430 0.272730 -0.701490
vn 0.658430 0.272730 -0.701490
vn 0.712678 -0.000000 -0.701491
vn 0.213757 -0.000000 -0.976887
vn 0.197486 0.081801 -0.976887
vn 0.898985 -0.372372 -0.230575
vn 0.688053 -0.688054 -0.230575
vn 0.503942 -0.503942 -0.701488
vn 0.658430 -0.272730 -0.701490
vn 0.658430 -0.272730 -0.701490
vn 0.503942 -0.503942 -0.701488
vn 0.151151 -0.151152 -0.976886
vn 0.197486 -0.081801 -0.976887
vn -0.197485 -0.081801 -0.976887
vn -0.151148 -0.151149 -0.976887
vn -0.503940 -0.503940 -0.701490
vn -0.658430 -0.272730 -0.701490
vn -0.658430 -0.272730 -0.701490
vn -0.503940 -0.503940 -0.701490
vn -0.688053 -0.688054 -0.230575
vn -0.898986 -0.372371 -0.230574
vn 0.000000 0.213760 -0.976886
vn -0.081802 0.197488 -0.976886
vn -0.272731 0.658429 -0.701491
vn -0.000000 0.712679 -0.701491
vn -0.000000 0.712679 -0.701491
vn -0.272731 0.658429 -0.701491
vn -0.372372 0.898985 -0.230578
vn -0.000000 0.973054 -0.230579
vn 0.372371 -0.898985 -0.230577
vn -0.000000 -0.973054 -0.230578
vn -0.000000 -0.712680 -0.701490
vn 0.272731 -0.658431 -0.701488
vn 0.272731 -0.658431 -0.701488
vn -0.000000 -0.712680 -0.701490
vn 0.000000 -0.213762 -0.976886
vn 0.081804 -0.197491 -0.976886
vn -0.197487 0.081802 -0.976887
vn -0.213757 -0.000000 -0.976887
vn -0.712680 -0.000000 -0.701489
vn -0.658430 0.272730 -0.701490
vn -0.658430 0.272730 -0.701490
vn -0.712680 -0.000000 -0.701489
vn -0.973055 -0.000000 -0.230573
vn -0.898985 0.372371 -0.230576
vn -0.081802 -0.197488 -0.976887
vn 0.000000 -0.213762 -0.976886
vn -0.000000 -0.712680 -0.701490
vn -0.272731 -0.658430 -0.701490
vn -0.272731 -0.658430 -0.701490
vn -0.000000 -0.712680 -0.701490
vn -0.000000 -0.973054 -0.230578
vn -0.372371 -0.898985 -0.230576
vn -0.213757 -0.000000 -0.976887
vn -0.197485 -0.081801 -0.976887
vn -0.658430 -0.272730 -0.701490
vn -0.712680 -0.000000 -0.701489
vn -0.712680 -0.000000 -0.701489
vn -0.658430 -0.272730 -0.701490
vn -0.898986 -0.372371 -0.230574
vn -0.973055 -0.000000 -0.230573
vn -0.081802 0.197488 -0.976886
vn -0.151151 0.151151 -0.976886
vn -0.503939 0.503940 -0.701491
vn -0.272731 0.658429 -0.701491
vn -0.272731 0.658429 -0.701491
vn -0.503939 0.503940 -0.701491
vn -0.688053 0.688053 -0.230579
vn -0.372372 0.898985 -0.230578
vn 0.973054 -0.000000 -0.230576
vn 0.898985 -0.372372 -0.230575
vn 0.658430 -0.272730 -0.701490
vn 0.712678 -0.000000 -0.701491
vn 0.712678 -0.000000 -0.701491
vn 0.658430 -0.272730 -0.701490
vn 0.197486 -0.081801 -0.976887
vn 0.213757 -0.000000 -0.976887
vn 0.688053 -0.688054 -0.230575
vn 0.372371 -0.898985 -0.230577
vn 0.272731 -0.658431 -0.701488
vn 0.503942 -0.503942 -0.701488
vn 0.503942 -0.503942 -0.701488
vn 0.272731 -0.658431 -0.701488
vn 0.081804 -0.197491 -0.976886
vn 0.151151 -0.151152 -0.976886
vn 0.372372 0.898984 -0.230579
vn 0.688053 0.688054 -0.230576
vn 0.503941 0.503941 -0.701490
vn 0.272729 0.658430 -0.701490
vn 0.272729 0.658430 -0.701490
vn 0.503941 0.503941 -0.701490
vn 0.151151 0.151151 -0.976886
vn 0.081803 0.197490 -0.976886
vn -0.000000 0.973054 -0.230579
vn 0.372372 0.898984 -0.230579
vn 0.272729 0.658430 -0.701490
vn -0.000000 0.712679 -0.701491
vn -0.000000 0.712679 -0.701491
vn 0.272729 0.658430 -0.701490
vn 0.081803 0.197490 -0.976886
vn 0.000000 0.213760 -0.976886
vn -0.151148 -0.151149 -0.976887
vn -0.081802 -0.197488 -0.976887
vn -0.272731 -0.658430 -0.701490
vn -0.503940 -0.503940 -0.701490
vn -0.503940 -0.503940 -0.701490
vn -0.272731 -0.658430 -0.701490
vn -0.372371 -0.898985 -0.230576
vn -0.688053 -0.688054 -0.230575
vn -0.081802 0.197488 -0.976886
vn 0.000000 0.213760 -0.976886
vn -0.000000 0.000000 -1.000000
vn 0.000000 0.000000 -1.000000
vn -0.905068 -0.374891 0.200770
vn -0.979638 -0.000000 0.200771
vn -0.537398 -0.000000 0.843329
vn -0.496491 -0.205653 0.843329
vn 0.550740 0.295016 0.780802
vn 0.581127 0.000000 0.813813
vn 0.823488 0.000000 0.567334
vn 0.784891 0.302562 0.540743
vn -0.451546 -0.589560 0.669720
vn -0.659181 -0.599368 0.454136
vn -0.423029 -0.857968 0.291441
vn -0.268945 -0.853540 0.446249
vn 0.000000 0.819083 0.573675
vn -0.268945 0.853540 0.446249
vn -0.451546 0.589560 0.669720
vn -0.000000 0.517206 0.855861
vn 0.268944 0.853540 0.446249
vn 0.000000 0.819083 0.573675
vn -0.000000 0.517206 0.855861
vn 0.451546 0.589560 0.669720
vn -0.000000 -0.517206 0.855861
vn -0.451546 -0.589560 0.669720
vn -0.268945 -0.853540 0.446249
vn 0.000000 -0.819083 0.573675
vn 0.000000 -0.967333 0.253511
vn 0.423029 -0.857968 0.291442
vn 0.268944 -0.853540 0.446249
vn -0.000000 0.967333 0.253511
vn -0.268945 0.853540 0.446249
vn 0.000000 0.819083 0.573675
vn -0.000000 0.967333 0.253511
vn 0.000000 0.819083 0.573675
vn 0.268944 0.853540 0.446249
vn 0.581127 0.000000 0.813813
vn 0.550740 -0.295016 0.780802
vn 0.784891 -0.302562 0.540743
vn 0.823488 0.000000 0.567334
vn 0.784891 0.302562 0.540743
vn 0.659180 0.599368 0.454136
vn 0.451546 0.589560 0.669720
vn 0.550740 0.295016 0.780802
vn 0.581127 0.000000 0.813813
vn -0.000000 0.000000 1.000000
vn 0.000000 -0.243186 0.969980
vn 0.550740 -0.295016 0.780802
vn -0.268945 -0.853540 0.446249
vn -0.423029 -0.857968 0.291441
vn 0.000000 -0.967333 0.253511
vn 0.423029 -0.857968 0.291442
vn 0.659180 -0.599368 0.454136
vn 0.451546 -0.589560 0.669720
vn 0.268944 -0.853540 0.446249
vn 0.659180 0.599368 0.454136
vn 0.423028 0.857968 0.291441
vn 0.268944 0.853540 0.446249
vn 0.451546 0.589560 0.669720
vn 0.550740 0.295016 0.780802
vn 0.000000 0.243186 0.969980
vn -0.000000 0.000000 1.000000
vn 0.581127 0.000000 0.813813
vn 0.659180 -0.599368 0.454136
vn 0.784891 -0.302562 0.540743
vn 0.550740 -0.295016 0.780802
vn 0.451546 -0.589560 0.669720
vn 0.268944 -0.853540 0.446249
vn 0.000000 -0.819083 0.573675
vn 0.000000 -0.967333 0.253511
vn 0.000000 0.243186 0.969980
vn -0.550740 0.295016 0.780802
vn -0.581128 0.000000 0.813812
vn -0.000000 0.000000 1.000000
vn -0.000000 0.000000 1.000000
vn -0.581128 0.000000 0.813812
vn -0.550740 -0.295016 0.780802
vn 0.000000 -0.243186 0.969980
vn -0.000000 0.517206 0.855861
vn -0.451546 0.589560 0.669720
vn -0.550740 0.295016 0.780802
vn 0.000000 0.243186 0.969980
vn 0.000000 -0.243186 0.969980
vn -0.550740 -0.295016 0.780802
vn -0.451546 -0.589560 0.669720
vn -0.000000 -0.517206 0.855861
vn -0.268945 0.853540 0.446249
vn -0.423028 0.857968 0.291441
vn -0.659181 0.599368 0.454135
vn -0.451546 0.589560 0.669720
vn -0.581128 0.000000 0.813812
vn -0.823488 0.000000 0.567333
vn -0.784891 -0.302562 0.540742
vn -0.550740 -0.295016 0.780802
vn -0.451546 0.589560 0.669720
vn -0.659181 0.599368 0.454135
vn -0.784891 0.302562 0.540742
vn -0.550740 0.295016 0.780802
vn 0.268944 0.853540 0.446249
vn 0.423028 0.857968 0.291441
vn -0.000000 0.967333 0.253511
vn -0.550740 -0.295016 0.780802
vn -0.784891 -0.302562 0.540742
vn -0.659181 -0.599368 0.454136
vn -0.451546 -0.589560 0.669720
vn -0.000000 0.967333 0.253511
vn -0.423028 0.857968 0.291441
vn -0.268945 0.853540 0.446249
vn -0.550740 0.295016 0.780802
vn -0.784891 0.302562 0.540742
vn -0.823488 0.000000 0.567333
vn -0.581128 0.000000 0.813812
vn 0.451546 -0.589560 0.669720
vn -0.000000 -0.517206 0.855861
vn 0.000000 -0.819083 0.573675
vn 0.268944 -0.853540 0.446249
vn 0.000000 -0.819083 0.573675
vn -0.268945 -0.853540 0.446249
vn 0.000000 -0.967333 0.253511
vn 0.451546 0.589560 0.669720
vn -0.000000 0.517206 0.855861
vn 0.000000 0.243186 0.969980
vn 0.550740 0.295016 0.780802
vn 0.550740 -0.295016 0.780802
vn 0.000000 -0.243186 0.969980
vn -0.000000 -0.517206 0.855861
vn 0.451546 -0.589560 0.669720
vn -0.000000 -0.616954 -0.786999
vn -0.000000 0.580077 -0.814561
vn -0.407281 0.580077 -0.705431
vn -0.393499 -0.616954 -0.681561
vn -0.681561 -0.616955 0.393499
vn -0.705431 0.580078 0.407281
vn -0.407280 0.580077 0.705431
vn -0.393499 -0.616955 0.681561
vn 0.681561 -0.616955 0.393500
vn 0.393499 -0.616955 0.681561
vn 0.407280 0.580078 0.705431
vn 0.705431 0.580078 0.407281
vn 0.786999 -0.616955 0.000000
vn 0.681561 -0.616955 0.393500
vn 0.705431 0.580078 0.407281
vn 0.814561 0.580078 0.000000
vn 0.705431 0.580077 -0.407281
vn 0.407281 0.580077 -0.705431
vn 0.393499 -0.616954 -0.681561
vn 0.681561 -0.616955 -0.393499
vn -0.421202 0.538846 -0.729544
vn 0.000000 0.538846 -0.842404
vn 0.000000 -0.569218 -0.822187
vn -0.411093 -0.569218 -0.712035
vn -0.705431 0.580077 -0.407281
vn -0.814561 0.580078 -0.000000
vn -0.786999 -0.616955 0.000000
vn -0.681561 -0.616955 -0.393500
vn -0.000000 -0.616954 0.786999
vn -0.393499 -0.616955 0.681561
vn -0.407280 0.580077 0.705431
vn -0.000000 0.580077 0.814561
vn -0.814561 0.580078 -0.000000
vn -0.705431 0.580078 0.407281
vn -0.681561 -0.616955 0.393499
vn -0.786999 -0.616955 0.000000
vn 0.393499 -0.616954 -0.681561
vn 0.407281 0.580077 -0.705431
vn -0.000000 0.580077 -0.814561
vn -0.000000 -0.616954 -0.786999
vn 0.814561 0.580078 0.000000
vn 0.705431 0.580077 -0.407281
vn 0.681561 -0.616955 -0.393499
vn 0.786999 -0.616955 0.000000
vn -0.681561 -0.616955 -0.393500
vn -0.393499 -0.616954 -0.681561
vn -0.407281 0.580077 -0.705431
vn -0.705431 0.580077 -0.407281
vn 0.729544 0.538845 -0.421202
vn 0.712035 -0.569218 -0.411094
vn 0.411094 -0.569218 -0.712035
vn 0.421202 0.538846 -0.729544
vn 0.421202 0.538846 0.729544
vn 0.000000 0.538846 0.842405
vn 0.000000 -0.569218 0.822187
vn 0.411094 -0.569218 0.712035
vn -0.729544 0.538846 -0.421203
vn -0.421202 0.538846 -0.729544
vn -0.411093 -0.569218 -0.712035
vn -0.712035 -0.569218 -0.411094
vn -0.842405 0.538846 -0.000000
vn -0.729544 0.538846 -0.421203
vn -0.712035 -0.569218 -0.411094
vn -0.822187 -0.569218 -0.000000
vn -0.729544 0.538846 0.421202
vn -0.712035 -0.569218 0.411094
vn -0.411094 -0.569218 0.712035
vn -0.421202 0.538846 0.729544
vn 0.003261 -0.999979 -0.005649
vn 0.000000 -0.999979 -0.006522
vn 0.000000 -0.569218 0.822187
vn -0.411094 -0.569218 0.712035
vn 0.729544 0.538846 0.421202
vn 0.712035 -0.569218 0.411094
vn 0.822187 -0.569218 0.000000
vn 0.842405 0.538845 0.000000
vn 0.000000 0.538846 -0.842404
vn 0.421202 0.538846 -0.729544
vn 0.411094 -0.569218 -0.712035
vn 0.000000 -0.569218 -0.822187
vn 0.822187 -0.569218 0.000000
vn 0.712035 -0.569218 -0.411094
vn 0.729544 0.538845 -0.421202
vn 0.842405 0.538845 0.000000
vn -0.421202 0.538846 0.729544
vn -0.411094 -0.569218 0.712035
vn 0.000000 -0.569218 0.822187
vn 0.000000 0.538846 0.842405
vn -0.842405 0.538846 -0.000000
vn -0.822187 -0.569218 -0.000000
vn -0.712035 -0.569218 0.411094
vn -0.729544 0.538846 0.421202
vn 0.729544 0.538846 0.421202
vn 0.421202 0.538846 0.729544
vn 0.411094 -0.569218 0.712035
vn 0.712035 -0.569218 0.411094
vn -0.000000 0.999955 -0.009474
vn -0.000000 0.580077 0.814561
vn -0.407280 0.580077 0.705431
vn 0.004738 0.999955 -0.008206
vn 0.005648 -0.999979 -0.003261
vn 0.003261 -0.999979 -0.005649
vn -0.411094 -0.569218 0.712035
vn -0.712035 -0.569218 0.411094
vn -0.008206 0.999955 -0.004738
vn 0.705431 0.580078 0.407281
vn 0.407280 0.580078 0.705431
vn -0.004738 0.999955 -0.008206
vn 0.006522 -0.999979 0.000000
vn -0.822187 -0.569218 -0.000000
vn -0.712035 -0.569218 -0.411094
vn 0.005648 -0.999979 0.003261
vn -0.009475 0.999955 0.000000
vn -0.842405 0.538846 -0.000000
vn -0.729544 0.538846 0.421202
vn -0.008206 0.999955 0.004737
vn 0.003261 -0.999979 0.005649
vn -0.000000 -0.999979 0.006523
vn -0.000000 -0.616954 0.786999
vn 0.393499 -0.616955 0.681561
vn -0.003261 -0.999979 0.005649
vn 0.411094 -0.569218 -0.712035
vn 0.712035 -0.569218 -0.411094
vn -0.005648 -0.999979 0.003261
vn -0.006522 -0.999979 0.000000
vn 0.822187 -0.569218 0.000000
vn 0.712035 -0.569218 0.411094
vn -0.005649 -0.999979 -0.003261
vn -0.008206 0.999955 0.004737
vn -0.729544 0.538846 0.421202
vn -0.421202 0.538846 0.729544
vn -0.004737 0.999955 0.008206
vn 0.005648 -0.999979 0.003261
vn -0.712035 -0.569218 -0.411094
vn -0.411093 -0.569218 -0.712035
vn 0.003261 -0.999979 0.005649
vn -0.005648 -0.999979 0.003261
vn 0.712035 -0.569218 -0.411094
vn 0.822187 -0.569218 0.000000
vn -0.006522 -0.999979 0.000000
vn 0.008206 0.999955 0.004737
vn 0.004738 0.999955 0.008206
vn 0.421202 0.538846 0.729544
vn 0.729544 0.538846 0.421202
vn 0.000000 0.999955 0.009475
vn 0.000000 0.538846 0.842405
vn 0.421202 0.538846 0.729544
vn 0.004738 0.999955 0.008206
vn 0.006522 -0.999979 0.000000
vn 0.005648 -0.999979 -0.003261
vn -0.712035 -0.569218 0.411094
vn -0.822187 -0.569218 -0.000000
vn -0.004738 0.999955 -0.008206
vn -0.000000 0.999955 -0.009474
vn 0.000000 0.538846 -0.842404
vn -0.421202 0.538846 -0.729544
vn 0.009476 0.999955 -0.000000
vn 0.008206 0.999955 -0.004738
vn -0.705431 0.580078 0.407281
vn -0.814561 0.580078 -0.000000
vn 0.000000 0.999955 0.009475
vn -0.004737 0.999955 0.008206
vn -0.421202 0.538846 0.729544
vn 0.000000 0.538846 0.842405
vn -0.003261 -0.999979 -0.005649
vn 0.411094 -0.569218 0.712035
vn 0.000000 -0.569218 0.822187
vn 0.000000 -0.999979 -0.006522
vn 0.008206 0.999955 -0.004738
vn 0.729544 0.538845 -0.421202
vn 0.421202 0.538846 -0.729544
vn 0.004738 0.999955 -0.008206
vn 0.009476 0.999955 -0.000000
vn 0.008206 0.999955 0.004737
vn 0.729544 0.538846 0.421202
vn 0.842405 0.538845 0.000000
vn -0.009475 0.999955 0.000000
vn -0.008206 0.999955 -0.004738
vn -0.729544 0.538846 -0.421203
vn -0.842405 0.538846 -0.000000
vn -0.005649 -0.999979 -0.003261
vn 0.712035 -0.569218 0.411094
vn 0.411094 -0.569218 0.712035
vn -0.003261 -0.999979 -0.005649
vn -0.000000 -0.999979 0.006523
vn 0.000000 -0.569218 -0.822187
vn 0.411094 -0.569218 -0.712035
vn -0.003261 -0.999979 0.005649
vn 0.393499 -0.616955 0.681561
vn -0.000000 -0.616954 0.786999
vn -0.000000 0.580077 0.814561
vn 0.407280 0.580078 0.705431
vn 0.814561 0.580078 0.000000
vn 0.705431 0.580078 0.407281
vn -0.008206 0.999955 -0.004738
vn -0.009475 0.999955 0.000000
vn -0.814561 0.580078 -0.000000
vn -0.705431 0.580077 -0.407281
vn 0.008206 0.999955 0.004737
vn 0.009476 0.999955 -0.000000
vn -0.705431 0.580078 0.407281
vn 0.008206 0.999955 -0.004738
vn 0.004738 0.999955 -0.008206
vn -0.407280 0.580077 0.705431
vn -0.000000 0.580077 -0.814561
vn 0.407281 0.580077 -0.705431
vn -0.004737 0.999955 0.008206
vn 0.000000 0.999955 0.009475
vn 0.842405 0.538845 0.000000
vn 0.729544 0.538845 -0.421202
vn 0.008206 0.999955 -0.004738
vn 0.009476 0.999955 -0.000000
vn 0.407280 0.580078 0.705431
vn -0.000000 0.580077 0.814561
vn -0.000000 0.999955 -0.009474
vn -0.004738 0.999955 -0.008206
vn -0.000000 0.580077 -0.814561
vn 0.000000 0.999955 0.009475
vn 0.004738 0.999955 0.008206
vn -0.407281 0.580077 -0.705431
vn -0.705431 0.580077 -0.407281
vn -0.407281 0.580077 -0.705431
vn 0.004738 0.999955 0.008206
vn 0.008206 0.999955 0.004737
vn 0.705431 0.580077 -0.407281
vn -0.008206 0.999955 0.004737
vn -0.004737 0.999955 0.008206
vn 0.407281 0.580077 -0.705431
vn 0.814561 0.580078 0.000000
vn -0.009475 0.999955 0.000000
vn -0.008206 0.999955 0.004737
vn 0.705431 0.580077 -0.407281
vn -0.729544 0.538846 -0.421203
vn -0.008206 0.999955 -0.004738
vn -0.004738 0.999955 -0.008206
vn -0.421202 0.538846 -0.729544
vn 0.000000 0.538846 -0.842404
vn -0.000000 0.999955 -0.009474
vn 0.004738 0.999955 -0.008206
vn 0.421202 0.538846 -0.729544
vn -0.000000 -0.616954 0.786999
vn -0.000000 -0.999979 0.006523
vn -0.003261 -0.999979 0.005649
vn -0.393499 -0.616955 0.681561
vn -0.681561 -0.616955 -0.393500
vn -0.005649 -0.999979 -0.003261
vn -0.003261 -0.999979 -0.005649
vn -0.393499 -0.616954 -0.681561
vn -0.393499 -0.616954 -0.681561
vn -0.003261 -0.999979 -0.005649
vn 0.000000 -0.999979 -0.006522
vn -0.000000 -0.616954 -0.786999
vn 0.786999 -0.616955 0.000000
vn 0.681561 -0.616955 -0.393499
vn 0.005648 -0.999979 -0.003261
vn 0.006522 -0.999979 0.000000
vn -0.681561 -0.616955 0.393499
vn -0.005648 -0.999979 0.003261
vn -0.006522 -0.999979 0.000000
vn -0.786999 -0.616955 0.000000
vn 0.681561 -0.616955 0.393500
vn 0.005648 -0.999979 0.003261
vn 0.003261 -0.999979 0.005649
vn 0.393499 -0.616955 0.681561
vn -0.786999 -0.616955 0.000000
vn -0.006522 -0.999979 0.000000
vn -0.005649 -0.999979 -0.003261
vn -0.681561 -0.616955 -0.393500
vn -0.393499 -0.616955 0.681561
vn -0.003261 -0.999979 0.005649
vn -0.005648 -0.999979 0.003261
vn -0.681561 -0.616955 0.393499
vn -0.411093 -0.569218 -0.712035
vn 0.000000 -0.569218 -0.822187
vn -0.000000 -0.999979 0.006523
vn 0.003261 -0.999979 0.005649
vn 0.786999 -0.616955 0.000000
vn 0.006522 -0.999979 0.000000
vn 0.005648 -0.999979 0.003261
vn 0.681561 -0.616955 0.393500
vn 0.681561 -0.616955 -0.393499
vn 0.393499 -0.616954 -0.681561
vn 0.003261 -0.999979 -0.005649
vn 0.005648 -0.999979 -0.003261
vn 0.393499 -0.616954 -0.681561
vn -0.000000 -0.616954 -0.786999
vn 0.000000 -0.999979 -0.006522
vn 0.003261 -0.999979 -0.005649
s off
g Lod1
usemtl Lod1SG2
f 13/605/1 3/712/2 6/793/3
f 2/38/4 1/152/5 4/484/6 5/919/7
f 3/712/8 2/38/9 5/919/10 6/793/11
f 1/152/12 17/800/13 4/484/14
f 13/605/15 6/793/16 9/776/17
f 5/919/18 4/484/19 7/236/20 8/118/21
f 6/793/22 5/919/23 8/118/24 9/776/25
f 4/484/26 17/800/27 7/236/28
f 13/605/29 9/776/30 12/360/31
f 8/118/32 7/236/33 10/856/34 11/577/35
f 9/776/36 8/118/37 11/577/38 12/360/39
f 7/236/40 17/800/41 10/856/42
f 13/605/43 12/360/44 16/578/45
f 11/577/46 10/856/47 14/487/48 15/672/49
f 12/360/50 11/577/51 15/672/52 16/578/53
f 10/856/54 17/800/55 14/487/56
f 13/605/57 16/578/58 20/149/59
f 15/672/60 14/487/61 18/186/62 19/855/63
f 16/578/64 15/672/65 19/855/66 20/149/67
f 14/487/68 17/800/69 18/186/70
f 18/186/71 17/800/72 21/383/73
f 13/605/74 20/149/75 23/419/76
f 19/855/77 18/186/78 21/383/79 22/458/80
f 20/149/81 19/855/82 22/458/83 23/419/84
f 23/606/85 22/385/86 25/459/87 26/914/88
f 21/735/89 17/800/90 24/673/91
f 13/605/92 23/606/93 26/914/94
f 22/385/95 21/735/96 24/673/97 25/459/98
f 26/914/99 25/459/100 2/38/101 3/712/102
f 24/673/103 17/800/104 1/152/105
f 13/605/106 26/914/107 3/712/108
f 25/459/109 24/673/110 1/152/111 2/38/112
f 39/271/113 29/750/114 32/887/115
f 28/693/116 27/272/117 30/888/118 31/130/119
f 29/750/120 28/693/121 31/130/122 32/887/123
f 27/272/124 43/269/125 30/888/126
f 39/271/127 32/887/128 35/889/129
f 31/130/130 30/888/131 33/890/132 34/329/133
f 32/887/134 31/130/135 34/329/136 35/889/137
f 30/888/138 43/269/139 33/890/140
f 39/271/141 35/889/142 38/749/143
f 34/329/144 33/890/145 36/895/146 37/747/147
f 35/889/148 34/329/149 37/747/150 38/749/151
f 33/890/152 43/269/153 36/895/154
f 39/271/155 38/749/156 42/748/157
f 37/747/158 36/895/159 40/266/160 41/770/161
f 38/749/162 37/747/163 41/770/164 42/748/165
f 36/895/166 43/269/167 40/266/168
f 39/271/169 42/748/170 46/273/171
f 41/770/172 40/266/173 44/267/174 45/648/175
f 42/748/176 41/770/177 45/648/178 46/273/179
f 40/266/180 43/269/181 44/267/182
f 44/267/183 43/269/184 47/394/185
f 39/271/186 46/273/187 49/517/188
f 45/648/189 44/267/190 47/394/191 48/649/192
f 46/273/193 45/648/194 48/649/195 49/517/196
f 49/67/197 48/129/198 51/131/199 52/751/200
f 47/36/201 43/269/202 50/126/203
f 39/271/204 49/67/205 52/751/206
f 48/129/207 47/36/208 50/126/209 51/131/210
f 52/751/211 51/131/212 28/693/213 29/750/214
f 50/126/215 43/269/216 27/272/217
f 39/271/218 52/751/219 29/750/220
f 51/131/221 50/126/222 27/272/223 28/693/224
f 65/1006/225 55/1007/226 58/1008/227
f 54/1009/228 53/1010/229 56/1011/230 57/1012/231
f 55/1013/232 54/1014/233 57/1015/234 58/1016/235
f 53/1017/236 69/1018/237 56/1019/238
f 65/1020/239 58/1021/240 61/1022/241
f 57/1023/242 56/1024/243 59/1025/244 60/1026/245
f 58/1027/246 57/1028/247 60/1029/248 61/1030/249
f 56/1031/250 69/1032/251 59/1033/252
f 65/1034/253 61/1035/254 64/1036/255
f 60/1037/256 59/1038/257 62/1039/258 63/1040/259
f 61/1041/260 60/1042/261 63/1043/262 64/1044/263
f 59/1045/264 69/1046/265 62/1047/266
f 65/1048/267 64/1049/268 68/1050/269
f 63/1051/270 62/1052/271 66/1053/272 67/1054/273
f 64/1055/274 63/1056/275 67/1057/276 68/1058/277
f 62/1059/278 69/1060/279 66/1061/280
f 65/1062/281 68/1063/282 72/1064/283
f 67/1065/284 66/1066/285 70/1067/286 71/1068/287
f 68/1069/288 67/1070/289 71/1071/290 72/1072/291
f 66/1073/292 69/1074/293 70/1075/294
f 70/1076/295 69/1077/296 73/1078/297
f 65/1079/298 72/1080/299 75/1081/300
f 71/1082/301 70/1083/302 73/1084/303 74/1085/304
f 72/1086/305 71/1087/306 74/1088/307 75/1089/308
f 75/1090/309 74/1091/310 77/1092/311 78/1093/312
f 73/1094/313 69/1095/314 76/1096/315
f 65/1097/316 75/1098/317 78/1099/318
f 74/1100/319 73/1101/320 76/1102/321 77/1103/322
f 78/1104/323 77/1105/324 54/1106/325 55/1107/326
f 76/1108/327 69/1109/328 53/1110/329
f 65/1111/330 78/1112/331 55/1113/332
f 77/1114/333 76/1115/334 53/1116/335 54/1117/336
f 91/1118/337 81/1119/338 84/1120/339
f 80/1121/340 79/1122/341 82/1123/342 83/1124/343
f 81/1125/344 80/1126/345 83/1127/346 84/1128/347
f 79/1129/348 95/1130/349 82/1131/350
f 91/1132/351 84/1133/352 87/1134/353
f 83/1135/354 82/1136/355 85/1137/356 86/1138/357
f 84/1139/358 83/1140/359 86/1141/360 87/1142/361
f 82/1143/362 95/1144/363 85/1145/364
f 91/1146/365 87/1147/366 90/1148/367
f 86/1149/368 85/1150/369 88/1151/370 89/1152/371
f 87/1153/372 86/1154/373 89/1155/374 90/1156/375
f 85/1157/376 95/1158/377 88/1159/378
f 91/1160/379 90/1161/380 94/1162/381
f 89/1163/382 88/1164/383 92/1165/384 93/1166/385
f 90/1167/386 89/1168/387 93/1169/388 94/1170/389
f 88/1171/390 95/1172/391 92/1173/392
f 91/1174/393 94/1175/394 98/1176/395
f 93/1177/396 92/1178/397 96/1179/398 97/1180/399
f 94/1181/400 93/1182/401 97/1183/402 98/1184/403
f 92/1185/404 95/1186/405 96/1187/406
f 96/1188/407 95/1189/408 99/1190/409
f 91/1191/410 98/1192/411 101/1193/412
f 97/1194/413 96/1195/414 99/1196/415 100/1197/416
f 98/1198/417 97/1199/418 100/1200/419 101/1201/420
f 101/1202/421 100/1203/422 103/1204/423 104/1205/424
f 99/1206/425 95/1207/426 102/1208/427
f 91/1209/428 101/1210/429 104/1211/430
f 100/1212/431 99/1213/432 102/1214/433 103/1215/434
f 104/1216/435 103/1217/436 80/1218/437 81/1219/438
f 102/1220/439 95/1221/440 79/1222/441
f 91/1223/442 104/1224/443 81/1225/444
f 103/1226/445 102/1227/446 79/1228/447 80/1229/448
f 105/127/449 145/752/450 146/764/451 113/718/452
f 146/764/453 138/886/454 114/894/455 113/718/456
f 112/559/457 148/554/458 137/891/459 111/37/460
f 370/892/461 358/753/462 136/35/463 135/68/464
f 120/795/465 144/796/466 148/554/467 112/559/468
f 107/384/469 149/646/470 147/613/471 106/836/472
f 115/357/473 139/440/474 140/713/475 116/219/476
f 108/695/477 150/463/478 149/646/479 107/384/480
f 116/219/481 140/713/482 141/166/483 117/736/484
f 109/134/485 151/145/486 150/463/487 108/695/488
f 117/736/489 141/166/490 142/119/491 118/643/492
f 110/551/493 152/555/494 151/228/495 109/229/496
f 118/643/497 142/119/498 143/709/499 119/772/500
f 110/551/501 111/37/502 137/891/503 152/555/504
f 119/772/505 143/709/506 144/796/507 120/795/508
f 363/944/509 131/853/510 130/674/511 360/915/512
f 359/120/513 372/490/514 129/386/515 121/829/516
f 372/490/517 113/718/518 114/894/519 360/915/520
f 357/460/521 127/402/522 128/557/523 362/556/524
f 362/556/525 128/557/526 136/35/527 358/753/528
f 361/39/529 122/135/530 123/558/531 364/572/532
f 363/944/533 365/91/534 132/514/535 131/853/536
f 364/572/537 123/558/538 124/270/539 371/491/540
f 365/91/541 366/978/542 133/492/543 132/514/544
f 367/573/545 371/491/546 124/270/547 125/189/548
f 366/978/549 368/518/550 134/830/551 133/492/552
f 367/552/553 125/553/554 126/854/555 369/40/556
f 368/518/557 370/892/558 135/68/559 134/830/560
f 369/40/561 126/854/562 127/402/563 357/460/564
f 359/120/565 121/829/566 122/135/567 361/39/568
f 147/613/569 122/644/570 121/730/571 145/752/572
f 114/894/573 138/886/574 139/440/575 115/357/576
f 146/764/577 129/45/578 130/461/579 138/886/580
f 146/764/581 145/752/582 121/730/583 129/45/584
f 137/891/585 127/669/586 126/560/587 152/555/588
f 152/555/589 126/560/590 125/230/591 151/228/592
f 132/975/593 133/268/594 141/166/595 140/713/596
f 151/145/597 125/462/598 124/388/599 150/463/600
f 150/463/601 124/388/602 123/710/603 149/646/604
f 149/646/605 123/710/606 122/644/607 147/613/608
f 136/358/609 128/231/610 148/554/611 144/796/612
f 135/63/613 136/358/614 144/796/615 143/709/616
f 134/945/617 135/63/618 143/709/619 142/119/620
f 133/268/621 134/945/622 142/119/623 141/166/624
f 131/765/625 132/975/626 140/713/627 139/440/628
f 130/461/629 131/765/630 139/440/631 138/886/632
f 148/554/633 128/231/634 127/669/635 137/891/636
f 106/836/637 147/613/638 145/752/639 105/127/640
f 310/607/641 311/420/642 167/893/643 166/92/644
f 301/403/645 157/41/646 158/64/647 302/831/648
f 302/831/649 158/64/650 159/382/651 303/387/652
f 311/946/653 312/222/654 168/832/655 167/833/656
f 304/453/657 303/387/658 159/382/659 160/642/660
f 312/222/661 304/453/662 160/642/663 168/832/664
f 297/128/665 305/190/666 161/454/667 153/421/668
f 306/42/669 307/488/670 163/608/671 162/422/672
f 298/265/673 297/128/674 153/421/675 154/176/676
f 298/265/677 299/611/678 213/768/679 214/70/680
f 298/265/681 154/176/682 155/916/683 299/611/684
f 307/488/685 308/515/686 164/835/687 163/608/688
f 306/42/689 162/422/690 161/454/691 305/190/692
f 299/611/693 155/916/694 156/183/695 300/331/696
f 308/515/697 309/407/698 165/93/699 164/835/700
f 300/331/701 156/183/702 157/41/703 301/403/704
f 309/407/705 310/607/706 166/92/707 165/93/708
f 162/422/709 178/43/710 177/65/711 161/454/712
f 163/608/713 164/835/714 180/184/715 179/112/716
f 168/832/717 160/642/718 176/71/719 184/192/720
f 171/754/721 172/111/722 156/183/723 155/916/724
f 164/835/725 165/93/726 181/485/727 180/184/728
f 172/111/729 173/177/730 157/41/731 156/183/732
f 165/93/733 166/92/734 182/44/735 181/485/736
f 173/177/737 174/574/738 158/64/739 157/41/740
f 166/92/741 167/893/742 183/917/743 182/44/744
f 174/574/745 175/332/746 159/382/747 158/64/748
f 167/833/749 168/832/750 184/192/751 183/455/752
f 175/332/753 176/71/754 160/642/755 159/382/756
f 161/454/757 177/65/758 169/72/759 153/421/760
f 169/72/761 170/117/762 154/176/763 153/421/764
f 162/422/765 163/608/766 179/112/767 178/43/768
f 171/754/769 187/645/770 188/535/771 172/111/772
f 180/184/773 181/485/774 197/243/775 196/580/776
f 188/535/777 189/614/778 173/177/779 172/111/780
f 181/485/781 182/44/782 198/225/783 197/243/784
f 189/614/785 190/942/786 174/574/787 173/177/788
f 182/44/789 183/917/790 199/477/791 198/225/792
f 190/942/793 191/773/794 175/332/795 174/574/796
f 183/455/797 184/192/798 200/581/799 199/66/800
f 191/773/801 192/771/802 176/71/803 175/332/804
f 177/65/805 193/198/806 185/834/807 169/72/808
f 184/192/809 176/71/810 192/771/811 200/581/812
f 177/65/813 178/43/814 194/390/815 193/198/816
f 185/834/817 186/328/818 170/117/819 169/72/820
f 178/43/821 179/112/822 195/424/823 194/390/824
f 186/328/825 187/645/826 171/754/827 170/117/828
f 179/112/829 180/184/830 196/580/831 195/424/832
f 202/857/833 203/22/834 289/940/835 292/333/836
f 282/706/837 279/703/838 227/798/839 228/973/840
f 214/70/841 213/768/842 255/220/843 252/858/844
f 208/133/845 201/450/846 295/760/847 270/828/848
f 285/493/849 282/706/850 228/973/851 229/187/852
f 276/224/853 226/974/854 227/798/855 279/703/856
f 213/768/857 212/46/858 258/185/859 255/220/860
f 288/150/861 285/493/862 229/187/863 230/918/864
f 211/425/865 261/391/866 258/185/867 212/46/868
f 291/769/869 288/150/870 230/918/871 231/389/872
f 211/425/873 210/361/874 264/766/875 261/391/876
f 294/575/877 291/330/878 231/511/879 232/670/880
f 209/211/881 267/400/882 264/766/883 210/361/884
f 297/128/885 215/226/886 216/399/887 305/190/888
f 208/133/889 270/828/890 267/400/891 209/211/892
f 216/399/893 215/226/894 249/295/895 274/725/896
f 300/331/897 301/403/898 211/425/899 212/46/900
f 215/226/901 214/70/902 252/858/903 249/295/904
f 250/417/905 253/746/906 218/612/907 217/745/908
f 216/399/909 274/725/910 277/505/911 207/116/912
f 259/837/913 262/456/914 221/640/915 220/233/916
f 262/456/917 265/507/918 222/714/919 221/640/920
f 206/859/921 207/116/922 277/505/923 280/519/924
f 265/507/925 268/920/926 223/296/927 222/714/928
f 205/350/929 206/859/930 280/519/931 283/191/932
f 268/920/933 271/178/934 224/457/935 223/296/936
f 204/734/937 205/350/938 283/191/939 286/708/940
f 294/575/941 232/670/942 224/457/943 271/178/944
f 276/224/945 273/113/946 225/90/947 226/974/948
f 203/22/949 204/734/950 286/708/951 289/940/952
f 253/746/953 256/913/954 219/794/955 218/612/956
f 229/187/957 245/516/958 246/726/959 230/918/960
f 256/913/961 259/837/962 220/233/963 219/794/964
f 201/450/965 202/767/966 292/188/967 295/760/968
f 221/640/969 222/714/970 238/359/971 237/952/972
f 231/389/973 230/918/974 246/726/975 247/976/976
f 222/714/977 223/296/978 239/733/979 238/359/980
f 232/670/981 231/511/982 247/997/983 248/579/984
f 223/296/985 224/457/986 240/146/987 239/733/988
f 225/90/989 217/745/990 233/398/991 241/147/992
f 224/457/993 232/670/994 248/579/995 240/146/996
f 226/974/997 225/90/998 241/147/999 242/423/1000
f 217/745/1001 218/612/1002 234/662/1003 233/398/1004
f 227/798/1005 226/974/1006 242/423/1007 243/582/1008
f 218/612/1009 219/794/1010 235/609/1011 234/662/1012
f 228/973/1013 227/798/1014 243/582/1015 244/537/1016
f 219/794/1017 220/233/1018 236/610/1019 235/609/1020
f 229/187/1021 228/973/1022 244/537/1023 245/516/1024
f 220/233/1025 221/640/1026 237/952/1027 236/610/1028
f 274/725/1029 249/295/1030 251/744/1031 275/921/1032
f 275/921/1033 251/744/1034 250/417/1035 273/113/1036
f 249/295/1037 252/858/1038 254/977/1039 251/744/1040
f 251/744/1041 254/977/1042 253/746/1043 250/417/1044
f 252/858/1045 255/220/1046 257/218/1047 254/977/1048
f 254/977/1049 257/218/1050 256/913/1051 253/746/1052
f 255/220/1053 258/185/1054 260/69/1055 257/218/1056
f 257/218/1057 260/69/1058 259/837/1059 256/913/1060
f 258/185/1061 261/391/1062 263/513/1063 260/69/1064
f 260/69/1065 263/513/1066 262/456/1067 259/837/1068
f 261/391/1069 264/766/1070 266/234/1071 263/513/1072
f 263/513/1073 266/234/1074 265/507/1075 262/456/1076
f 264/766/1077 267/400/1078 269/731/1079 266/234/1080
f 266/234/1081 269/731/1082 268/920/1083 265/507/1084
f 267/400/1085 270/828/1086 272/711/1087 269/731/1088
f 269/731/1089 272/711/1090 271/178/1091 268/920/1092
f 273/113/1093 276/224/1094 278/512/1095 275/921/1096
f 275/921/1097 278/512/1098 277/505/1099 274/725/1100
f 276/224/1101 279/703/1102 281/947/1103 278/512/1104
f 278/512/1105 281/947/1106 280/519/1107 277/505/1108
f 279/703/1109 282/706/1110 284/907/1111 281/947/1112
f 281/947/1113 284/907/1114 283/191/1115 280/519/1116
f 282/706/1117 285/493/1118 287/647/1119 284/907/1120
f 284/907/1121 287/647/1122 286/708/1123 283/191/1124
f 285/493/1125 288/150/1126 290/486/1127 287/647/1128
f 287/647/1129 290/486/1130 289/940/1131 286/708/1132
f 288/150/1133 291/769/1134 293/536/1135 290/486/1136
f 290/486/1137 293/536/1138 292/333/1139 289/940/1140
f 291/330/1141 294/575/1142 296/351/1143 293/405/1144
f 293/405/1145 296/351/1146 295/760/1147 292/188/1148
f 294/575/1149 271/178/1150 272/711/1151 296/351/1152
f 296/351/1153 272/711/1154 270/828/1155 295/760/1156
f 250/417/1157 217/745/1158 225/90/1159 273/113/1160
f 310/607/1161 309/407/1162 204/734/1163 203/22/1164
f 309/407/1165 308/515/1166 205/350/1167 204/734/1168
f 306/42/1169 305/190/1170 216/399/1171 207/116/1172
f 299/611/1173 300/331/1174 212/46/1175 213/768/1176
f 307/488/1177 306/42/1178 207/116/1179 206/859/1180
f 308/515/1181 307/488/1182 206/859/1183 205/350/1184
f 297/128/1185 298/265/1186 214/70/1187 215/226/1188
f 304/453/1189 312/222/1190 201/450/1191 208/133/1192
f 315/151/1193 322/489/1194 323/114/1195 316/227/1196
f 303/387/1197 304/453/1198 208/133/1199 209/211/1200
f 312/222/1201 311/946/1202 202/767/1203 201/450/1204
f 302/831/1205 303/387/1206 209/211/1207 210/361/1208
f 311/420/1209 310/607/1210 203/22/1211 202/857/1212
f 301/403/1213 302/831/1214 210/361/1215 211/425/1216
f 321/132/1217 329/209/1218 330/148/1219 322/489/1220
f 316/227/1221 323/114/1222 324/941/1223 317/1005/1224
f 326/406/1225 334/576/1226 327/401/1227
f 319/115/1228 326/406/1229 327/401/1230
f 317/1005/1231 324/941/1232 325/797/1233 318/506/1234
f 314/47/1235 321/132/1236 322/489/1237 315/151/1238
f 318/506/1239 325/797/1240 326/406/1241 319/115/1242
f 323/114/1243 331/707/1244 332/641/1245 324/941/1246
f 324/941/1247 332/641/1248 333/217/1249 325/797/1250
f 325/797/1251 333/217/1252 334/576/1253 326/406/1254
f 322/489/1255 330/148/1256 331/707/1257 323/114/1258
f 342/732/1259 328/223/1260 320/264/1261
f 329/209/1262 336/799/1263 337/912/1264 330/148/1265
f 334/576/1266 341/404/1267 327/401/1268
f 332/641/1269 339/943/1270 340/418/1271 333/217/1272
f 341/404/1273 349/48/1274 327/401/1275
f 333/217/1276 340/418/1277 341/404/1278 334/576/1279
f 330/148/1280 337/912/1281 338/232/1282 331/707/1283
f 342/732/1284 343/481/1285 335/160/1286
f 331/707/1287 338/232/1288 339/943/1289 332/641/1290
f 335/160/1291 343/481/1292 344/397/1293 336/799/1294
f 336/799/1295 344/397/1296 345/791/1297 337/912/1298
f 339/943/1299 347/860/1300 348/426/1301 340/418/1302
f 320/264/1303 328/223/1304 329/209/1305 321/132/1306
f 340/418/1307 348/426/1308 349/48/1309 341/404/1310
f 337/912/1311 345/791/1312 346/715/1313 338/232/1314
f 342/732/1315 335/160/1316 328/223/1317
f 338/232/1318 346/715/1319 347/860/1320 339/943/1321
f 342/732/1322 350/538/1323 343/481/1324
f 343/481/1325 350/538/1326 351/362/1327 344/397/1328
f 349/48/1329 356/979/1330 327/401/1331
f 347/860/1332 354/779/1333 355/867/1334 348/426/1335
f 344/397/1336 351/362/1337 352/539/1338 345/791/1339
f 348/426/1340 355/867/1341 356/979/1342 349/48/1343
f 345/791/1344 352/539/1345 353/253/1346 346/715/1347
f 342/732/1348 320/264/1349 313/1/1350
f 346/715/1351 353/253/1352 354/779/1353 347/860/1354
f 313/1/1355 320/264/1356 321/132/1357 314/47/1358
f 170/117/1359 171/754/1360 155/916/1361 154/176/1362
f 328/223/1363 335/160/1364 336/799/1365 329/209/1366
f 105/127/1367 359/120/1368 361/39/1369 106/836/1370
f 110/551/1371 369/40/1372 357/460/1373 111/37/1374
f 118/643/1375 119/772/1376 370/892/1377 368/518/1378
f 109/229/1379 367/552/1380 369/40/1381 110/551/1382
f 117/736/1383 118/643/1384 368/518/1385 366/978/1386
f 109/134/1387 108/695/1388 371/491/1389 367/573/1390
f 116/219/1391 117/736/1392 366/978/1393 365/91/1394
f 107/384/1395 364/572/1396 371/491/1397 108/695/1398
f 115/357/1399 116/219/1400 365/91/1401 363/944/1402
f 106/836/1403 361/39/1404 364/572/1405 107/384/1406
f 112/559/1407 362/556/1408 358/753/1409 120/795/1410
f 111/37/1411 357/460/1412 362/556/1413 112/559/1414
f 129/386/1415 372/490/1416 360/915/1417 130/674/1418
f 105/127/1419 113/718/1420 372/490/1421 359/120/1422
f 115/357/1423 363/944/1424 360/915/1425 114/894/1426
f 119/772/1427 120/795/1428 358/753/1429 370/892/1430
f 373/675/1431 413/948/1432 414/540/1433 381/248/1434
f 414/540/1435 406/256/1436 382/719/1437 381/248/1438
f 380/520/1439 416/923/1440 405/676/1441 379/136/1442
f 387/809/1443 388/657/1444 404/5/1445 403/432/1446
f 388/102/1447 412/280/1448 416/241/1449 380/742/1450
f 375/583/1451 417/548/1452 415/153/1453 374/431/1454
f 383/442/1455 407/443/1456 408/307/1457 384/162/1458
f 376/334/1459 418/908/1460 417/548/1461 375/583/1462
f 384/162/1463 408/307/1464 409/810/1465 385/838/1466
f 377/297/1467 419/677/1468 418/908/1469 376/334/1470
f 385/838/1471 409/810/1472 410/688/1473 386/308/1474
f 378/739/1475 420/221/1476 419/677/1477 377/297/1478
f 386/308/1479 410/688/1480 411/249/1481 387/901/1482
f 378/739/1483 379/136/1484 405/676/1485 420/221/1486
f 387/901/1487 411/249/1488 412/280/1489 388/102/1490
f 383/994/1491 399/335/1492 398/363/1493 382/502/1494
f 373/737/1495 381/154/1496 397/23/1497 389/468/1498
f 397/23/1499 381/154/1500 382/502/1501 398/363/1502
f 379/2/1503 395/509/1504 396/653/1505 380/336/1506
f 380/282/1507 396/435/1508 404/5/1509 388/657/1510
f 374/337/1511 390/801/1512 391/660/1513 375/312/1514
f 383/994/1515 384/339/1516 400/24/1517 399/335/1518
f 375/312/1519 391/660/1520 392/379/1521 376/483/1522
f 384/339/1523 385/811/1524 401/80/1525 400/24/1526
f 377/144/1527 376/483/1528 392/379/1529 393/125/1530
f 385/811/1531 386/812/1532 402/199/1533 401/80/1534
f 377/144/1535 393/125/1536 394/170/1537 378/911/1538
f 386/812/1539 387/809/1540 403/432/1541 402/199/1542
f 378/911/1543 394/170/1544 395/509/1545 379/2/1546
f 373/737/1547 389/468/1548 390/801/1549 374/337/1550
f 415/153/1551 390/801/1552 389/468/1553 413/948/1554
f 382/719/1555 406/256/1556 407/443/1557 383/442/1558
f 414/540/1559 397/23/1560 398/363/1561 406/256/1562
f 414/540/1563 413/948/1564 389/468/1565 397/23/1566
f 405/676/1567 395/509/1568 394/170/1569 420/221/1570
f 420/221/1571 394/170/1572 393/125/1573 419/677/1574
f 400/24/1575 401/80/1576 409/810/1577 408/307/1578
f 419/677/1579 393/125/1580 392/379/1581 418/908/1582
f 418/908/1583 392/379/1584 391/660/1585 417/548/1586
f 417/548/1587 391/660/1588 390/801/1589 415/153/1590
f 404/5/1591 396/435/1592 416/241/1593 412/280/1594
f 403/432/1595 404/5/1596 412/280/1597 411/249/1598
f 402/199/1599 403/432/1600 411/249/1601 410/688/1602
f 401/80/1603 402/199/1604 410/688/1605 409/810/1606
f 399/335/1607 400/24/1608 408/307/1609 407/443/1610
f 398/363/1611 399/335/1612 407/443/1613 406/256/1614
f 416/923/1615 396/653/1616 395/509/1617 405/676/1618
f 374/431/1619 415/153/1620 413/948/1621 373/675/1622
f 578/433/1623 579/161/1624 435/627/1625 434/813/1626
f 569/25/1627 425/995/1628 426/465/1629 570/716/1630
f 570/716/1631 426/465/1632 427/541/1633 571/738/1634
f 579/969/1635 580/121/1636 436/441/1637 435/464/1638
f 572/542/1639 571/738/1640 427/541/1641 428/615/1642
f 580/121/1643 572/542/1644 428/615/1645 436/441/1646
f 565/250/1647 573/503/1648 429/963/1649 421/26/1650
f 574/871/1651 575/814/1652 431/309/1653 430/561/1654
f 566/78/1655 565/250/1656 421/26/1657 422/650/1658
f 566/78/1659 567/781/1660 481/593/1661 482/109/1662
f 566/78/1663 422/650/1664 423/49/1665 567/781/1666
f 575/814/1667 576/525/1668 432/936/1669 431/309/1670
f 574/871/1671 430/561/1672 429/963/1673 573/503/1674
f 567/781/1675 423/49/1676 424/971/1677 568/508/1678
f 576/525/1679 577/258/1680 433/815/1681 432/936/1682
f 568/508/1683 424/971/1684 425/995/1685 569/25/1686
f 577/258/1687 578/433/1688 434/813/1689 433/815/1690
f 430/561/1691 446/81/1692 445/171/1693 429/963/1694
f 431/309/1695 432/936/1696 448/392/1697 447/310/1698
f 436/441/1699 428/615/1700 444/88/1701 452/214/1702
f 439/27/1703 440/216/1704 424/971/1705 423/49/1706
f 432/936/1707 433/815/1708 449/816/1709 448/392/1710
f 440/216/1711 441/980/1712 425/995/1713 424/971/1714
f 433/815/1715 434/813/1716 450/163/1717 449/816/1718
f 441/980/1719 442/338/1720 426/465/1721 425/995/1722
f 434/813/1723 435/627/1724 451/924/1725 450/163/1726
f 442/338/1727 443/155/1728 427/541/1729 426/465/1730
f 435/464/1731 436/441/1732 452/214/1733 451/101/1734
f 443/155/1735 444/88/1736 428/615/1737 427/541/1738
f 429/963/1739 445/171/1740 437/961/1741 421/26/1742
f 437/961/1743 438/981/1744 422/650/1745 421/26/1746
f 430/561/1747 431/309/1748 447/310/1749 446/81/1750
f 439/27/1751 455/872/1752 456/82/1753 440/216/1754
f 448/392/1755 449/816/1756 465/594/1757 464/817/1758
f 456/82/1759 457/85/1760 441/980/1761 440/216/1762
f 449/816/1763 450/163/1764 466/873/1765 465/594/1766
f 457/85/1767 458/56/1768 442/338/1769 441/980/1770
f 450/163/1771 451/924/1772 467/689/1773 466/873/1774
f 458/56/1775 459/678/1776 443/155/1777 442/338/1778
f 451/101/1779 452/214/1780 468/883/1781 467/73/1782
f 459/678/1783 460/274/1784 444/88/1785 443/155/1786
f 445/171/1787 461/94/1788 453/416/1789 437/961/1790
f 452/214/1791 444/88/1792 460/274/1793 468/883/1794
f 445/171/1795 446/81/1796 462/562/1797 461/94/1798
f 453/416/1799 454/679/1800 438/981/1801 437/961/1802
f 446/81/1803 447/310/1804 463/870/1805 462/562/1806
f 454/679/1807 455/872/1808 439/27/1809 438/981/1810
f 447/310/1811 448/392/1812 464/817/1813 463/870/1814
f 470/497/1815 471/925/1816 557/238/1817 560/164/1818
f 550/322/1819 547/663/1820 495/964/1821 496/354/1822
f 482/109/1823 481/593/1824 523/110/1825 520/595/1826
f 476/543/1827 469/8/1828 563/825/1829 538/345/1830
f 553/690/1831 550/322/1832 496/354/1833 497/311/1834
f 544/313/1835 494/50/1836 495/964/1837 547/663/1838
f 481/593/1839 480/51/1840 526/9/1841 523/110/1842
f 556/868/1843 553/690/1844 497/311/1845 498/498/1846
f 479/962/1847 529/802/1848 526/9/1849 480/51/1850
f 559/818/1851 556/868/1852 498/498/1853 499/991/1854
f 479/962/1855 478/107/1856 532/479/1857 529/802/1858
f 562/741/1859 559/430/1860 499/298/1861 500/949/1862
f 477/289/1863 535/60/1864 532/479/1865 478/107/1866
f 565/250/1867 483/696/1868 484/28/1869 573/503/1870
f 476/543/1871 538/345/1872 535/60/1873 477/289/1874
f 484/28/1875 483/696/1876 517/604/1877 542/626/1878
f 568/508/1879 569/25/1880 479/962/1881 480/51/1882
f 483/696/1883 482/109/1884 520/595/1885 517/604/1886
f 518/628/1887 521/526/1888 486/982/1889 485/755/1890
f 484/28/1891 542/626/1892 545/314/1893 475/596/1894
f 527/95/1895 530/235/1896 489/368/1897 488/664/1898
f 530/235/1899 533/123/1900 490/792/1901 489/368/1902
f 474/143/1903 475/596/1904 545/314/1905 548/83/1906
f 533/123/1907 536/972/1908 491/142/1909 490/792/1910
f 473/819/1911 474/143/1912 548/83/1913 551/704/1914
f 536/972/1915 539/521/1916 492/864/1917 491/142/1918
f 472/251/1919 473/819/1920 551/704/1921 554/299/1922
f 562/741/1923 500/949/1924 492/864/1925 539/521/1926
f 544/313/1927 541/697/1928 493/29/1929 494/50/1930
f 471/925/1931 472/251/1932 554/299/1933 557/238/1934
f 521/526/1935 524/444/1936 487/200/1937 486/982/1938
f 497/311/1939 513/315/1940 514/103/1941 498/498/1942
f 524/444/1943 527/95/1944 488/664/1945 487/200/1946
f 469/8/1947 470/79/1948 560/369/1949 563/825/1950
f 489/368/1951 490/792/1952 506/157/1953 505/530/1954
f 499/991/1955 498/498/1956 514/103/1957 515/436/1958
f 490/792/1959 491/142/1960 507/96/1961 506/157/1962
f 500/949/1963 499/298/1964 515/355/1965 516/861/1966
f 491/142/1967 492/864/1968 508/97/1969 507/96/1970
f 493/29/1971 485/755/1972 501/544/1973 509/665/1974
f 492/864/1975 500/949/1976 516/861/1977 508/97/1978
f 494/50/1979 493/29/1980 509/665/1981 510/533/1982
f 485/755/1983 486/982/1984 502/346/1985 501/544/1986
f 495/964/1987 494/50/1988 510/533/1989 511/756/1990
f 486/982/1991 487/200/1992 503/782/1993 502/346/1994
f 496/354/1995 495/964/1996 511/756/1997 512/340/1998
f 487/200/1999 488/664/2000 504/965/2001 503/782/2002
f 497/311/2003 496/354/2004 512/340/2005 513/315/2006
f 488/664/2007 489/368/2008 505/530/2009 504/965/2010
f 542/626/2011 517/604/2012 519/446/2013 543/201/2014
f 543/201/2015 519/446/2016 518/628/2017 541/697/2018
f 517/604/2019 520/595/2020 522/634/2021 519/446/2022
f 519/446/2023 522/634/2024 521/526/2025 518/628/2026
f 520/595/2027 523/110/2028 525/262/2029 522/634/2030
f 522/634/2031 525/262/2032 524/444/2033 521/526/2034
f 523/110/2035 526/9/2036 528/874/2037 525/262/2038
f 525/262/2039 528/874/2040 527/95/2041 524/444/2042
f 526/9/2043 529/802/2044 531/939/2045 528/874/2046
f 528/874/2047 531/939/2048 530/235/2049 527/95/2050
f 529/802/2051 532/479/2052 534/98/2053 531/939/2054
f 531/939/2055 534/98/2056 533/123/2057 530/235/2058
f 532/479/2059 535/60/2060 537/654/2061 534/98/2062
f 534/98/2063 537/654/2064 536/972/2065 533/123/2066
f 535/60/2067 538/345/2068 540/33/2069 537/654/2070
f 537/654/2071 540/33/2072 539/521/2073 536/972/2074
f 541/697/2075 544/313/2076 546/316/2077 543/201/2078
f 543/201/2079 546/316/2080 545/314/2081 542/626/2082
f 544/313/2083 547/663/2084 549/996/2085 546/316/2086
f 546/316/2087 549/996/2088 548/83/2089 545/314/2090
f 547/663/2091 550/322/2092 552/826/2093 549/996/2094
f 549/996/2095 552/826/2096 551/704/2097 548/83/2098
f 550/322/2099 553/690/2100 555/680/2101 552/826/2102
f 552/826/2103 555/680/2104 554/299/2105 551/704/2106
f 553/690/2107 556/868/2108 558/434/2109 555/680/2110
f 555/680/2111 558/434/2112 557/238/2113 554/299/2114
f 556/868/2115 559/818/2116 561/623/2117 558/434/2118
f 558/434/2119 561/623/2120 560/164/2121 557/238/2122
f 559/430/2123 562/741/2124 564/588/2125 561/317/2126
f 561/317/2127 564/588/2128 563/825/2129 560/369/2130
f 562/741/2131 539/521/2132 540/33/2133 564/588/2134
f 564/588/2135 540/33/2136 538/345/2137 563/825/2138
f 518/628/2139 485/755/2140 493/29/2141 541/697/2142
f 578/433/2143 577/258/2144 472/251/2145 471/925/2146
f 577/258/2147 576/525/2148 473/819/2149 472/251/2150
f 574/871/2151 573/503/2152 484/28/2153 475/596/2154
f 567/781/2155 568/508/2156 480/51/2157 481/593/2158
f 575/814/2159 574/871/2160 475/596/2161 474/143/2162
f 576/525/2163 575/814/2164 474/143/2165 473/819/2166
f 565/250/2167 566/78/2168 482/109/2169 483/696/2170
f 572/542/2171 580/121/2172 469/8/2173 476/543/2174
f 583/62/2175 590/275/2176 591/852/2177 584/364/2178
f 571/738/2179 572/542/2180 476/543/2181 477/289/2182
f 580/121/2183 579/969/2184 470/79/2185 469/8/2186
f 570/716/2187 571/738/2188 477/289/2189 478/107/2190
f 579/161/2191 578/433/2192 471/925/2193 470/497/2194
f 569/25/2195 570/716/2196 478/107/2197 479/962/2198
f 589/215/2199 597/52/2200 598/246/2201 590/275/2202
f 584/364/2203 591/852/2204 592/428/2205 585/824/2206
f 594/786/2207 602/54/2208 595/395/2209
f 587/30/2210 594/786/2211 595/395/2212
f 585/824/2213 592/428/2214 593/843/2215 586/950/2216
f 582/635/2217 589/215/2218 590/275/2219 583/62/2220
f 586/950/2221 593/843/2222 594/786/2223 587/30/2224
f 591/852/2225 599/300/2226 600/775/2227 592/428/2228
f 592/428/2229 600/775/2230 601/301/2231 593/843/2232
f 593/843/2233 601/301/2234 602/54/2235 594/786/2236
f 590/275/2237 598/246/2238 599/300/2239 591/852/2240
f 610/681/2241 596/276/2242 588/550/2243
f 597/52/2244 604/478/2245 605/158/2246 598/246/2247
f 602/54/2248 609/326/2249 595/395/2250
f 600/775/2251 607/378/2252 608/955/2253 601/301/2254
f 609/326/2255 617/570/2256 595/395/2257
f 601/301/2258 608/955/2259 609/326/2260 602/54/2261
f 598/246/2262 605/158/2263 606/213/2264 599/300/2265
f 610/681/2266 611/99/2267 603/290/2268
f 599/300/2269 606/213/2270 607/378/2271 600/775/2272
f 603/290/2273 611/99/2274 612/53/2275 604/478/2276
f 604/478/2277 612/53/2278 613/365/2279 605/158/2280
f 607/378/2281 615/414/2282 616/197/2283 608/955/2284
f 588/550/2285 596/276/2286 597/52/2287 589/215/2288
f 608/955/2289 616/197/2290 617/570/2291 609/326/2292
f 605/158/2293 613/365/2294 614/728/2295 606/213/2296
f 610/681/2297 603/290/2298 596/276/2299
f 606/213/2300 614/728/2301 615/414/2302 607/378/2303
f 610/681/2304 618/260/2305 611/99/2306
f 611/99/2307 618/260/2308 619/306/2309 612/53/2310
f 617/570/2311 624/31/2312 595/395/2313
f 615/414/2314 622/302/2315 623/74/2316 616/197/2317
f 612/53/2318 619/306/2319 620/882/2320 613/365/2321
f 616/197/2322 623/74/2323 624/31/2324 617/570/2325
f 613/365/2326 620/882/2327 621/32/2328 614/728/2329
f 610/681/2330 588/550/2331 581/567/2332
f 614/728/2333 621/32/2334 622/302/2335 615/414/2336
f 581/567/2337 588/550/2338 589/215/2339 582/635/2340
f 438/981/2341 439/27/2342 423/49/2343 422/650/2344
f 596/276/2345 603/290/2346 604/478/2347 597/52/2348
f 657/55/2349 677/777/2350 679/774/2351 661/57/2352
f 632/851/2353 631/589/2354 671/523/2355 660/910/2356
f 638/691/2357 662/318/2358 659/967/2359 637/729/2360
f 666/876/2361 681/787/2362 685/347/2363 658/844/2364
f 640/285/2365 634/501/2366 666/954/2367 658/902/2368
f 669/172/2369 660/352/2370 686/293/2371 674/319/2372
f 679/774/2373 682/259/2374 667/534/2375 661/57/2376
f 683/585/2377 677/777/2378 657/55/2379 665/597/2380
f 659/380/2381 662/445/2382 687/571/2383 678/381/2384
f 676/896/2385 673/193/2386 672/705/2387 670/632/2388
f 646/790/2389 684/587/2390 673/193/2391 645/159/2392
f 667/534/2393 682/259/2394 688/999/2395 663/862/2396
f 659/380/2397 678/381/2398 683/585/2399 665/597/2400
f 650/661/2401 681/787/2402 674/319/2403 641/173/2404
f 648/985/2405 686/293/2406 675/194/2407 647/496/2408
f 649/625/2409 679/774/2410 677/777/2411 651/900/2412
f 684/587/2413 646/790/2414 647/496/2415 675/194/2416
f 644/527/2417 676/896/2418 688/999/2419 643/629/2420
f 685/181/2421 656/427/2422 655/651/2423 680/261/2424
f 656/202/2425 685/347/2426 681/787/2427 650/661/2428
f 680/261/2429 655/651/2430 654/875/2431 687/571/2432
f 686/293/2433 648/985/2434 641/173/2435 674/319/2436
f 679/774/2437 649/625/2438 642/452/2439 682/259/2440
f 651/900/2441 677/777/2442 683/585/2443 652/156/2444
f 687/571/2445 654/875/2446 653/1000/2447 678/381/2448
f 676/896/2449 644/527/2450 645/159/2451 673/193/2452
f 629/75/2453 645/159/2454 644/527/2455 628/58/2456
f 643/629/2457 688/999/2458 682/259/2459 642/452/2460
f 652/156/2461 683/585/2462 678/381/2463 653/1000/2464
f 652/156/2465 653/1000/2466 637/729/2467 636/84/2468
f 633/1002/2469 649/625/2470 651/900/2471 635/827/2472
f 634/501/2473 650/661/2474 641/173/2475 625/630/2476
f 626/788/2477 642/452/2478 649/625/2479 633/1002/2480
f 625/630/2481 641/173/2482 648/985/2483 632/851/2484
f 675/194/2485 686/293/2486 660/352/2487 671/778/2488
f 643/629/2489 642/452/2490 626/788/2491 627/863/2492
f 637/729/2493 653/1000/2494 654/875/2495 638/691/2496
f 632/851/2497 648/985/2498 647/496/2499 631/589/2500
f 628/58/2501 644/527/2502 643/629/2503 627/863/2504
f 638/691/2505 654/875/2506 655/651/2507 639/724/2508
f 664/415/2509 658/807/2510 685/181/2511 680/261/2512
f 672/705/2513 673/193/2514 684/587/2515 668/659/2516
f 674/319/2517 681/787/2518 666/876/2519 669/172/2520
f 684/587/2521 675/194/2522 671/778/2523 668/659/2524
f 656/202/2525 650/661/2526 634/501/2527 640/285/2528
f 628/58/2529 627/863/2530 663/850/2531 670/1004/2532
f 630/723/2533 629/75/2534 672/638/2535 668/203/2536
f 638/691/2537 639/724/2538 664/671/2539 662/318/2540
f 629/75/2541 628/58/2542 670/1004/2543 672/638/2544
f 627/863/2545 626/788/2546 667/687/2547 663/850/2548
f 631/589/2549 630/723/2550 668/203/2551 671/523/2552
f 635/827/2553 636/84/2554 665/986/2555 657/34/2556
f 680/261/2557 687/571/2558 662/445/2559 664/415/2560
f 634/501/2561 625/630/2562 669/252/2563 666/954/2564
f 626/788/2565 633/1002/2566 661/292/2567 667/687/2568
f 663/862/2569 688/999/2570 676/896/2571 670/632/2572
f 632/851/2573 660/910/2574 669/252/2575 625/630/2576
f 636/84/2577 637/729/2578 659/967/2579 665/986/2580
f 639/724/2581 640/701/2582 658/320/2583 664/671/2584
f 630/723/2585 646/790/2586 645/159/2587 629/75/2588
f 631/589/2589 647/496/2590 646/790/2591 630/723/2592
f 635/827/2593 651/900/2594 652/156/2595 636/84/2596
f 639/724/2597 655/651/2598 656/427/2599 640/701/2600
f 635/827/2601 657/34/2602 661/292/2603 633/1002/2604
f 725/720/2605 723/845/2606 698/10/2607 699/469/2608
f 729/903/2609 727/179/2610 700/470/2611 701/343/2612
f 692/968/2613 711/366/2614 713/780/2615 693/375/2616
f 729/903/2617 701/343/2618 702/839/2619 731/165/2620
f 719/494/2621 696/953/2622 695/524/2623 717/668/2624
f 733/926/2625 703/624/2626 704/437/2627 735/104/2628
f 717/668/2629 695/524/2630 694/937/2631 715/822/2632
f 735/909/2633 704/929/2634 697/897/2635 721/885/2636
f 692/968/2637 691/938/2638 709/685/2639 711/366/2640
f 725/720/2641 699/469/2642 700/470/2643 727/179/2644
f 715/822/2645 694/937/2646 693/375/2647 713/780/2648
f 696/953/2649 719/494/2650 721/885/2651 697/897/2652
f 762/89/2653 753/124/2654 706/239/2655 724/970/2656
f 709/685/2657 691/938/2658 690/284/2659 707/698/2660
f 723/845/2661 705/11/2662 689/341/2663 698/10/2664
f 733/926/2665 731/165/2666 702/839/2667 703/624/2668
f 776/591/2669 775/303/2670 813/283/2671 810/602/2672
f 779/376/2673 780/684/2674 797/7/2675 801/12/2676
f 775/303/2677 774/881/2678 815/618/2679 813/283/2680
f 789/353/2681 738/622/2682 739/631/2683 791/563/2684
f 771/20/2685 770/373/2686 828/666/2687 824/820/2688
f 780/684/2689 781/138/2690 795/699/2691 797/7/2692
f 819/840/2693 821/808/2694 749/182/2695 748/207/2696
f 772/257/2697 771/20/2698 824/820/2699 822/848/2700
f 784/141/2701 777/592/2702 806/522/2703 786/993/2704
f 783/633/2705 788/408/2706 792/547/2707 782/637/2708
f 781/138/2709 782/637/2710 792/547/2711 795/699/2712
f 776/591/2713 810/602/2714 806/522/2715 777/592/2716
f 830/204/2717 769/175/2718 778/374/2719 803/504/2720
f 770/373/2721 769/175/2722 830/204/2723 828/666/2724
f 773/803/2725 772/257/2726 822/848/2727 818/568/2728
f 778/374/2729 779/376/2730 801/12/2731 803/504/2732
f 774/881/2733 773/803/2734 818/568/2735 815/618/2736
f 713/780/2737 711/366/2738 712/304/2739 714/757/2740
f 757/682/2741 758/763/2742 716/372/2743 714/757/2744
f 721/885/2745 719/494/2746 720/21/2747 722/196/2748
f 754/616/2749 755/598/2750 710/599/2751 708/532/2752
f 719/494/2753 717/668/2754 718/323/2755 720/21/2756
f 761/987/2757 768/804/2758 736/957/2759 722/196/2760
f 711/366/2761 709/685/2762 710/599/2763 712/304/2764
f 756/652/2765 757/682/2766 714/757/2767 712/304/2768
f 709/685/2769 707/698/2770 708/532/2771 710/599/2772
f 755/598/2773 756/652/2774 712/304/2775 710/599/2776
f 717/668/2777 715/822/2778 716/372/2779 718/323/2780
f 759/210/2781 760/139/2782 720/21/2783 718/323/2784
f 707/698/2785 705/11/2786 706/239/2787 708/532/2788
f 758/763/2789 759/210/2790 718/323/2791 716/372/2792
f 760/139/2793 761/987/2794 722/196/2795 720/21/2796
f 726/448/2797 724/970/2798 723/845/2799 725/720/2800
f 764/702/2801 763/806/2802 726/448/2803 728/412/2804
f 753/124/2805 762/89/2806 778/374/2807 769/175/2808
f 736/958/2809 734/927/2810 733/926/2811 735/104/2812
f 767/167/2813 766/700/2814 732/988/2815 734/927/2816
f 732/988/2817 730/348/2818 729/903/2819 731/165/2820
f 724/970/2821 706/239/2822 705/11/2823 723/845/2824
f 753/124/2825 754/616/2826 708/532/2827 706/239/2828
f 768/140/2829 767/167/2830 734/927/2831 736/958/2832
f 734/927/2833 732/988/2834 731/165/2835 733/926/2836
f 730/348/2837 728/412/2838 727/179/2839 729/903/2840
f 766/700/2841 765/413/2842 730/348/2843 732/988/2844
f 765/413/2845 764/702/2846 728/412/2847 730/348/2848
f 728/412/2849 726/448/2850 725/720/2851 727/179/2852
f 722/196/2853 736/957/2854 735/909/2855 721/885/2856
f 763/806/2857 762/89/2858 724/970/2859 726/448/2860
f 690/284/2861 689/341/2862 705/11/2863 707/698/2864
f 759/210/2865 758/763/2866 774/881/2867 775/303/2868
f 825/636/2869 827/783/2870 751/17/2871 750/467/2872
f 812/983/2873 816/263/2874 747/327/2875 746/865/2876
f 831/784/2877 804/545/2878 743/951/2879 752/13/2880
f 807/877/2881 809/722/2882 745/471/2883 744/237/2884
f 804/545/2885 800/658/2886 742/880/2887 743/951/2888
f 789/353/2889 785/928/2890 737/305/2891 738/622/2892
f 812/983/2893 746/865/2894 745/471/2895 809/722/2896
f 821/808/2897 825/636/2898 750/467/2899 749/182/2900
f 794/325/2901 791/563/2902 739/631/2903 740/286/2904
f 794/325/2905 740/286/2906 741/956/2907 798/639/2908
f 800/658/2909 798/639/2910 741/956/2911 742/880/2912
f 816/263/2913 819/840/2914 748/207/2915 747/327/2916
f 827/783/2917 831/784/2918 752/13/2919 751/17/2920
f 758/763/2921 757/682/2922 773/803/2923 774/881/2924
f 755/598/2925 754/616/2926 770/373/2927 771/20/2928
f 768/804/2929 761/987/2930 777/592/2931 784/141/2932
f 757/682/2933 756/652/2934 772/257/2935 773/803/2936
f 756/652/2937 755/598/2938 771/20/2939 772/257/2940
f 760/139/2941 759/210/2942 775/303/2943 776/591/2944
f 761/987/2945 760/139/2946 776/591/2947 777/592/2948
f 763/806/2949 764/702/2950 780/684/2951 779/376/2952
f 813/283/2953 815/618/2954 817/411/2955 814/849/2956
f 766/700/2957 767/167/2958 783/633/2959 782/637/2960
f 754/616/2961 753/124/2962 769/175/2963 770/373/2964
f 767/167/2965 768/140/2966 784/686/2967 783/633/2968
f 765/413/2969 766/700/2970 782/637/2971 781/138/2972
f 764/702/2973 765/413/2974 781/138/2975 780/684/2976
f 762/89/2977 763/806/2978 779/376/2979 778/374/2980
f 783/633/2981 784/686/2982 786/586/2983 788/408/2984
f 814/849/2985 817/411/2986 816/263/2987 812/983/2988
f 789/353/2989 791/563/2990 793/683/2991 790/1001/2992
f 790/1001/2993 793/683/2994 792/547/2995 788/408/2996
f 815/618/2997 818/568/2998 820/447/2999 817/411/3000
f 817/411/3001 820/447/3002 819/840/3003 816/263/3004
f 822/848/3005 824/820/3006 826/821/3007 823/76/3008
f 823/76/3009 826/821/3010 825/636/3011 821/808/3012
f 798/639/3013 800/658/3014 802/14/3015 799/393/3016
f 799/393/3017 802/14/3018 801/12/3019 797/7/3020
f 807/877/3021 785/377/3022 787/549/3023 808/935/3024
f 808/935/3025 787/549/3026 786/993/3027 806/522/3028
f 828/666/3029 830/204/3030 832/449/3031 829/205/3032
f 829/205/3033 832/449/3034 831/784/3035 827/783/3036
f 791/563/3037 794/325/3038 796/287/3039 793/683/3040
f 793/683/3041 796/287/3042 795/699/3043 792/547/3044
f 804/545/3045 831/784/3046 832/449/3047 805/717/3048
f 805/717/3049 832/449/3050 830/204/3051 803/504/3052
f 794/325/3053 798/639/3054 799/393/3055 796/287/3056
f 796/287/3057 799/393/3058 797/7/3059 795/699/3060
f 785/928/3061 789/353/3062 790/1001/3063 787/930/3064
f 787/930/3065 790/1001/3066 788/408/3067 786/586/3068
f 818/568/3069 822/848/3070 823/76/3071 820/447/3072
f 820/447/3073 823/76/3074 821/808/3075 819/840/3076
f 824/820/3077 828/666/3078 829/205/3079 826/821/3080
f 826/821/3081 829/205/3082 827/783/3083 825/636/3084
f 810/602/3085 813/283/3086 814/849/3087 811/878/3088
f 811/878/3089 814/849/3090 812/983/3091 809/722/3092
f 806/522/3093 810/602/3094 811/878/3095 808/935/3096
f 808/935/3097 811/878/3098 809/722/3099 807/877/3100
f 800/658/3101 804/545/3102 805/717/3103 802/14/3104
f 802/14/3105 805/717/3106 803/504/3107 801/12/3108
f 785/377/3109 807/877/3110 744/237/3111 737/569/3112
f 715/822/3113 713/780/3114 714/757/3115 716/372/3116
f 838/762/3117 837/180/3118 844/884/3119 845/106/3120
f 856/480/3121 864/168/3122 863/438/3123 855/931/3124
f 854/324/3125 861/195/3126 860/4/3127 853/429/3128
f 840/899/3129 854/324/3130 853/429/3131 839/564/3132
f 849/692/3133 856/480/3134 855/931/3135 848/240/3136
f 833/989/3137 841/966/3138 834/998/3139
f 862/19/3140 861/195/3141 854/324/3142
f 862/19/3143 854/324/3144 840/899/3145
f 837/180/3146 836/841/3147 843/254/3148 844/884/3149
f 845/106/3150 846/846/3151 839/564/3152 838/762/3153
f 837/180/3154 851/866/3155 850/842/3156 836/841/3157
f 855/931/3158 863/438/3159 833/989/3160
f 841/966/3161 842/528/3162 835/655/3163 834/998/3164
f 846/846/3165 847/288/3166 840/899/3167 839/564/3168
f 838/762/3169 852/898/3170 851/866/3171 837/180/3172
f 842/528/3173 843/254/3174 836/841/3175 835/655/3176
f 834/998/3177 848/240/3178 833/989/3179
f 852/898/3180 859/367/3181 858/349/3182 851/866/3183
f 851/866/3184 858/349/3185 857/932/3186 850/842/3187
f 853/429/3188 860/4/3189 859/367/3190 852/898/3191
f 850/842/3192 857/932/3193 856/480/3194 849/692/3195
f 861/195/3196 869/590/3197 868/86/3198 860/4/3199
f 858/349/3200 866/933/3201 865/370/3202 857/932/3203
f 860/4/3204 868/86/3205 867/356/3206 859/367/3207
f 840/899/3208 847/288/3209 862/19/3210
f 857/932/3211 865/370/3212 864/168/3213 856/480/3214
f 862/19/3215 869/590/3216 861/195/3217
f 859/367/3218 867/356/3219 866/933/3220 858/349/3221
f 835/655/3222 849/692/3223 848/240/3224 834/998/3225
f 848/240/3226 855/931/3227 833/989/3228
f 839/564/3229 853/429/3230 852/898/3231 838/762/3232
f 836/841/3233 850/842/3234 849/692/3235 835/655/3236
f 891/1003/3237 879/499/3238 880/59/3239 892/600/3240
f 883/922/3241 871/105/3242 872/869/3243 884/122/3244
f 887/847/3245 886/761/3246 874/743/3247 875/169/3248
f 888/656/3249 887/847/3250 875/169/3251 876/546/3252
f 877/291/3253 878/294/3254 890/344/3255 889/100/3256
f 898/721/3257 897/15/3258 909/212/3259 910/255/3260
f 881/984/3261 870/108/3262 882/566/3263 893/277/3264
f 885/206/3265 884/122/3266 872/869/3267 873/466/3268
f 870/108/3269 871/105/3270 883/922/3271 882/566/3272
f 890/344/3273 878/294/3274 879/499/3275 891/1003/3276
f 876/546/3277 877/291/3278 889/100/3279 888/656/3280
f 893/603/3281 892/600/3282 880/59/3283 881/281/3284
f 895/740/3285 907/789/3286 908/823/3287 896/617/3288
f 904/601/3289 903/174/3290 915/805/3291 916/278/3292
f 899/18/3293 898/721/3294 910/255/3295 911/904/3296
f 900/409/3297 899/18/3298 911/904/3299 912/472/3300
f 901/475/3301 913/321/3302 914/758/3303 902/934/3304
f 934/396/3305 931/410/3306 915/805/3307 914/758/3308
f 905/619/3309 917/667/3310 906/342/3311 894/905/3312
f 897/15/3313 896/617/3314 908/823/3315 909/212/3316
f 906/342/3317 907/789/3318 895/740/3319 894/905/3320
f 902/934/3321 914/758/3322 915/805/3323 903/174/3324
f 900/409/3325 912/472/3326 913/321/3327 901/475/3328
f 905/439/3329 904/601/3330 916/278/3331 917/990/3332
f 921/242/3333 873/466/3334 872/869/3335 927/244/3336
f 933/371/3337 934/396/3338 914/758/3339 913/321/3340
f 923/959/3341 875/169/3342 874/743/3343 925/6/3344
f 937/620/3345 912/472/3346 911/904/3347 930/759/3348
f 929/621/3349 900/409/3350 901/475/3351 926/529/3352
f 932/77/3353 940/16/3354 885/206/3355 886/761/3356
f 935/473/3357 908/823/3358 907/789/3359 938/565/3360
f 936/208/3361 906/342/3362 917/667/3363 939/279/3364
f 926/529/3365 901/475/3366 902/934/3367 922/531/3368
f 930/759/3369 911/904/3370 910/255/3371 932/77/3372
f 938/565/3373 907/789/3374 906/342/3375 936/208/3376
f 920/245/3377 919/476/3378 904/601/3379 905/439/3380
f 924/785/3381 903/174/3382 904/601/3383 919/476/3384
f 937/620/3385 933/371/3386 913/321/3387 912/472/3388
f 925/906/3389 921/474/3390 897/15/3391 898/721/3392
f 928/694/3393 918/500/3394 871/105/3395 870/108/3396
f 924/785/3397 922/531/3398 902/934/3399 903/174/3400
f 941/87/3401 916/278/3402 915/805/3403 931/410/3404
f 918/879/3405 895/740/3406 896/617/3407 927/584/3408
f 928/451/3409 920/482/3410 905/619/3411 894/905/3412
f 929/621/3413 923/510/3414 899/18/3415 900/409/3416
f 939/247/3417 917/990/3418 916/278/3419 941/87/3420
f 940/16/3421 909/212/3422 908/823/3423 935/473/3424
f 886/761/3425 885/206/3426 873/466/3427 874/743/3428
f 876/546/3429 875/169/3430 923/959/3431 929/960/3432
f 870/108/3433 881/984/3434 920/137/3435 928/694/3436
f 871/105/3437 918/500/3438 927/244/3439 872/869/3440
f 879/499/3441 878/294/3442 922/61/3443 924/992/3444
f 894/905/3445 895/740/3446 918/879/3447 928/451/3448
f 874/743/3449 873/466/3450 921/242/3451 925/6/3452
f 879/499/3453 924/992/3454 919/727/3455 880/59/3456
f 881/281/3457 880/59/3458 919/727/3459 920/3/3460
f 877/291/3461 926/495/3462 922/61/3463 878/294/3464
f 876/546/3465 929/960/3466 926/495/3467 877/291/3468
f 899/18/3469 923/510/3470 925/906/3471 898/721/3472
f 897/15/3473 921/474/3474 927/584/3475 896/617/3476
f 885/206/3477 940/16/3478 935/473/3479 884/122/3480
f 893/603/3481 939/247/3482 941/87/3483 892/600/3484
f 892/600/3485 941/87/3486 931/410/3487 891/1003/3488
f 888/656/3489 889/100/3490 933/371/3491 937/620/3492
f 883/922/3493 938/565/3494 936/208/3495 882/566/3496
f 887/847/3497 930/759/3498 932/77/3499 886/761/3500
f 882/566/3501 936/208/3502 939/279/3503 893/277/3504
f 884/122/3505 935/473/3506 938/565/3507 883/922/3508
f 910/255/3509 909/212/3510 940/16/3511 932/77/3512
f 888/656/3513 937/620/3514 930/759/3515 887/847/3516
f 889/100/3517 890/344/3518 934/396/3519 933/371/3520
f 890/344/3521 891/1003/3522 931/410/3523 934/396/3524
