# This file uses centimeters as units for non-parametric coordinates.

mtllib Medieval_Ring_low_OBJ.mtl
g default
v 0.309715 0.405668 0.585938
v 0.336990 0.435349 0.575550
v 0.334457 0.395521 0.603275
v 0.332687 0.465025 0.585938
v 0.321205 0.475807 0.613663
v 0.347305 0.465454 0.624466
v 0.349808 0.435349 0.642262
v 0.361656 0.435349 0.613663
v 0.347305 0.405260 0.624466
v 0.321205 0.418921 0.651655
v 0.309715 0.465025 0.641390
v 0.295120 0.405260 0.624466
v 0.292610 0.435349 0.642262
v 0.295120 0.465454 0.602837
v 0.292610 0.435349 0.585056
v 0.280762 0.435349 0.613663
v 0.325539 0.139076 0.613663
v 0.312363 0.149590 0.587780
v 0.345757 0.150917 0.593426
v 0.341316 0.179520 0.575550
v 0.351631 0.149429 0.624466
v 0.337021 0.209206 0.585938
v 0.325539 0.219975 0.613663
v 0.351631 0.209614 0.624466
v 0.365990 0.179520 0.613663
v 0.341316 0.179520 0.651751
v 0.325539 0.150917 0.642262
v 0.314049 0.209206 0.641390
v 0.299454 0.149429 0.624466
v 0.296936 0.179520 0.642262
v 0.299454 0.209614 0.602837
v 0.296936 0.179520 0.585056
v 0.285088 0.179520 0.613663
v -0.334732 0.209450 0.577744
v -0.325768 0.219975 0.605358
v -0.298134 0.209450 0.596390
v -0.285316 0.179520 0.605358
v -0.297150 0.179520 0.576767
v -0.314949 0.209614 0.631472
v -0.325768 0.179520 0.645809
v -0.297150 0.179520 0.633970
v -0.309052 0.139687 0.603352
v -0.312584 0.149590 0.631233
v -0.354881 0.164757 0.631838
v -0.353477 0.209206 0.616852
v -0.353477 0.149841 0.593880
v -0.363869 0.179520 0.589577
v -0.314949 0.149429 0.579266
v -0.325768 0.179520 0.564915
v -0.334732 0.455311 0.577736
v -0.325768 0.465828 0.605358
v -0.299667 0.455473 0.594547
v -0.325768 0.384922 0.605358
v -0.314285 0.395690 0.577629
v -0.299667 0.395282 0.616175
v -0.285316 0.425369 0.605358
v -0.311668 0.426897 0.566002
v -0.299301 0.440145 0.634466
v -0.334732 0.395449 0.632978
v -0.336571 0.455473 0.631472
v -0.325768 0.425369 0.645809
v -0.363869 0.425369 0.621145
v -0.354355 0.453966 0.605358
v -0.353371 0.395445 0.596390
v -0.354355 0.425369 0.576767
v 0.644913 0.310434 0.162033
v 0.627548 0.323887 0.160431
v 0.607437 0.277222 0.185242
v 0.518707 0.534702 0.398315
v 0.590378 0.492058 0.323807
v 0.582031 0.492805 0.314758
v 0.575439 0.146721 0.314758
v 0.637131 0.211449 0.240356
v 0.583588 0.147270 0.324158
v 0.644104 0.430741 0.243027
v 0.661545 0.365533 0.182343
v 0.652267 0.366253 0.173248
v 0.643250 0.426210 0.254471
v 0.522415 0.115654 0.401825
v 0.515854 0.104752 0.398682
v 0.531113 0.519367 0.551708
v 0.432465 0.468227 0.569866
v 0.462494 0.481007 0.622124
v 0.665085 0.153221 0.400116
v 0.626038 0.141182 0.463654
v 0.604279 0.120872 0.474213
v 0.734497 0.379551 0.290527
v 0.770203 0.363824 0.292694
v 0.672592 0.467928 0.412193
v 0.767365 0.275063 0.293106
v 0.770325 0.312481 0.248657
v 0.695862 0.225174 0.332062
v 0.626480 0.173630 0.354507
v 0.562607 0.169479 0.319824
v 0.610535 0.224197 0.254364
v 0.421310 0.231033 0.664680
v 0.409546 0.319752 0.674927
v 0.394547 0.238064 0.609066
v 0.784149 0.277168 0.260284
v 0.727844 0.312071 0.219101
v 0.806183 0.319759 0.236359
v 0.772766 0.360151 0.279449
v 0.794342 0.320299 0.289078
v 0.788574 0.319759 0.260330
v 0.428329 0.319752 0.662460
v 0.474655 0.319752 0.686571
v 0.439270 0.400482 0.651680
v 0.772156 0.280701 0.278854
v 0.439270 0.239040 0.651680
v 0.504349 0.455030 0.635695
v 0.478455 0.466187 0.610634
v 0.478653 0.117653 0.426392
v 0.440643 0.106293 0.479393
v -0.444199 0.123909 0.454689
v -0.475754 0.091881 0.442276
v -0.518387 0.123276 0.380760
v -0.612335 0.449802 0.278458
v -0.648468 0.428527 0.240341
v -0.605148 0.492733 0.313370
v -0.332352 0.316317 0.589363
v -0.324089 0.365997 0.593315
v -0.346466 0.405489 0.575283
v -0.336937 0.222321 0.580631
v -0.605148 0.139893 0.313370
v -0.529785 0.112213 0.392624
v -0.628738 0.173294 0.286407
v -0.452545 0.112892 0.469589
v -0.529785 0.520416 0.392624
v -0.476273 0.540665 0.441788
v -0.380081 0.487143 0.537647
v -0.766449 0.386757 0.279556
v -0.772644 0.355934 0.285522
v -0.744766 0.410627 0.342484
v -0.532959 0.116661 0.543049
v -0.433914 0.167847 0.559513
v -0.462967 0.155067 0.612309
v -0.684143 0.384530 0.255249
v -0.622955 0.411916 0.247665
v -0.615662 0.355359 0.185684
v -0.421036 0.405041 0.654114
v -0.409088 0.316317 0.664143
v -0.395279 0.398016 0.598026
v -0.787903 0.307837 0.232574
v -0.694870 0.316404 0.210541
v -0.689209 0.248550 0.257248
v -0.745789 0.210400 0.323257
v -0.684250 0.477888 0.392860
v -0.766937 0.274166 0.277161
v -0.795166 0.313095 0.292725
v -0.775146 0.316317 0.257080
v -0.735672 0.199928 0.391212
v -0.737793 0.220127 0.338638
v -0.677841 0.165092 0.403114
v -0.428101 0.316317 0.652000
v -0.473969 0.316317 0.676973
v -0.439224 0.235596 0.641434
v -0.766815 0.358426 0.277069
v -0.782715 0.353129 0.379120
v -0.776886 0.271946 0.399338
v -0.439224 0.397032 0.641434
v -0.686615 0.245739 0.549068
v -0.712677 0.385964 0.517303
v -0.739777 0.429343 0.387054
v -0.737793 0.412509 0.338638
v -0.504593 0.181038 0.626650
v -0.479156 0.169899 0.601116
v 0.044768 0.594322 0.834763
v -0.000165 0.526138 0.901154
v 0.146431 0.526146 0.864613
v -0.000148 0.025627 0.776495
v 0.112038 0.047943 0.776495
v 0.079172 0.047943 0.824196
v -0.000161 0.612000 0.776487
v -0.079491 0.589684 0.824196
v -0.045094 0.043297 0.834763
v -0.112362 0.047943 0.776495
v 0.112038 0.589684 0.776495
v -0.112362 0.589684 0.776495
v 0.332054 0.319759 0.602165
v 0.328102 0.319759 0.582615
v 0.341431 0.404079 0.568832
v 0.345932 0.408920 0.587830
v 0.341423 0.235432 0.568825
v 0.345932 0.230598 0.587830
v 0.386673 0.481794 0.545696
v 0.380569 0.473024 0.528362
v 0.478226 0.522034 0.428192
v 0.450043 0.523201 0.480209
v 0.386673 0.157715 0.545696
v 0.450043 0.116325 0.480202
v 0.380569 0.166496 0.528362
v 0.525391 0.523865 0.401825
v 0.606369 0.448126 0.278519
v 0.592438 0.186104 0.285614
v 0.634964 0.213314 0.254471
v 0.332901 0.227505 0.590343
v 0.319138 0.319759 0.604534
v 0.332901 0.412024 0.590343
v 0.375015 0.489197 0.546974
v 0.649536 0.319891 0.150406
v 0.440521 0.533211 0.479393
v 0.650436 0.276646 0.172363
v 0.375137 0.150139 0.546848
v 0.783020 0.365704 0.261246
v 0.673233 0.480785 0.398033
v 0.792542 0.319901 0.267548
v 0.435699 0.319752 0.665319
v 0.448929 0.399983 0.651520
v 0.421310 0.408472 0.664680
v 0.486008 0.174736 0.613121
v 0.449081 0.238232 0.651276
v 0.462494 0.158516 0.622124
v 0.485489 0.464458 0.613644
v 0.542831 0.501392 0.554279
v 0.543610 0.137543 0.553329
v 0.531174 0.120117 0.551628
v 0.612335 0.502071 0.481987
v 0.606491 0.518600 0.473923
v 0.523911 0.500511 0.535786
v 0.591858 0.501129 0.465042
v 0.589325 0.138390 0.465042
v 0.523911 0.138992 0.535778
v 0.650726 0.468481 0.396645
v 0.645142 0.171043 0.396645
v 0.429947 0.398992 0.632900
v 0.417435 0.319752 0.645838
v 0.429947 0.240536 0.632900
v 0.466721 0.463751 0.594891
v 0.466721 0.175766 0.594891
v 0.361679 0.156219 0.528744
v 0.426453 0.114487 0.461807
v 0.443344 0.137512 0.459816
v 0.385849 0.174881 0.519402
v 0.443344 0.502014 0.459801
v 0.385849 0.464649 0.519402
v 0.500641 0.113647 0.381744
v 0.507843 0.136650 0.388634
v 0.592331 0.279049 0.195175
v 0.612366 0.318966 0.172348
v 0.319908 0.229771 0.571934
v 0.348953 0.240452 0.557632
v 0.511108 0.502903 0.388580
v 0.563080 0.150696 0.303711
v 0.568832 0.470169 0.319931
v 0.615540 0.212940 0.229965
v 0.618317 0.414415 0.253647
v 0.716248 0.366566 0.243469
v 0.627335 0.273766 0.163513
v 0.627045 0.361375 0.194901
v 0.394547 0.401462 0.609074
v 0.348953 0.399067 0.557632
v 0.336533 0.319759 0.570290
v 0.361679 0.483288 0.528744
v 0.319908 0.409752 0.571934
v 0.570068 0.488297 0.303223
v 0.503632 0.525768 0.381599
v 0.624969 0.426829 0.230270
v 0.432465 0.171288 0.569866
v 0.638779 0.364722 0.162750
v 0.630890 0.319733 0.137375
v 0.305664 0.319759 0.586586
v 0.426605 0.525040 0.461639
v 0.569122 0.489574 0.581982
v 0.638748 0.490150 0.510170
v 0.605942 0.504189 0.478607
v 0.536606 0.503567 0.550541
v 0.540985 0.375799 0.671125
v 0.615097 0.390113 0.626463
v 0.694717 0.459476 0.434914
v 0.686371 0.453487 0.384140
v 0.732193 0.377627 0.471519
v 0.684723 0.390329 0.554790
v 0.540985 0.263725 0.671125
v 0.615097 0.249416 0.626463
v 0.684189 0.249184 0.554790
v 0.730362 0.261887 0.471519
v 0.504349 0.184486 0.635695
v 0.569122 0.149933 0.581982
v 0.690247 0.180046 0.434914
v 0.637344 0.149368 0.510170
v 0.661377 0.168533 0.409050
v 0.713669 0.223576 0.343391
v 0.478455 0.173332 0.610641
v 0.536606 0.135941 0.550541
v 0.603806 0.135330 0.478607
v -0.328758 0.316317 0.569748
v -0.342308 0.231987 0.556210
v -0.346466 0.227154 0.575283
v -0.342308 0.400649 0.556210
v -0.650101 0.329374 0.155258
v -0.645309 0.272015 0.182114
v -0.624588 0.274803 0.177979
v -0.628387 0.324133 0.151154
v -0.658096 0.332455 0.144943
v -0.388000 0.154274 0.533920
v -0.382202 0.163055 0.516479
v -0.388000 0.478357 0.533920
v -0.452545 0.519749 0.469589
v -0.444199 0.508724 0.454689
v -0.382202 0.469574 0.516479
v -0.518387 0.509369 0.380760
v -0.614899 0.182320 0.277969
v -0.604507 0.483681 0.318161
v -0.645554 0.422763 0.247894
v -0.652435 0.269550 0.172028
v -0.380081 0.145500 0.537643
v -0.648468 0.204102 0.240341
v -0.682785 0.465324 0.408058
v -0.681320 0.166458 0.409439
v -0.743408 0.221107 0.344032
v -0.684845 0.154968 0.392029
v -0.784302 0.309071 0.262909
v -0.435425 0.316317 0.655014
v -0.449051 0.234795 0.641199
v -0.421036 0.227589 0.654114
v -0.486664 0.462046 0.603611
v -0.448883 0.396527 0.641453
v -0.462967 0.477571 0.612309
v -0.487213 0.170250 0.603100
v -0.546143 0.134071 0.544273
v -0.545242 0.497959 0.545261
v -0.532959 0.515976 0.543049
v -0.615250 0.134445 0.475464
v -0.609970 0.117531 0.466644
v -0.614441 0.498581 0.476234
v -0.609970 0.515110 0.466644
v -0.595673 0.134949 0.457642
v -0.525970 0.135551 0.527100
v -0.595673 0.497677 0.457642
v -0.525970 0.497078 0.527100
v -0.663101 0.167603 0.390450
v -0.663101 0.465031 0.390450
v -0.718002 0.221733 0.327026
v -0.718002 0.410904 0.327026
v -0.736420 0.276348 0.268539
v -0.736420 0.356282 0.268539
v -0.430237 0.237091 0.622482
v -0.417480 0.316317 0.635195
v -0.745575 0.316317 0.246811
v -0.430237 0.395557 0.622482
v -0.467728 0.172325 0.585155
v -0.467728 0.460316 0.585155
v -0.585556 0.466370 0.311920
v -0.363884 0.479853 0.517113
v -0.430054 0.521614 0.451172
v -0.446838 0.498569 0.449684
v -0.388214 0.461197 0.508209
v -0.446838 0.134071 0.449684
v -0.388214 0.171440 0.508202
v -0.619675 0.319382 0.162415
v -0.509232 0.522305 0.372276
v -0.516983 0.499435 0.379669
v -0.321342 0.406297 0.559505
v -0.350639 0.395626 0.545753
v -0.516983 0.133202 0.379669
v -0.585938 0.485325 0.295883
v -0.585587 0.166283 0.312042
v -0.627579 0.423476 0.223633
v -0.622528 0.220173 0.248047
v -0.629395 0.362574 0.156662
v -0.615509 0.279125 0.185837
v -0.395279 0.234627 0.598019
v -0.350639 0.237007 0.545753
v -0.337982 0.316317 0.558170
v -0.363884 0.152786 0.517105
v -0.321342 0.226334 0.559505
v -0.586060 0.147255 0.295761
v -0.509232 0.110336 0.372276
v -0.627365 0.209190 0.223938
v -0.433914 0.464783 0.559513
v -0.629303 0.271954 0.156723
v -0.637970 0.319431 0.128525
v -0.306831 0.316317 0.573914
v -0.430054 0.111015 0.451172
v -0.570328 0.146492 0.574123
v -0.641312 0.145927 0.503593
v -0.609268 0.131889 0.471443
v -0.538406 0.132500 0.542080
v -0.540558 0.260288 0.662744
v -0.615494 0.245972 0.619442
v -0.540558 0.372351 0.662744
v -0.615494 0.386657 0.619442
v -0.504593 0.451595 0.626650
v -0.570328 0.486153 0.574123
v -0.641312 0.486713 0.503593
v -0.538406 0.500137 0.542080
v -0.479156 0.462736 0.601116
v -0.677841 0.467552 0.403114
v -0.609268 0.500751 0.471443
v -0.060999 0.012924 0.615675
v -0.063452 0.000610 0.630033
v -0.179867 0.049995 0.631878
v -0.173424 0.059494 0.615675
v -0.173424 0.578136 0.615675
v -0.180412 0.588577 0.630033
v -0.061249 0.636932 0.631281
v -0.060999 0.624702 0.615675
v 0.173107 0.578136 0.615675
v 0.060688 0.624702 0.615675
v 0.062990 0.635941 0.631878
v 0.180111 0.588470 0.630810
v 0.065317 0.001678 0.631847
v 0.060680 0.012924 0.615675
v -0.269814 0.138641 0.631386
v -0.259476 0.145538 0.615675
v -0.306061 0.379663 0.615675
v -0.306061 0.257977 0.615675
v -0.317291 0.255661 0.631878
v -0.318344 0.380407 0.630472
v 0.316826 0.255764 0.632418
v 0.269600 0.138565 0.630033
v 0.259155 0.145538 0.615675
v 0.305725 0.257977 0.615675
v 0.297386 0.259628 0.634598
v 0.297386 0.378010 0.634598
v 0.305725 0.379668 0.615675
v 0.173107 0.059494 0.615675
v 0.179417 0.049919 0.631878
v 0.059021 0.616364 0.634598
v -0.059355 0.616364 0.634598
v 0.259155 0.492104 0.615675
v 0.252090 0.487358 0.634598
v 0.168388 0.571072 0.634598
v -0.168728 0.066559 0.634598
v -0.059345 0.021263 0.634598
v 0.168381 0.066559 0.634598
v 0.252090 0.150269 0.634598
v -0.252411 0.487358 0.634598
v -0.259476 0.492104 0.615675
v -0.168728 0.571072 0.634598
v -0.297729 0.378010 0.634588
v 0.059021 0.021263 0.634598
v -0.252411 0.150269 0.634598
v -0.297729 0.259628 0.634588
v 0.268738 0.498394 0.631878
v -0.270714 0.496758 0.631853
v 0.317993 0.382022 0.630810
v -0.111980 0.051849 0.780359
v -0.110199 0.053177 0.720621
v -0.203468 0.115501 0.720621
v -0.205559 0.115013 0.780022
v -0.268013 0.209175 0.780350
v -0.265808 0.208782 0.720626
v -0.287697 0.318817 0.720622
v -0.289314 0.318857 0.780214
v 0.289276 0.317616 0.780350
v 0.287369 0.318817 0.720621
v 0.265480 0.208782 0.720622
v 0.267021 0.208145 0.780430
v -0.265808 0.428843 0.720621
v -0.267815 0.429718 0.780558
v 0.203156 0.522125 0.720622
v 0.205353 0.522621 0.780350
v 0.111717 0.585762 0.780350
v 0.109875 0.584450 0.720622
v -0.110199 0.584450 0.720622
v -0.110779 0.585983 0.780214
v -0.203957 0.524319 0.780373
v -0.203468 0.522125 0.720622
v 0.265480 0.428843 0.720622
v 0.267693 0.428466 0.780350
v -0.000148 0.606346 0.720621
v -0.000145 0.608528 0.780558
v 0.205223 0.115013 0.780022
v 0.203156 0.115501 0.720621
v -0.000165 -0.004517 0.783539
v -0.000161 0.029053 0.780706
v -0.123913 0.020096 0.783539
v 0.109875 0.053177 0.720621
v 0.111649 0.051849 0.780359
v -0.000165 0.031288 0.720626
v -0.168030 0.388358 0.627314
v -0.275894 0.433027 0.628397
v -0.211967 0.530621 0.629044
v -0.128643 0.447302 0.627314
v 0.276962 0.206409 0.628881
v 0.167698 0.249279 0.627319
v 0.181530 0.318817 0.627314
v 0.298752 0.320995 0.628521
v 0.323181 0.318817 0.783539
v 0.298561 0.442556 0.783539
v 0.123573 0.020096 0.783539
v 0.228470 0.090187 0.783539
v -0.000161 0.642151 0.783539
v -0.123890 0.617546 0.783539
v 0.298561 0.195084 0.783539
v 0.228470 0.547455 0.783539
v 0.123573 0.617546 0.783539
v -0.298874 0.195084 0.783539
v -0.228798 0.090187 0.783539
v -0.114799 0.042076 0.629044
v -0.000168 0.020378 0.628397
v -0.228798 0.547455 0.783539
v -0.298874 0.442556 0.783539
v -0.323486 0.318817 0.783539
v 0.275269 0.435288 0.628887
v 0.209694 0.531769 0.628681
v 0.069365 0.150948 0.627314
v 0.128311 0.190338 0.627314
v 0.212784 0.108963 0.628681
v 0.114433 0.042160 0.628820
v 0.167698 0.388358 0.627319
v 0.128311 0.447302 0.627319
v -0.069683 0.150948 0.627314
v -0.000169 0.137123 0.627314
v 0.112221 0.595871 0.628681
v 0.069365 0.486679 0.627319
v -0.000165 0.500523 0.627314
v -0.002340 0.617722 0.628521
v -0.128643 0.190338 0.627314
v -0.213112 0.108963 0.628681
v -0.069683 0.486679 0.627314
v -0.114391 0.594589 0.628550
v -0.181847 0.318817 0.627314
v -0.299713 0.318817 0.629044
v -0.168030 0.249279 0.627314
v -0.275894 0.204613 0.628397
v 0.293022 0.318817 0.776495
v 0.270714 0.431021 0.776495
v 0.191368 0.431021 0.891663
v 0.207153 0.318817 0.901154
v -0.207474 0.111504 0.776495
v -0.146767 0.111504 0.864620
v -0.146767 0.526146 0.864613
v 0.191368 0.206623 0.891663
v 0.270714 0.206623 0.776495
v -0.000165 0.111504 0.901154
v 0.207153 0.526138 0.776487
v -0.000152 0.206623 0.939346
v -0.000148 0.318817 0.952744
v 0.207153 0.111504 0.776495
v 0.146431 0.111504 0.864620
v -0.000152 0.431021 0.939346
v -0.207474 0.318817 0.901154
v -0.191704 0.431021 0.891663
v -0.191704 0.206623 0.891663
v -0.207474 0.526138 0.776495
v -0.293343 0.318817 0.776495
v -0.271027 0.206623 0.776495
v -0.271027 0.431021 0.776495
v 0.301926 0.531277 0.447273
v 0.301926 0.141724 0.447258
v 0.000006 0.141724 0.528145
v 0.000006 0.531277 0.528145
v 0.301926 0.531277 -0.598602
v 0.301926 0.141724 -0.598602
v 0.522934 0.141724 -0.377563
v 0.522934 0.531277 -0.377563
v -0.301895 0.531277 -0.598602
v -0.522934 0.531277 -0.377563
v -0.522934 0.141724 -0.377563
v -0.301895 0.141724 -0.598602
v -0.603806 0.531277 -0.075684
v -0.603806 0.141724 -0.075684
v -0.301895 0.141724 0.447258
v -0.522934 0.141724 0.226242
v -0.522934 0.531277 0.226242
v -0.301895 0.531277 0.447258
v 0.000024 0.136360 -0.765533
v -0.344917 0.136360 -0.673096
v -0.344917 0.536636 -0.673096
v 0.000024 0.536636 -0.765533
v 0.603836 0.531277 -0.075684
v 0.603836 0.141724 -0.075684
v 0.522934 0.141724 0.226242
v 0.522934 0.531277 0.226242
v -0.000002 0.531277 -0.679504
v -0.000002 0.141724 -0.679504
v 0.597427 0.136360 -0.420593
v 0.344933 0.136360 -0.673096
v 0.344933 0.536636 -0.673096
v 0.597427 0.536636 -0.420593
v 0.000019 0.136360 0.614162
v 0.344933 0.136360 0.521755
v 0.344933 0.536636 0.521755
v 0.000019 0.536636 0.614162
v -0.597412 0.136360 -0.420593
v -0.597412 0.536636 -0.420593
v -0.689835 0.136360 -0.075684
v -0.689835 0.536636 -0.075684
v -0.344917 0.136360 0.521755
v -0.344917 0.536636 0.521755
v -0.597412 0.536636 0.269241
v -0.597412 0.136360 0.269241
v -0.323395 0.125458 0.484512
v 0.000019 0.125458 0.571171
v 0.689850 0.136360 -0.075684
v 0.689850 0.536636 -0.075684
v 0.597427 0.536636 0.269241
v 0.597427 0.136360 0.269241
v 0.323425 0.551517 -0.635864
v 0.000011 0.551517 -0.722504
v -0.560165 0.125458 0.247742
v -0.323395 0.551517 -0.635864
v -0.560165 0.551517 -0.399109
v -0.560165 0.125465 -0.399109
v -0.646820 0.125465 -0.075684
v -0.560165 0.551510 0.247742
v -0.646820 0.551510 -0.075684
v -0.323395 0.125465 -0.635864
v 0.000011 0.125465 -0.722504
v 0.560196 0.125465 -0.399109
v 0.323425 0.125465 -0.635864
v 0.560196 0.125458 0.247742
v 0.646851 0.125465 -0.075684
v -0.323395 0.551510 0.484512
v 0.323425 0.551510 0.484505
v 0.560196 0.551510 0.247742
v 0.000019 0.551510 0.571171
v 0.560196 0.551517 -0.399109
v 0.646851 0.551510 -0.075684
v 0.323425 0.125458 0.484512
vt 0.518669 0.289623
vt 0.511014 0.301626
vt 0.504517 0.281149
vt 0.508941 0.310791
vt 0.497953 0.333392
vt 0.496183 0.308831
vt 0.493098 0.300699
vt 0.500000 0.301071
vt 0.497628 0.292937
vt 0.486278 0.295063
vt 0.481331 0.312519
vt 0.470513 0.276827
vt 0.472640 0.300106
vt 0.463650 0.327324
vt 0.536350 0.274819
vt 0.529487 0.325316
vt 0.527360 0.302037
vt 0.553681 0.301143
vt 0.827750 0.806560
vt 0.841847 0.822935
vt 0.831662 0.826192
vt 0.834939 0.832914
vt 0.824208 0.825948
vt 0.833277 0.840260
vt 0.824469 0.858378
vt 0.823050 0.838689
vt 0.826110 0.832469
vt 0.817280 0.832024
vt 0.816147 0.823763
vt 0.811144 0.841646
vt 0.802472 0.813033
vt 0.804177 0.831694
vt 0.796970 0.853513
vt 0.855249 0.811424
vt 0.849747 0.851904
vt 0.848043 0.833243
vt 0.869142 0.832526
vt 0.839016 0.842860
vt 0.827498 0.838915
vt 0.831642 0.832767
vt 0.817708 0.839336
vt 0.813984 0.831877
vt 0.820577 0.832170
vt 0.827208 0.816556
vt 0.819523 0.824867
vt 0.806241 0.826150
vt 0.802201 0.848439
vt 0.796230 0.806560
vt 0.783077 0.832411
vt 0.855990 0.858377
vt 0.850019 0.816498
vt 0.834512 0.825601
vt 0.838236 0.833060
vt 0.858593 0.832885
vt 0.839016 0.842860
vt 0.828011 0.838989
vt 0.835377 0.832933
vt 0.820568 0.835162
vt 0.813203 0.822077
vt 0.793627 0.832053
vt 0.851106 0.815444
vt 0.648383 0.240006
vt 0.654810 0.237734
vt 0.653150 0.254704
vt 0.669990 0.534187
vt 0.675457 0.560176
vt 0.672913 0.560647
vt 0.653779 0.305979
vt 0.656575 0.279047
vt 0.656286 0.306201
vt 0.668038 0.200760
vt 0.663265 0.227064
vt 0.660694 0.226368
vt 0.651576 0.224133
vt 0.657147 0.198221
vt 0.659411 0.197971
vt 0.644672 0.305572
vt 0.644374 0.331845
vt 0.641767 0.332233
vt 0.466490 0.543911
vt 0.448692 0.526385
vt 0.462777 0.523252
vt 0.521408 0.389099
vt 0.511451 0.406845
vt 0.502200 0.408019
vt 0.514640 0.611747
vt 0.514339 0.620370
vt 0.490153 0.585422
vt 0.530539 0.632281
vt 0.524858 0.624659
vt 0.548950 0.633763
vt 0.514562 0.375396
vt 0.498617 0.365142
vt 0.520593 0.346896
vt 0.468429 0.466112
vt 0.463446 0.484746
vt 0.454116 0.460738
vt 0.524415 0.635291
vt 0.512095 0.641461
vt 0.517744 0.632357
vt 0.543699 0.370769
vt 0.365090 0.580405
vt 0.371721 0.568547
vt 0.379206 0.576931
vt 0.274695 0.464533
vt 0.284864 0.475578
vt 0.261772 0.484859
vt 0.383271 0.563080
vt 0.296035 0.453290
vt 0.267653 0.506996
vt 0.257383 0.509346
vt 0.648608 0.344011
vt 0.654700 0.332653
vt 0.654500 0.359047
vt 0.733690 0.257316
vt 0.742684 0.262730
vt 0.742891 0.281220
vt 0.758804 0.046893
vt 0.770496 0.035390
vt 0.758344 0.060190
vt 0.732524 0.180923
vt 0.729554 0.167462
vt 0.733519 0.154804
vt 0.730234 0.207317
vt 0.758344 0.301656
vt 0.750601 0.277536
vt 0.765787 0.311708
vt 0.742556 0.253942
vt 0.750601 0.084309
vt 0.742736 0.098968
vt 0.733862 0.130651
vt 0.531842 0.299748
vt 0.529528 0.294424
vt 0.547138 0.300563
vt 0.466485 0.205966
vt 0.448692 0.188438
vt 0.462778 0.185304
vt 0.529967 0.312108
vt 0.538710 0.330709
vt 0.513588 0.325095
vt 0.468428 0.128164
vt 0.463446 0.146799
vt 0.454115 0.122790
vt 0.517059 0.293613
vt 0.511339 0.303047
vt 0.495984 0.287568
vt 0.499806 0.270436
vt 0.521403 0.051145
vt 0.532123 0.022350
vt 0.543698 0.032819
vt 0.365076 0.710091
vt 0.371101 0.699247
vt 0.379206 0.706744
vt 0.326428 0.696801
vt 0.336903 0.708336
vt 0.307348 0.700816
vt 0.274695 0.594347
vt 0.284864 0.605391
vt 0.261772 0.614672
vt 0.383549 0.692890
vt 0.362754 0.675218
vt 0.344466 0.684993
vt 0.296035 0.583103
vt 0.311706 0.657824
vt 0.341083 0.643619
vt 0.373416 0.655278
vt 0.383568 0.664741
vt 0.267653 0.636809
vt 0.257383 0.639160
vt 0.606534 0.149777
vt 0.608702 0.125623
vt 0.636747 0.146607
vt 0.681799 0.012359
vt 0.705796 0.035936
vt 0.689408 0.037682
vt 0.587122 0.159061
vt 0.579513 0.133737
vt 0.662387 0.021643
vt 0.650430 0.000205
vt 0.618492 0.171215
vt 0.563126 0.135484
vt 0.446319 0.301000
vt 0.645024 0.434733
vt 0.650674 0.434304
vt 0.653039 0.460134
vt 0.647693 0.460732
vt 0.649110 0.408411
vt 0.643735 0.408627
vt 0.650895 0.485501
vt 0.655979 0.484998
vt 0.662172 0.523176
vt 0.654950 0.510446
vt 0.643158 0.383658
vt 0.643396 0.358390
vt 0.648259 0.383388
vt 0.659930 0.536542
vt 0.669421 0.560966
vt 0.664306 0.562266
vt 0.650802 0.294093
vt 0.666124 0.187511
vt 0.664208 0.172017
vt 0.647538 0.279263
vt 0.656112 0.408070
vt 0.658241 0.433729
vt 0.644602 0.461057
vt 0.647879 0.485669
vt 0.661989 0.239836
vt 0.673036 0.174145
vt 0.675457 0.174528
vt 0.641811 0.434977
vt 0.640630 0.408773
vt 0.640539 0.358857
vt 0.652054 0.510416
vt 0.657298 0.536559
vt 0.646650 0.251273
vt 0.645441 0.278374
vt 0.645283 0.237400
vt 0.640152 0.383948
vt 0.544874 0.376406
vt 0.512515 0.626235
vt 0.485749 0.587473
vt 0.520680 0.628444
vt 0.471476 0.486090
vt 0.469066 0.505095
vt 0.462110 0.503842
vt 0.482255 0.448705
vt 0.475525 0.467240
vt 0.475538 0.447437
vt 0.469157 0.524215
vt 0.472556 0.543976
vt 0.492570 0.429968
vt 0.486341 0.427909
vt 0.479603 0.564675
vt 0.474467 0.565891
vt 0.477864 0.542678
vt 0.484978 0.562419
vt 0.511877 0.415263
vt 0.497658 0.433330
vt 0.494689 0.581810
vt 0.548950 0.382282
vt 0.529046 0.398350
vt 0.475067 0.505486
vt 0.477304 0.487066
vt 0.481232 0.468922
vt 0.474872 0.523877
vt 0.487638 0.451187
vt 0.434264 0.427774
vt 0.449915 0.403562
vt 0.459272 0.407486
vt 0.445101 0.430905
vt 0.436555 0.554336
vt 0.430211 0.529300
vt 0.470437 0.379732
vt 0.477831 0.384975
vt 0.514311 0.662635
vt 0.500034 0.657065
vt 0.423486 0.452181
vt 0.435295 0.454817
vt 0.446813 0.579191
vt 0.493455 0.358453
vt 0.459668 0.602031
vt 0.517777 0.338141
vt 0.474353 0.624061
vt 0.501399 0.632417
vt 0.538678 0.668693
vt 0.534275 0.675708
vt 0.506625 0.669688
vt 0.489711 0.645905
vt 0.447180 0.504384
vt 0.427885 0.504403
vt 0.429547 0.479430
vt 0.419438 0.529210
vt 0.416055 0.503579
vt 0.453315 0.606515
vt 0.439017 0.581780
vt 0.469337 0.631122
vt 0.462619 0.439624
vt 0.485479 0.655828
vt 0.493792 0.666321
vt 0.417006 0.477609
vt 0.427171 0.555330
vt 0.542055 0.654147
vt 0.275597 0.528113
vt 0.291081 0.547145
vt 0.282582 0.556247
vt 0.264677 0.534811
vt 0.286251 0.495183
vt 0.296969 0.511125
vt 0.312653 0.561593
vt 0.318023 0.573719
vt 0.329001 0.543494
vt 0.311706 0.528011
vt 0.304417 0.478698
vt 0.319625 0.490588
vt 0.335346 0.506370
vt 0.349400 0.524585
vt 0.317672 0.460970
vt 0.338095 0.470518
vt 0.368523 0.509712
vt 0.355816 0.487304
vt 0.378220 0.505145
vt 0.383568 0.534928
vt 0.320829 0.450920
vt 0.345581 0.460181
vt 0.365466 0.479563
vt 0.660010 0.459414
vt 0.662493 0.483622
vt 0.654913 0.383762
vt 0.665809 0.508119
vt 0.658447 0.252417
vt 0.738201 0.180923
vt 0.738943 0.206612
vt 0.733519 0.207041
vt 0.738943 0.155234
vt 0.790522 0.358680
vt 0.783668 0.348048
vt 0.786727 0.344579
vt 0.793238 0.354930
vt 0.781632 0.001391
vt 0.787765 0.002696
vt 0.736919 0.230863
vt 0.741895 0.230208
vt 0.747209 0.253123
vt 0.736919 0.130983
vt 0.742556 0.107904
vt 0.747208 0.108722
vt 0.741895 0.131638
vt 0.754957 0.276394
vt 0.754957 0.085451
vt 0.769821 0.310052
vt 0.760451 0.061052
vt 0.769696 0.052050
vt 0.772161 0.037098
vt 0.789306 0.005054
vt 0.792679 0.007805
vt 0.722414 0.153433
vt 0.726902 0.128509
vt 0.722414 0.208413
vt 0.719972 0.180923
vt 0.789281 0.361641
vt 0.782115 0.361420
vt 0.776486 0.350192
vt 0.782456 0.350425
vt 0.733862 0.231195
vt 0.726902 0.233337
vt 0.733690 0.104530
vt 0.758930 0.315211
vt 0.742891 0.080626
vt 0.770496 0.326456
vt 0.544888 0.038562
vt 0.524713 0.055500
vt 0.489811 0.246677
vt 0.502344 0.265833
vt 0.485758 0.249521
vt 0.519887 0.289623
vt 0.471476 0.148142
vt 0.469038 0.167141
vt 0.462110 0.165894
vt 0.482174 0.110745
vt 0.475555 0.129296
vt 0.475537 0.109489
vt 0.469245 0.186286
vt 0.472689 0.206040
vt 0.492649 0.092040
vt 0.486338 0.089959
vt 0.479697 0.226709
vt 0.474471 0.227941
vt 0.507151 0.073123
vt 0.502205 0.070076
vt 0.484979 0.224472
vt 0.477864 0.204730
vt 0.511876 0.077313
vt 0.497657 0.095382
vt 0.494689 0.243862
vt 0.529046 0.060401
vt 0.506939 0.262457
vt 0.548949 0.044332
vt 0.518366 0.279287
vt 0.531637 0.290184
vt 0.548949 0.295816
vt 0.475067 0.167539
vt 0.477304 0.149118
vt 0.524180 0.286365
vt 0.481232 0.130974
vt 0.474873 0.185929
vt 0.487637 0.113239
vt 0.498606 0.027179
vt 0.520597 0.009003
vt 0.434263 0.089826
vt 0.449913 0.065614
vt 0.459278 0.069542
vt 0.445100 0.092957
vt 0.436563 0.216387
vt 0.430212 0.191353
vt 0.499980 0.319192
vt 0.470428 0.041777
vt 0.477809 0.047012
vt 0.423485 0.114234
vt 0.435294 0.116870
vt 0.446814 0.241244
vt 0.493448 0.020499
vt 0.459686 0.264073
vt 0.517780 0.000197
vt 0.474349 0.286110
vt 0.534275 0.337754
vt 0.506601 0.331832
vt 0.489566 0.308248
vt 0.447180 0.166436
vt 0.427885 0.166456
vt 0.429547 0.141483
vt 0.419439 0.191263
vt 0.416055 0.165632
vt 0.453324 0.268562
vt 0.439015 0.243834
vt 0.469334 0.293176
vt 0.462618 0.101675
vt 0.485527 0.317844
vt 0.493798 0.328361
vt 0.417005 0.139662
vt 0.427172 0.217383
vt 0.275597 0.657927
vt 0.291082 0.676959
vt 0.282582 0.686060
vt 0.264677 0.664624
vt 0.286251 0.624997
vt 0.296969 0.640939
vt 0.304417 0.608511
vt 0.319624 0.620401
vt 0.317672 0.590783
vt 0.338095 0.600331
vt 0.355816 0.617117
vt 0.345581 0.589995
vt 0.320828 0.580733
vt 0.378220 0.634958
vt 0.365466 0.609376
vt 0.689189 0.483928
vt 0.693140 0.483662
vt 0.695579 0.512927
vt 0.691552 0.513319
vt 0.715101 0.174826
vt 0.719562 0.175045
vt 0.713183 0.207869
vt 0.708629 0.206979
vt 0.697038 0.272549
vt 0.702274 0.240059
vt 0.706725 0.240881
vt 0.701397 0.273219
vt 0.691750 0.453913
vt 0.687643 0.454085
vt 0.698698 0.541707
vt 0.694834 0.542215
vt 0.704196 0.600515
vt 0.699217 0.571230
vt 0.703241 0.570583
vt 0.708129 0.599819
vt 0.691986 0.365787
vt 0.690771 0.395364
vt 0.686848 0.395286
vt 0.687837 0.365575
vt 0.682897 0.365397
vt 0.684848 0.334932
vt 0.689905 0.335265
vt 0.686624 0.424430
vt 0.690622 0.424342
vt 0.696848 0.239179
vt 0.703133 0.205960
vt 0.692897 0.304339
vt 0.687722 0.303825
vt 0.691730 0.271852
vt 0.686766 0.513860
vt 0.684300 0.484328
vt 0.681750 0.424549
vt 0.681995 0.395262
vt 0.705127 0.630076
vt 0.709913 0.629004
vt 0.715811 0.656022
vt 0.711337 0.656649
vt 0.710069 0.174169
vt 0.699437 0.601477
vt 0.682750 0.454325
vt 0.690032 0.542897
vt 0.694427 0.572037
vt 0.676508 0.395236
vt 0.677948 0.365239
vt 0.689261 0.572856
vt 0.685165 0.543530
vt 0.681838 0.514416
vt 0.678786 0.484784
vt 0.691289 0.238300
vt 0.697153 0.204756
vt 0.677408 0.454545
vt 0.685883 0.271105
vt 0.697148 0.304857
vt 0.677028 0.424601
vt 0.694171 0.602543
vt 0.682400 0.303326
vt 0.700445 0.631151
vt 0.713726 0.628240
vt 0.719562 0.655773
vt 0.693987 0.335595
vt 0.704588 0.171863
vt 0.679301 0.334581
vt 0.706829 0.658591
vt 0.278755 0.167723
vt 0.263575 0.164569
vt 0.270973 0.135506
vt 0.285718 0.140082
vt 0.295654 0.113272
vt 0.281285 0.107248
vt 0.294202 0.079762
vt 0.308105 0.087180
vt 0.285296 0.310198
vt 0.270151 0.314677
vt 0.263006 0.284953
vt 0.278431 0.281980
vt 0.309684 0.053197
vt 0.323453 0.061889
vt 0.292509 0.371569
vt 0.306702 0.364559
vt 0.320698 0.390531
vt 0.306906 0.398380
vt 0.345083 0.000205
vt 0.359325 0.009595
vt 0.341016 0.036470
vt 0.327142 0.026944
vt 0.280084 0.343630
vt 0.294787 0.337789
vt 0.337064 0.450510
vt 0.322304 0.424376
vt 0.336224 0.416242
vt 0.350876 0.442959
vt 0.274182 0.253354
vt 0.258633 0.254814
vt 0.282452 0.196805
vt 0.274551 0.195963
vt 0.286620 0.169362
vt 0.257383 0.224484
vt 0.272976 0.224568
vt 0.258987 0.194302
vt 0.383701 0.106092
vt 0.360049 0.087062
vt 0.377607 0.066757
vt 0.398676 0.091649
vt 0.320325 0.273316
vt 0.351799 0.268011
vt 0.357502 0.289085
vt 0.326502 0.297539
vt 0.293176 0.307933
vt 0.302464 0.334810
vt 0.281060 0.224634
vt 0.282369 0.252616
vt 0.343421 0.412065
vt 0.359485 0.440231
vt 0.286460 0.280465
vt 0.314149 0.360947
vt 0.327986 0.386418
vt 0.303083 0.116479
vt 0.293465 0.142539
vt 0.319797 0.175635
vt 0.316556 0.199723
vt 0.348457 0.041908
vt 0.330480 0.066556
vt 0.368934 0.013894
vt 0.315383 0.091186
vt 0.334832 0.321379
vt 0.345532 0.344628
vt 0.346778 0.225080
vt 0.348234 0.246608
vt 0.316670 0.248781
vt 0.315279 0.224173
vt 0.365385 0.309643
vt 0.375559 0.329547
vt 0.350013 0.182544
vt 0.347392 0.203641
vt 0.358489 0.367164
vt 0.384807 0.349765
vt 0.398666 0.365989
vt 0.374866 0.388997
vt 0.354674 0.162038
vt 0.325950 0.152270
vt 0.415606 0.079407
vt 0.401116 0.048003
vt 0.372868 0.124533
vt 0.345726 0.107922
vt 0.361287 0.142347
vt 0.334498 0.129717
vt 0.396923 0.411038
vt 0.415606 0.379237
vt 0.706795 0.132392
vt 0.684266 0.156588
vt 0.657417 0.131484
vt 0.674432 0.111506
vt 0.615807 0.000749
vt 0.632174 0.024813
vt 0.578029 0.108712
vt 0.685627 0.087773
vt 0.719562 0.101896
vt 0.660219 0.045797
vt 0.653114 0.170670
vt 0.647884 0.064911
vt 0.634461 0.085710
vt 0.719562 0.067709
vt 0.690892 0.062708
vt 0.621037 0.106509
vt 0.594489 0.059914
vt 0.583294 0.083647
vt 0.611503 0.039936
vt 0.549359 0.103711
vt 0.562126 0.039028
vt 0.584655 0.014832
vt 0.549359 0.069524
vt 0.018123 0.090204
vt 0.122950 0.090837
vt 0.120745 0.172765
vt 0.015002 0.173976
vt 0.017049 0.742385
vt 0.120641 0.744797
vt 0.119900 0.826167
vt 0.012383 0.823836
vt 0.019468 0.578453
vt 0.021698 0.497835
vt 0.123336 0.501373
vt 0.121580 0.583771
vt 0.020708 0.418088
vt 0.124766 0.420990
vt 0.121076 0.257060
vt 0.122762 0.340323
vt 0.019098 0.339350
vt 0.016252 0.257157
vt 0.142557 0.665339
vt 0.144166 0.583973
vt 0.233742 0.580843
vt 0.232631 0.662430
vt 0.012396 0.907335
vt 0.119287 0.909670
vt 0.111613 0.991728
vt 0.020824 0.990432
vt 0.019175 0.659707
vt 0.122357 0.665103
vt 0.025184 0.012779
vt 0.114098 0.010253
vt 0.141818 0.825873
vt 0.141753 0.744598
vt 0.231390 0.745621
vt 0.232861 0.825800
vt 0.143710 0.173011
vt 0.144491 0.089756
vt 0.236802 0.088576
vt 0.234484 0.173464
vt 0.144793 0.501370
vt 0.234590 0.499751
vt 0.145070 0.421000
vt 0.235800 0.420895
vt 0.143205 0.257066
vt 0.235216 0.258731
vt 0.235206 0.343076
vt 0.144366 0.340232
vt 0.132321 0.257094
vt 0.132382 0.172889
vt 0.141893 0.910408
vt 0.233326 0.908090
vt 0.245367 0.996897
vt 0.134454 0.999795
vt 0.134832 0.002067
vt 0.246045 0.000205
vt 0.005595 0.742239
vt 0.007248 0.659523
vt 0.133729 0.340274
vt 0.008740 0.578279
vt 0.010039 0.497757
vt 0.134229 0.501364
vt 0.135111 0.420985
vt 0.246009 0.342983
vt 0.245712 0.420905
vt 0.133026 0.583856
vt 0.132659 0.665222
vt 0.131023 0.826014
vt 0.131358 0.744699
vt 0.122817 0.995705
vt 0.130854 0.909956
vt 0.247058 0.258696
vt 0.248280 0.089295
vt 0.256973 0.004180
vt 0.245244 0.173542
vt 0.244040 0.580951
vt 0.244135 0.662585
vt 0.001426 0.823526
vt 0.000205 0.907801
vt 0.134044 0.090258
vt 0.242277 0.745496
vt 0.243087 0.825642
vt 0.256973 0.992213
vt 0.244545 0.907325
vt 0.245773 0.499869
vt 0.124322 0.006303
vt 0.010225 0.418241
vt 0.009150 0.994550
vt 0.004218 0.257418
vt 0.003884 0.173816
vt 0.006246 0.089471
vt 0.015020 0.009182
vt 0.007909 0.339945
vt 0.824469 0.858378
vt 0.826110 0.832469
vt 0.824469 0.858378
vt 0.824469 0.858378
vt 0.824469 0.858378
vt 0.824469 0.858378
vt 0.827750 0.806560
vt 0.834512 0.825601
vt 0.824208 0.825948
vt 0.826110 0.832469
vt 0.824469 0.858378
vt 0.827750 0.806560
vt 0.824208 0.825948
vt 0.824469 0.858378
vt 0.811144 0.841646
vt 0.813984 0.831877
vt 0.811144 0.841646
vt 0.811144 0.841646
vt 0.824469 0.858378
vt 0.796970 0.853513
vt 0.827750 0.806560
vt 0.796230 0.806560
vt 0.796230 0.806560
vt 0.855990 0.858377
vt 0.824469 0.858378
vt 0.827750 0.806560
vt 0.834512 0.825601
vt 0.848043 0.833243
vt 0.783077 0.832411
vt 0.783077 0.832411
vt 0.826110 0.832469
vt 0.826110 0.832469
vt 0.826110 0.832469
vt 0.826110 0.832469
vt 0.826110 0.832469
vt 0.826110 0.832469
vt 0.824208 0.825948
vt 0.824208 0.825948
vt 0.834512 0.825601
vt 0.813984 0.831877
vt 0.824208 0.825948
vt 0.824208 0.825948
vt 0.813984 0.831877
vt 0.826110 0.832469
vt 0.826110 0.832469
vt 0.824208 0.825948
vt 0.811144 0.841646
vt 0.813984 0.831877
vt 0.848043 0.833243
vt 0.869142 0.832526
vt 0.869142 0.832526
vt 0.855990 0.858377
vt 0.813984 0.831877
vt 0.811144 0.841646
vt 0.796970 0.853513
vt 0.869142 0.832526
vt 0.848043 0.833243
vt 0.834512 0.825601
vt 0.848043 0.833243
vn -0.313498 -0.669842 -0.673076
vn 0.422065 0.029554 -0.906084
vn 0.330566 -0.912318 -0.241667
vn 0.277954 0.687346 -0.671042
vn 0.000000 1.000000 -0.000000
vn 0.669242 0.685760 0.286093
vn 0.669242 0.685760 0.286093
vn 0.659888 0.042852 0.750141
vn 0.992691 -0.009405 -0.120313
vn 0.330566 -0.912318 -0.241667
vn 0.621198 -0.745512 0.241506
vn 0.035322 -0.379395 0.924560
vn 0.659888 0.042852 0.750141
vn 0.035322 -0.379395 0.924560
vn 0.621198 -0.745512 0.241506
vn 0.669242 0.685760 0.286093
vn 0.000000 1.000000 -0.000000
vn -0.271204 0.659957 0.700647
vn 0.330566 -0.912318 -0.241667
vn 0.035322 -0.379395 0.924560
vn -0.599061 -0.762506 0.244358
vn -0.271204 0.659957 0.700647
vn -0.706417 0.041662 0.706569
vn 0.035322 -0.379395 0.924560
vn 0.035322 -0.379395 0.924560
vn -0.706417 0.041662 0.706569
vn -0.599061 -0.762506 0.244358
vn -0.271204 0.659957 0.700647
vn 0.000000 1.000000 -0.000000
vn -0.650391 0.697458 -0.300905
vn 0.330566 -0.912318 -0.241667
vn -0.599061 -0.762506 0.244358
vn -0.313498 -0.669842 -0.673076
vn -0.650391 0.697458 -0.300905
vn -0.669136 -0.008570 -0.743091
vn -1.000000 0.000000 -0.000000
vn -0.650391 0.697458 -0.300905
vn 0.000000 1.000000 -0.000000
vn 0.277954 0.687346 -0.671042
vn -0.001675 -0.999995 -0.002534
vn -0.351187 -0.674919 -0.648963
vn 0.537194 -0.660956 -0.523984
vn 0.401170 0.041077 -0.915082
vn 0.537194 -0.660956 -0.523984
vn -0.351187 -0.674919 -0.648963
vn -0.001675 -0.999995 -0.002534
vn 0.537194 -0.660956 -0.523984
vn 0.704973 -0.667001 0.241086
vn 0.277955 0.687345 -0.671042
vn -0.000000 1.000000 -0.000000
vn 0.694725 0.676268 0.244990
vn 0.999067 0.024654 -0.035445
vn 0.694725 0.676268 0.244990
vn 0.370309 -0.013446 0.928811
vn -0.001675 -0.999995 -0.002534
vn 0.704973 -0.667001 0.241086
vn -0.017092 -0.659559 0.751459
vn 0.370309 -0.013446 0.928811
vn -0.017092 -0.659559 0.751459
vn 0.704973 -0.667001 0.241086
vn 0.694725 0.676268 0.244990
vn -0.000000 1.000000 -0.000000
vn -0.289994 0.672996 0.680427
vn -0.001675 -0.999995 -0.002534
vn -0.017092 -0.659559 0.751459
vn -0.662068 -0.692163 0.287361
vn -0.289994 0.672996 0.680427
vn -0.677688 0.032031 0.734651
vn 0.370309 -0.013446 0.928811
vn -0.289994 0.672996 0.680427
vn -0.000000 1.000000 -0.000000
vn -0.650391 0.697458 -0.300905
vn -0.001675 -0.999995 -0.002534
vn -0.662068 -0.692163 0.287361
vn -0.351187 -0.674919 -0.648963
vn -0.650391 0.697458 -0.300905
vn -0.664681 -0.010086 -0.747060
vn -0.999985 0.004242 0.003486
vn -0.650391 0.697458 -0.300905
vn -0.000000 1.000000 -0.000000
vn 0.277955 0.687345 -0.671042
vn -0.229297 0.685012 -0.691507
vn -0.007365 0.999968 -0.003157
vn 0.675659 0.699864 -0.231679
vn 0.675659 0.699864 -0.231679
vn 0.998639 -0.044206 0.027659
vn 0.705597 0.001811 -0.708611
vn 0.675659 0.699864 -0.231679
vn -0.007365 0.999968 -0.003157
vn 0.240391 0.693736 0.678927
vn 0.240391 0.693736 0.678927
vn -0.064355 0.035015 0.997313
vn 0.750077 0.002845 0.661345
vn 0.389526 -0.921006 0.004204
vn 0.268528 -0.742823 0.613275
vn -0.685661 -0.337846 0.644771
vn -0.064355 0.035015 0.997313
vn -0.685661 -0.337846 0.644771
vn 0.268528 -0.742823 0.613275
vn 0.240391 0.693736 0.678927
vn -0.007365 0.999968 -0.003157
vn -0.696745 0.649156 0.305193
vn 0.389526 -0.921006 0.004204
vn -0.685661 -0.337846 0.644771
vn -0.615512 -0.744019 -0.259963
vn -0.685661 -0.337846 0.644771
vn -0.696745 0.649156 0.305193
vn -0.910285 0.002609 -0.413974
vn -0.696745 0.649156 0.305193
vn -0.007365 0.999968 -0.003157
vn -0.229297 0.685012 -0.691507
vn 0.389526 -0.921006 0.004204
vn -0.615512 -0.744019 -0.259963
vn 0.224882 -0.683681 -0.694268
vn -0.229297 0.685012 -0.691507
vn -0.054899 0.014523 -0.998386
vn -0.910285 0.002609 -0.413974
vn -0.269062 0.677600 -0.684444
vn 0.047172 0.997928 0.043768
vn 0.660470 0.703350 -0.262828
vn -0.003157 -0.999968 -0.007365
vn 0.278921 -0.688848 -0.669098
vn 0.701509 -0.662153 0.263512
vn 0.660470 0.703350 -0.262828
vn 0.997809 -0.028624 -0.059652
vn 0.354097 -0.042866 -0.934226
vn 0.660470 0.703350 -0.262828
vn 0.047172 0.997928 0.043768
vn 0.633900 0.320265 0.703990
vn -0.003157 -0.999968 -0.007365
vn 0.701509 -0.662153 0.263512
vn -0.202467 -0.669127 0.715035
vn 0.633900 0.320265 0.703990
vn 0.047172 0.997928 0.043768
vn -0.255164 0.701097 0.665849
vn -0.013861 -0.048016 0.998751
vn -0.255164 0.701097 0.665849
vn -0.929782 0.015900 0.367767
vn -0.255164 0.701097 0.665849
vn 0.047172 0.997928 0.043768
vn -0.747470 0.663823 -0.025042
vn -0.003157 -0.999968 -0.007365
vn -0.202467 -0.669127 0.715035
vn -0.687092 -0.674005 -0.271334
vn -0.929782 0.015900 0.367767
vn -0.687092 -0.674005 -0.271334
vn -0.202467 -0.669127 0.715035
vn -0.747470 0.663823 -0.025042
vn 0.047172 0.997928 0.043768
vn -0.269062 0.677600 -0.684444
vn -0.003157 -0.999968 -0.007365
vn -0.687092 -0.674005 -0.271334
vn 0.278921 -0.688848 -0.669098
vn -0.269062 0.677600 -0.684444
vn 0.354097 -0.042866 -0.934226
vn -0.706725 -0.030291 -0.706840
vn 0.585071 0.197894 0.786467
vn -0.986085 -0.075277 -0.148224
vn -0.959990 0.226305 -0.164942
vn 0.004560 0.982627 -0.185538
vn 0.851208 0.350175 0.390925
vn -0.173851 0.753929 -0.633535
vn -0.174220 -0.757533 -0.629119
vn 0.691409 -0.627511 -0.358029
vn 0.864279 -0.331592 0.378243
vn 0.508997 0.744175 -0.432581
vn 0.990828 -0.075415 0.112126
vn 0.136767 0.593586 -0.793064
vn 0.990828 -0.075415 0.112126
vn 0.508997 0.744175 -0.432581
vn 0.767901 -0.209761 0.605251
vn 0.864279 -0.331592 0.378243
vn 0.738765 0.007467 0.673922
vn 0.012447 -0.984677 -0.173943
vn 0.173643 0.884917 0.432169
vn -0.557038 0.779478 0.286570
vn -0.123378 0.738985 0.662328
vn 0.584755 -0.810309 -0.038220
vn 0.678095 0.277762 0.680467
vn 0.411453 -0.891191 0.191013
vn -0.379717 -0.780955 0.495907
vn 0.479234 -0.245511 0.842650
vn 0.544433 -0.395330 0.739802
vn 0.499028 0.319981 0.805347
vn -0.573240 0.143198 0.806778
vn -0.447465 0.835285 0.319490
vn 0.204465 -0.857762 -0.471634
vn 0.666678 -0.745041 0.021320
vn 0.820955 -0.553124 -0.141724
vn 0.584755 -0.810309 -0.038220
vn 0.411453 -0.891191 0.191013
vn 0.204465 -0.857762 -0.471634
vn -0.326244 -0.378240 0.866314
vn -0.325803 -0.000053 0.945438
vn -0.764989 -0.440344 0.469988
vn 0.703665 -0.666694 -0.245714
vn 0.306524 -0.181090 -0.934478
vn 0.860686 -0.007350 -0.509084
vn 0.584755 -0.810309 -0.038220
vn 0.204465 -0.857762 -0.471634
vn 0.703665 -0.666694 -0.245714
vn 0.867403 0.495556 0.045126
vn 0.999688 -0.006726 0.024068
vn 0.980237 -0.016834 -0.197111
vn -0.461774 -0.000000 0.886998
vn -0.154817 0.000001 0.987943
vn -0.209185 0.380892 0.900646
vn 0.999688 -0.006726 0.024068
vn 0.854039 -0.518610 0.040755
vn 0.980237 -0.016834 -0.197111
vn -0.461774 -0.000000 0.886998
vn -0.209186 -0.380891 0.900646
vn -0.154817 0.000001 0.987943
vn -0.209185 0.380892 0.900646
vn -0.011544 0.652872 0.757381
vn -0.213147 0.791697 0.572524
vn -0.631938 0.515693 -0.578545
vn 0.012447 -0.984677 -0.173943
vn -0.263987 -0.956449 0.124566
vn 0.537920 0.674223 -0.506028
vn -0.037785 -0.992489 0.116354
vn 0.541671 0.642541 -0.541972
vn 0.892836 -0.430852 -0.131185
vn -0.724450 0.608566 -0.323759
vn -0.468959 0.868673 -0.159637
vn -0.684511 -0.071537 0.725484
vn 0.617963 0.222105 0.754182
vn -0.705473 0.079718 0.704239
vn -0.684511 -0.071537 0.725484
vn 0.535189 -0.394259 0.747083
vn 0.617963 0.222105 0.754182
vn -0.495372 -0.868637 -0.008760
vn -0.770432 -0.159877 0.617149
vn -0.843204 0.114561 0.525246
vn -0.037785 -0.992489 0.116354
vn -0.703111 0.246475 0.666997
vn -0.770432 -0.159877 0.617149
vn -0.468959 0.868673 -0.159637
vn -0.773542 0.162455 0.612570
vn -0.040322 0.992453 0.115809
vn 0.336659 0.773368 0.537180
vn -0.705473 0.079718 0.704239
vn 0.617963 0.222105 0.754182
vn -0.718800 0.611132 -0.331427
vn -0.616259 -0.329904 0.715114
vn -0.613615 -0.225296 0.756782
vn -0.163230 -0.884826 0.436393
vn 0.562202 -0.779488 0.276275
vn 0.136185 -0.737707 0.661242
vn -0.309832 0.685769 -0.658578
vn -0.817272 0.534523 -0.215294
vn -0.957742 0.187337 -0.218254
vn 0.341463 0.379315 0.859955
vn 0.343052 -0.000054 0.939316
vn 0.773462 0.440344 0.455909
vn -0.771321 -0.073248 -0.632218
vn -0.411236 0.009849 -0.911476
vn -0.301702 -0.692078 -0.655747
vn -0.771321 -0.073248 -0.632218
vn -0.301702 -0.692078 -0.655747
vn -0.684332 -0.701030 -0.200617
vn -0.564978 0.821425 -0.077853
vn -0.309832 0.685769 -0.658578
vn -0.718800 0.611132 -0.331427
vn -0.843403 -0.494333 -0.210492
vn -0.976437 -0.027550 -0.214039
vn -0.872049 0.015500 -0.489174
vn -0.698544 -0.715415 0.014744
vn -0.683718 -0.690015 -0.237507
vn -0.474664 -0.878888 -0.047438
vn 0.477930 0.000000 0.878398
vn 0.172871 0.000000 0.984945
vn 0.225633 -0.380892 0.896667
vn -0.976437 -0.027550 -0.214039
vn -0.851278 0.480155 -0.211606
vn -0.872049 0.015500 -0.489174
vn -0.947105 0.268255 0.176158
vn -0.976437 -0.027550 -0.214039
vn -0.924540 -0.286948 0.250772
vn 0.477930 0.000000 0.878398
vn 0.225633 0.380892 0.896667
vn 0.172871 0.000000 0.984945
vn -0.758952 -0.285993 0.584979
vn -0.794271 0.288061 0.534935
vn -0.924540 -0.286948 0.250772
vn -0.794271 0.288061 0.534935
vn -0.712576 0.701591 -0.002316
vn -0.947105 0.268255 0.176158
vn -0.643132 0.714750 -0.274798
vn -0.851278 0.480155 -0.211606
vn -0.712576 0.701591 -0.002316
vn 0.225633 -0.380892 0.896667
vn 0.025404 -0.652871 0.757043
vn 0.223590 -0.791698 0.568527
vn 0.151127 0.852343 0.500671
vn -0.010899 0.520043 0.854070
vn 0.450078 0.592608 0.668016
vn 0.011212 -0.968813 0.247539
vn 0.423029 -0.857968 0.291442
vn 0.251734 -0.857058 0.449535
vn -0.011212 0.968813 0.247539
vn -0.251734 0.857058 0.449534
vn 0.151127 0.852343 0.500671
vn -0.151128 -0.852343 0.500671
vn -0.411164 -0.848046 0.334308
vn 0.011212 -0.968813 0.247539
vn 0.251734 -0.857058 0.449535
vn -0.151128 -0.852343 0.500671
vn 0.011212 -0.968813 0.247539
vn 0.151127 0.852343 0.500671
vn 0.411164 0.848046 0.334308
vn -0.011212 0.968813 0.247539
vn -0.011212 0.968813 0.247539
vn -0.423028 0.857968 0.291441
vn -0.251734 0.857058 0.449534
vn 0.422065 0.029554 -0.906084
vn 0.992691 -0.009405 -0.120313
vn 0.621198 -0.745512 0.241506
vn 0.621198 -0.745512 0.241506
vn 0.330566 -0.912318 -0.241667
vn 0.422065 0.029554 -0.906084
vn 0.669242 0.685760 0.286093
vn -0.271204 0.659957 0.700647
vn 0.035322 -0.379395 0.924560
vn 0.035322 -0.379395 0.924560
vn 0.659888 0.042852 0.750141
vn 0.669242 0.685760 0.286093
vn 0.992691 -0.009405 -0.120313
vn 0.659888 0.042852 0.750141
vn 0.621198 -0.745512 0.241506
vn -0.650391 0.697458 -0.300905
vn -1.000000 0.000000 -0.000000
vn -0.706417 0.041662 0.706569
vn -0.706417 0.041662 0.706569
vn -0.271204 0.659957 0.700647
vn -0.650391 0.697458 -0.300905
vn -0.669136 -0.008570 -0.743091
vn -0.313498 -0.669842 -0.673076
vn -0.599061 -0.762506 0.244358
vn -0.599061 -0.762506 0.244358
vn -1.000000 0.000000 -0.000000
vn -0.669136 -0.008570 -0.743091
vn -0.706417 0.041662 0.706569
vn -1.000000 0.000000 -0.000000
vn -0.599061 -0.762506 0.244358
vn -0.650391 0.697458 -0.300905
vn 0.277954 0.687346 -0.671042
vn 0.422065 0.029554 -0.906084
vn 0.422065 0.029554 -0.906084
vn -0.669136 -0.008570 -0.743091
vn -0.650391 0.697458 -0.300905
vn -0.669136 -0.008570 -0.743091
vn 0.422065 0.029554 -0.906084
vn -0.313498 -0.669842 -0.673076
vn 0.694725 0.676268 0.244990
vn 0.999067 0.024654 -0.035445
vn 0.401170 0.041077 -0.915082
vn 0.401170 0.041077 -0.915082
vn 0.277955 0.687345 -0.671042
vn 0.694725 0.676268 0.244990
vn 0.401170 0.041077 -0.915082
vn 0.999067 0.024654 -0.035445
vn 0.704973 -0.667001 0.241086
vn 0.704973 -0.667001 0.241086
vn 0.537194 -0.660956 -0.523984
vn 0.401170 0.041077 -0.915082
vn 0.370309 -0.013446 0.928811
vn -0.677688 0.032031 0.734651
vn -0.662068 -0.692163 0.287361
vn -0.662068 -0.692163 0.287361
vn -0.017092 -0.659559 0.751459
vn 0.370309 -0.013446 0.928811
vn 0.999067 0.024654 -0.035445
vn 0.370309 -0.013446 0.928811
vn 0.704973 -0.667001 0.241086
vn 0.370309 -0.013446 0.928811
vn 0.694725 0.676268 0.244990
vn -0.289994 0.672996 0.680427
vn -0.650391 0.697458 -0.300905
vn -0.999985 0.004242 0.003486
vn -0.677688 0.032031 0.734651
vn -0.677688 0.032031 0.734651
vn -0.289994 0.672996 0.680427
vn -0.650391 0.697458 -0.300905
vn -0.664681 -0.010086 -0.747060
vn -0.351187 -0.674919 -0.648963
vn -0.662068 -0.692163 0.287361
vn -0.662068 -0.692163 0.287361
vn -0.999985 0.004242 0.003486
vn -0.664681 -0.010086 -0.747060
vn -0.677688 0.032031 0.734651
vn -0.999985 0.004242 0.003486
vn -0.662068 -0.692163 0.287361
vn -0.650391 0.697458 -0.300905
vn 0.277955 0.687345 -0.671042
vn 0.401170 0.041077 -0.915082
vn 0.401170 0.041077 -0.915082
vn -0.664681 -0.010086 -0.747060
vn -0.650391 0.697458 -0.300905
vn -0.664681 -0.010086 -0.747060
vn 0.401170 0.041077 -0.915082
vn -0.351187 -0.674919 -0.648963
vn 0.675659 0.699864 -0.231679
vn 0.705597 0.001811 -0.708611
vn -0.054899 0.014523 -0.998386
vn -0.054899 0.014523 -0.998386
vn -0.229297 0.685012 -0.691507
vn 0.675659 0.699864 -0.231679
vn 0.998639 -0.044206 0.027659
vn 0.389526 -0.921006 0.004204
vn 0.224882 -0.683681 -0.694268
vn 0.224882 -0.683681 -0.694268
vn 0.705597 0.001811 -0.708611
vn 0.998639 -0.044206 0.027659
vn -0.054899 0.014523 -0.998386
vn 0.705597 0.001811 -0.708611
vn 0.224882 -0.683681 -0.694268
vn 0.240391 0.693736 0.678927
vn 0.750077 0.002845 0.661345
vn 0.998639 -0.044206 0.027659
vn 0.998639 -0.044206 0.027659
vn 0.675659 0.699864 -0.231679
vn 0.240391 0.693736 0.678927
vn 0.750077 0.002845 0.661345
vn 0.268528 -0.742823 0.613275
vn 0.389526 -0.921006 0.004204
vn 0.389526 -0.921006 0.004204
vn 0.998639 -0.044206 0.027659
vn 0.750077 0.002845 0.661345
vn 0.240391 0.693736 0.678927
vn -0.696745 0.649156 0.305193
vn -0.685661 -0.337846 0.644771
vn -0.685661 -0.337846 0.644771
vn -0.064355 0.035015 0.997313
vn 0.240391 0.693736 0.678927
vn 0.750077 0.002845 0.661345
vn -0.064355 0.035015 0.997313
vn 0.268528 -0.742823 0.613275
vn -0.910285 0.002609 -0.413974
vn -0.054899 0.014523 -0.998386
vn 0.224882 -0.683681 -0.694268
vn 0.224882 -0.683681 -0.694268
vn -0.615512 -0.744019 -0.259963
vn -0.910285 0.002609 -0.413974
vn -0.685661 -0.337846 0.644771
vn -0.910285 0.002609 -0.413974
vn -0.615512 -0.744019 -0.259963
vn -0.696745 0.649156 0.305193
vn -0.229297 0.685012 -0.691507
vn -0.910285 0.002609 -0.413974
vn 0.354097 -0.042866 -0.934226
vn 0.997809 -0.028624 -0.059652
vn 0.701509 -0.662153 0.263512
vn 0.701509 -0.662153 0.263512
vn 0.278921 -0.688848 -0.669098
vn 0.354097 -0.042866 -0.934226
vn -0.269062 0.677600 -0.684444
vn 0.660470 0.703350 -0.262828
vn 0.354097 -0.042866 -0.934226
vn -0.013861 -0.048016 0.998751
vn -0.202467 -0.669127 0.715035
vn 0.701509 -0.662153 0.263512
vn 0.701509 -0.662153 0.263512
vn 0.633900 0.320265 0.703990
vn -0.013861 -0.048016 0.998751
vn 0.997809 -0.028624 -0.059652
vn 0.660470 0.703350 -0.262828
vn 0.633900 0.320265 0.703990
vn 0.997809 -0.028624 -0.059652
vn 0.633900 0.320265 0.703990
vn 0.701509 -0.662153 0.263512
vn 0.633900 0.320265 0.703990
vn -0.255164 0.701097 0.665849
vn -0.013861 -0.048016 0.998751
vn -0.269062 0.677600 -0.684444
vn -0.706725 -0.030291 -0.706840
vn -0.929782 0.015900 0.367767
vn -0.929782 0.015900 0.367767
vn -0.747470 0.663823 -0.025042
vn -0.269062 0.677600 -0.684444
vn -0.013861 -0.048016 0.998751
vn -0.929782 0.015900 0.367767
vn -0.202467 -0.669127 0.715035
vn -0.929782 0.015900 0.367767
vn -0.255164 0.701097 0.665849
vn -0.747470 0.663823 -0.025042
vn -0.687092 -0.674005 -0.271334
vn -0.929782 0.015900 0.367767
vn -0.706725 -0.030291 -0.706840
vn 0.354097 -0.042866 -0.934226
vn 0.278921 -0.688848 -0.669098
vn -0.687092 -0.674005 -0.271334
vn -0.687092 -0.674005 -0.271334
vn -0.706725 -0.030291 -0.706840
vn 0.354097 -0.042866 -0.934226
vn 0.773471 0.000037 0.633832
vn 0.002398 -0.000027 -0.999997
vn -0.043776 -0.312777 -0.948817
vn -0.043776 -0.312777 -0.948817
vn 0.766984 -0.029869 0.640971
vn 0.773471 0.000037 0.633832
vn -0.043867 0.312602 -0.948871
vn 0.002398 -0.000027 -0.999997
vn 0.773471 0.000037 0.633832
vn 0.773471 0.000037 0.633832
vn 0.766995 0.029782 0.640961
vn -0.043867 0.312602 -0.948871
vn 0.738667 -0.026263 0.673558
vn -0.163152 -0.597582 -0.785033
vn -0.625627 -0.503213 -0.596127
vn -0.625627 -0.503213 -0.596127
vn 0.762983 -0.016852 0.646199
vn 0.738667 -0.026263 0.673558
vn 0.585071 0.197894 0.786467
vn 0.990828 -0.075415 0.112126
vn -0.986085 -0.075277 -0.148224
vn 0.738685 0.028558 0.673446
vn 0.767479 0.020298 0.640753
vn -0.631938 0.515693 -0.578545
vn -0.631938 0.515693 -0.578545
vn -0.167076 0.595776 -0.785580
vn 0.738685 0.028558 0.673446
vn 0.724704 0.013778 0.688922
vn -0.625627 -0.503213 -0.596127
vn -0.799345 -0.596314 -0.073869
vn -0.799345 -0.596314 -0.073869
vn 0.851208 0.350175 0.390925
vn 0.724704 0.013778 0.688922
vn 0.724704 0.013778 0.688922
vn 0.762983 -0.016852 0.646199
vn -0.625627 -0.503213 -0.596127
vn -0.631938 0.515693 -0.578545
vn 0.767479 0.020298 0.640753
vn 0.738765 0.007467 0.673922
vn 0.738765 0.007467 0.673922
vn 0.864279 -0.331592 0.378243
vn -0.807502 0.587374 -0.054141
vn -0.807502 0.587374 -0.054141
vn -0.631938 0.515693 -0.578545
vn 0.738765 0.007467 0.673922
vn -0.986085 -0.075277 -0.148224
vn 0.990828 -0.075415 0.112126
vn 0.767901 -0.209761 0.605251
vn 0.767901 -0.209761 0.605251
vn -0.799345 -0.596314 -0.073869
vn -0.986085 -0.075277 -0.148224
vn 0.767901 -0.209761 0.605251
vn 0.851208 0.350175 0.390925
vn -0.799345 -0.596314 -0.073869
vn -0.807502 0.587374 -0.054141
vn 0.864279 -0.331592 0.378243
vn 0.686121 0.273803 0.673996
vn 0.686121 0.273803 0.673996
vn 0.585071 0.197894 0.786467
vn -0.959990 0.226305 -0.164942
vn -0.959990 0.226305 -0.164942
vn -0.807502 0.587374 -0.054141
vn 0.686121 0.273803 0.673996
vn -0.043867 0.312602 -0.948871
vn -0.702767 -0.409006 0.582093
vn -0.764811 -0.000015 0.644255
vn -0.764811 -0.000015 0.644255
vn 0.002398 -0.000027 -0.999997
vn -0.043867 0.312602 -0.948871
vn -0.702850 0.408954 0.582030
vn 0.766984 -0.029869 0.640971
vn 0.738667 -0.026263 0.673558
vn 0.738667 -0.026263 0.673558
vn -0.521537 0.764421 0.379024
vn -0.702850 0.408954 0.582030
vn 0.136767 0.593586 -0.793064
vn 0.990828 -0.075415 0.112126
vn 0.504601 -0.145532 -0.850998
vn 0.012447 -0.984677 -0.173943
vn -0.174220 -0.757533 -0.629119
vn 0.864279 -0.331592 0.378243
vn -0.173851 0.753929 -0.633535
vn 0.851208 0.350175 0.390925
vn 0.508997 0.744175 -0.432581
vn 0.766995 0.029782 0.640961
vn 0.738685 0.028558 0.673446
vn -0.167076 0.595776 -0.785580
vn -0.167076 0.595776 -0.785580
vn -0.043867 0.312602 -0.948871
vn 0.766995 0.029782 0.640961
vn -0.764811 -0.000015 0.644255
vn -0.702767 -0.409006 0.582093
vn 0.766995 0.029782 0.640961
vn 0.766995 0.029782 0.640961
vn 0.773471 0.000037 0.633832
vn -0.764811 -0.000015 0.644255
vn 0.766984 -0.029869 0.640971
vn -0.702850 0.408954 0.582030
vn -0.764811 -0.000015 0.644255
vn -0.764811 -0.000015 0.644255
vn 0.773471 0.000037 0.633832
vn 0.766984 -0.029869 0.640971
vn 0.738765 0.007467 0.673922
vn 0.767479 0.020298 0.640753
vn -0.263987 -0.956449 0.124566
vn -0.263987 -0.956449 0.124566
vn 0.012447 -0.984677 -0.173943
vn 0.738765 0.007467 0.673922
vn 0.767901 -0.209761 0.605251
vn 0.508997 0.744175 -0.432581
vn 0.851208 0.350175 0.390925
vn -0.273780 0.954597 0.117428
vn 0.762983 -0.016852 0.646199
vn 0.724704 0.013778 0.688922
vn 0.724704 0.013778 0.688922
vn 0.004560 0.982627 -0.185538
vn -0.273780 0.954597 0.117428
vn 0.851208 0.350175 0.390925
vn 0.004560 0.982627 -0.185538
vn 0.724704 0.013778 0.688922
vn -0.521537 0.764421 0.379024
vn 0.738667 -0.026263 0.673558
vn 0.762983 -0.016852 0.646199
vn 0.762983 -0.016852 0.646199
vn -0.273780 0.954597 0.117428
vn -0.521537 0.764421 0.379024
vn 0.707181 -0.410274 -0.575821
vn 0.585071 0.197894 0.786467
vn 0.686121 0.273803 0.673996
vn 0.686121 0.273803 0.673996
vn 0.691409 -0.627511 -0.358029
vn 0.707181 -0.410274 -0.575821
vn 0.707181 -0.410274 -0.575821
vn 0.504601 -0.145532 -0.850998
vn 0.585071 0.197894 0.786467
vn 0.767479 0.020298 0.640753
vn 0.738685 0.028558 0.673446
vn -0.518337 -0.766277 0.379666
vn -0.518337 -0.766277 0.379666
vn -0.263987 -0.956449 0.124566
vn 0.767479 0.020298 0.640753
vn 0.864279 -0.331592 0.378243
vn 0.691409 -0.627511 -0.358029
vn 0.686121 0.273803 0.673996
vn 0.738685 0.028558 0.673446
vn 0.766995 0.029782 0.640961
vn -0.702767 -0.409006 0.582093
vn -0.702767 -0.409006 0.582093
vn -0.518337 -0.766277 0.379666
vn 0.738685 0.028558 0.673446
vn 0.766984 -0.029869 0.640971
vn -0.043776 -0.312777 -0.948817
vn -0.163152 -0.597582 -0.785033
vn -0.163152 -0.597582 -0.785033
vn 0.738667 -0.026263 0.673558
vn 0.766984 -0.029869 0.640971
vn 0.585071 0.197894 0.786467
vn 0.504601 -0.145532 -0.850998
vn 0.990828 -0.075415 0.112126
vn 0.703665 -0.666694 -0.245714
vn 0.499028 0.319981 0.805347
vn 0.678095 0.277762 0.680467
vn 0.678095 0.277762 0.680467
vn 0.584755 -0.810309 -0.038220
vn 0.703665 -0.666694 -0.245714
vn 0.544433 -0.395330 0.739802
vn 0.479234 -0.245511 0.842650
vn 0.717644 0.633506 -0.289237
vn 0.717644 0.633506 -0.289237
vn 0.618381 0.785580 -0.021643
vn 0.544433 -0.395330 0.739802
vn 0.479234 -0.245511 0.842650
vn 0.559035 -0.057889 0.827121
vn 0.860686 -0.007350 -0.509084
vn 0.860686 -0.007350 -0.509084
vn 0.717644 0.633506 -0.289237
vn 0.479234 -0.245511 0.842650
vn 0.860686 -0.007350 -0.509084
vn 0.559035 -0.057889 0.827121
vn 0.499028 0.319981 0.805347
vn 0.499028 0.319981 0.805347
vn 0.703665 -0.666694 -0.245714
vn 0.860686 -0.007350 -0.509084
vn -0.325803 -0.000053 0.945438
vn 0.953147 -0.000150 0.302506
vn 0.923430 -0.208097 0.322447
vn 0.923430 -0.208097 0.322447
vn -0.325823 0.379318 0.866001
vn -0.325803 -0.000053 0.945438
vn 0.843625 0.335629 0.419105
vn 0.920993 0.210283 0.327953
vn -0.326244 -0.378240 0.866314
vn -0.326244 -0.378240 0.866314
vn -0.123702 -0.738657 0.662634
vn 0.843625 0.335629 0.419105
vn -0.325823 0.379318 0.866001
vn 0.923430 -0.208097 0.322447
vn 0.845448 -0.332325 0.418065
vn 0.845448 -0.332325 0.418065
vn -0.123378 0.738985 0.662328
vn -0.325823 0.379318 0.866001
vn 0.728901 -0.397556 0.557362
vn 0.173643 0.884917 0.432169
vn -0.123378 0.738985 0.662328
vn -0.123378 0.738985 0.662328
vn 0.845448 -0.332325 0.418065
vn 0.728901 -0.397556 0.557362
vn 0.725237 0.411713 0.551836
vn 0.843625 0.335629 0.419105
vn -0.123702 -0.738657 0.662634
vn -0.123702 -0.738657 0.662634
vn 0.184420 -0.878883 0.439948
vn 0.725237 0.411713 0.551836
vn 0.920993 0.210283 0.327953
vn 0.953147 -0.000150 0.302506
vn -0.325803 -0.000053 0.945438
vn -0.325803 -0.000053 0.945438
vn -0.326244 -0.378240 0.866314
vn 0.920993 0.210283 0.327953
vn 0.630279 -0.393744 0.669114
vn 0.423448 0.888514 0.176735
vn 0.173643 0.884917 0.432169
vn 0.173643 0.884917 0.432169
vn 0.728901 -0.397556 0.557362
vn 0.630279 -0.393744 0.669114
vn 0.678095 0.277762 0.680467
vn 0.725237 0.411713 0.551836
vn 0.184420 -0.878883 0.439948
vn 0.184420 -0.878883 0.439948
vn 0.411453 -0.891191 0.191013
vn 0.678095 0.277762 0.680467
vn 0.544433 -0.395330 0.739802
vn 0.618381 0.785580 -0.021643
vn 0.423448 0.888514 0.176735
vn 0.423448 0.888514 0.176735
vn 0.630279 -0.393744 0.669114
vn 0.544433 -0.395330 0.739802
vn 0.171441 -0.976722 -0.128927
vn -0.086006 -0.985330 0.147403
vn 0.630279 -0.393744 0.669114
vn 0.630279 -0.393744 0.669114
vn 0.728901 -0.397556 0.557362
vn 0.171441 -0.976722 -0.128927
vn -0.032268 0.993825 0.106166
vn 0.149507 0.978283 -0.143564
vn 0.725237 0.411713 0.551836
vn 0.725237 0.411713 0.551836
vn 0.678095 0.277762 0.680467
vn -0.032268 0.993825 0.106166
vn -0.267199 -0.895327 0.356362
vn 0.544433 -0.395330 0.739802
vn 0.630279 -0.393744 0.669114
vn 0.630279 -0.393744 0.669114
vn -0.086006 -0.985330 0.147403
vn -0.267199 -0.895327 0.356362
vn -0.447465 0.835285 0.319490
vn -0.425007 0.854165 0.299617
vn 0.678095 0.277762 0.680467
vn 0.678095 0.277762 0.680467
vn 0.499028 0.319981 0.805347
vn -0.447465 0.835285 0.319490
vn 0.678095 0.277762 0.680467
vn -0.425007 0.854165 0.299617
vn -0.032268 0.993825 0.106166
vn -0.267199 -0.895327 0.356362
vn -0.379717 -0.780955 0.495907
vn 0.544433 -0.395330 0.739802
vn 0.559035 -0.057889 0.827121
vn 0.479234 -0.245511 0.842650
vn -0.379717 -0.780955 0.495907
vn -0.379717 -0.780955 0.495907
vn -0.573240 0.143198 0.806778
vn 0.559035 -0.057889 0.827121
vn 0.647494 -0.436876 -0.624412
vn 0.923430 -0.208097 0.322447
vn 0.953147 -0.000150 0.302506
vn 0.953147 -0.000150 0.302506
vn 0.718191 -0.000056 -0.695846
vn 0.647494 -0.436876 -0.624412
vn 0.650572 0.432990 -0.623919
vn 0.718191 -0.000056 -0.695846
vn 0.953147 -0.000150 0.302506
vn 0.953147 -0.000150 0.302506
vn 0.920993 0.210283 0.327953
vn 0.650572 0.432990 -0.623919
vn 0.499028 0.319981 0.805347
vn 0.559035 -0.057889 0.827121
vn -0.573240 0.143198 0.806778
vn 0.845448 -0.332325 0.418065
vn 0.923430 -0.208097 0.322447
vn 0.647494 -0.436876 -0.624412
vn 0.647494 -0.436876 -0.624412
vn 0.445222 -0.793391 -0.415100
vn 0.845448 -0.332325 0.418065
vn 0.447871 0.792466 -0.414016
vn 0.650572 0.432990 -0.623919
vn 0.920993 0.210283 0.327953
vn 0.920993 0.210283 0.327953
vn 0.843625 0.335629 0.419105
vn 0.447871 0.792466 -0.414016
vn 0.728901 -0.397556 0.557362
vn 0.845448 -0.332325 0.418065
vn 0.445222 -0.793391 -0.415100
vn 0.445222 -0.793391 -0.415100
vn 0.171441 -0.976722 -0.128927
vn 0.728901 -0.397556 0.557362
vn 0.725237 0.411713 0.551836
vn 0.149507 0.978283 -0.143564
vn 0.447871 0.792466 -0.414016
vn 0.447871 0.792466 -0.414016
vn 0.843625 0.335629 0.419105
vn 0.725237 0.411713 0.551836
vn 0.521771 -0.269556 0.809379
vn 0.604768 -0.374664 0.702768
vn 0.265929 -0.829676 0.490835
vn 0.265929 -0.829676 0.490835
vn 0.063648 -0.651269 0.756173
vn 0.521771 -0.269556 0.809379
vn 0.262925 0.826669 0.497483
vn 0.063546 0.651421 0.756051
vn -0.557038 0.779478 0.286570
vn -0.557038 0.779478 0.286570
vn 0.173643 0.884917 0.432169
vn 0.262925 0.826669 0.497483
vn 0.604768 -0.374664 0.702768
vn 0.732625 -0.402778 0.548662
vn 0.507874 -0.835188 0.211011
vn 0.507874 -0.835188 0.211011
vn 0.265929 -0.829676 0.490835
vn 0.604768 -0.374664 0.702768
vn 0.306524 -0.181090 -0.934478
vn 0.977934 -0.196208 -0.071752
vn 0.971232 -0.228308 -0.067707
vn 0.478242 -0.136653 0.867531
vn 0.521771 -0.269556 0.809379
vn 0.063648 -0.651269 0.756173
vn 0.063648 -0.651269 0.756173
vn -0.087395 -0.375674 0.922622
vn 0.478242 -0.136653 0.867531
vn 0.485070 0.845149 0.224568
vn 0.262925 0.826669 0.497483
vn 0.173643 0.884917 0.432169
vn 0.173643 0.884917 0.432169
vn 0.423448 0.888514 0.176735
vn 0.485070 0.845149 0.224568
vn 0.732625 -0.402778 0.548662
vn 0.843756 -0.351650 0.405485
vn 0.666678 -0.745041 0.021320
vn 0.666678 -0.745041 0.021320
vn 0.507874 -0.835188 0.211011
vn 0.732625 -0.402778 0.548662
vn 0.659685 0.750997 0.028606
vn 0.485070 0.845149 0.224568
vn 0.423448 0.888514 0.176735
vn 0.423448 0.888514 0.176735
vn 0.618381 0.785580 -0.021643
vn 0.659685 0.750997 0.028606
vn 0.666678 -0.745041 0.021320
vn 0.843756 -0.351650 0.405485
vn 0.879644 0.214361 0.424589
vn 0.879644 0.214361 0.424589
vn 0.820955 -0.553124 -0.141724
vn 0.666678 -0.745041 0.021320
vn 0.770103 0.622444 -0.139660
vn 0.659685 0.750997 0.028606
vn 0.618381 0.785580 -0.021643
vn 0.618381 0.785580 -0.021643
vn 0.269726 0.648192 -0.712106
vn 0.770103 0.622444 -0.139660
vn 0.820955 -0.553124 -0.141724
vn 0.879644 0.214361 0.424589
vn 0.790380 0.267182 0.551283
vn 0.790380 0.267182 0.551283
vn 0.977934 -0.196208 -0.071752
vn 0.820955 -0.553124 -0.141724
vn 0.971232 -0.228308 -0.067707
vn 0.935066 0.193664 -0.296895
vn 0.269726 0.648192 -0.712106
vn 0.269726 0.648192 -0.712106
vn 0.306524 -0.181090 -0.934478
vn 0.971232 -0.228308 -0.067707
vn 0.269726 0.648192 -0.712106
vn 0.935066 0.193664 -0.296895
vn 0.770103 0.622444 -0.139660
vn -0.325823 0.379318 0.866001
vn -0.764989 0.440344 0.469988
vn -0.325803 -0.000053 0.945438
vn -0.087396 0.375674 0.922622
vn -0.162719 0.000000 0.986672
vn -0.325803 -0.000053 0.945438
vn -0.325803 -0.000053 0.945438
vn -0.764989 0.440344 0.469988
vn -0.087396 0.375674 0.922622
vn 0.063546 0.651421 0.756051
vn -0.087396 0.375674 0.922622
vn -0.764989 0.440344 0.469988
vn -0.764989 0.440344 0.469988
vn -0.557038 0.779478 0.286570
vn 0.063546 0.651421 0.756051
vn 0.063546 0.651421 0.756051
vn 0.521674 0.269787 0.809365
vn 0.478241 0.136653 0.867532
vn 0.478241 0.136653 0.867532
vn -0.087396 0.375674 0.922622
vn 0.063546 0.651421 0.756051
vn -0.087395 -0.375674 0.922622
vn -0.764989 -0.440344 0.469988
vn -0.325803 -0.000053 0.945438
vn -0.325803 -0.000053 0.945438
vn -0.162719 0.000000 0.986672
vn -0.087395 -0.375674 0.922622
vn 0.659685 0.750997 0.028606
vn 0.833470 0.342640 0.433505
vn 0.717164 0.408987 0.564274
vn 0.717164 0.408987 0.564274
vn 0.485070 0.845149 0.224568
vn 0.659685 0.750997 0.028606
vn 0.942829 0.033720 0.331567
vn 0.833470 0.342640 0.433505
vn 0.659685 0.750997 0.028606
vn 0.659685 0.750997 0.028606
vn 0.770103 0.622444 -0.139660
vn 0.942829 0.033720 0.331567
vn -0.764989 -0.440344 0.469988
vn -0.087395 -0.375674 0.922622
vn 0.063648 -0.651269 0.756173
vn 0.063648 -0.651269 0.756173
vn -0.557045 -0.779477 0.286561
vn -0.764989 -0.440344 0.469988
vn 0.884351 -0.325243 0.334874
vn 0.942829 0.033720 0.331567
vn 0.770103 0.622444 -0.139660
vn 0.770103 0.622444 -0.139660
vn 0.935066 0.193664 -0.296895
vn 0.884351 -0.325243 0.334874
vn -0.557045 -0.779477 0.286561
vn 0.063648 -0.651269 0.756173
vn 0.265929 -0.829676 0.490835
vn 0.265929 -0.829676 0.490835
vn 0.184420 -0.878883 0.439948
vn -0.557045 -0.779477 0.286561
vn 0.851099 -0.163434 0.498919
vn 0.884351 -0.325243 0.334874
vn 0.935066 0.193664 -0.296895
vn 0.935066 0.193664 -0.296895
vn 0.971232 -0.228308 -0.067707
vn 0.851099 -0.163434 0.498919
vn 0.184420 -0.878883 0.439948
vn 0.265929 -0.829676 0.490835
vn 0.507874 -0.835188 0.211011
vn 0.507874 -0.835188 0.211011
vn 0.411453 -0.891191 0.191013
vn 0.184420 -0.878883 0.439948
vn 0.851099 -0.163434 0.498919
vn 0.971232 -0.228308 -0.067707
vn 0.977934 -0.196208 -0.071752
vn 0.977934 -0.196208 -0.071752
vn 0.790380 0.267182 0.551283
vn 0.851099 -0.163434 0.498919
vn 0.464408 0.000000 0.885621
vn 0.478242 -0.136653 0.867531
vn -0.087395 -0.375674 0.922622
vn -0.087395 -0.375674 0.922622
vn -0.162719 0.000000 0.986672
vn 0.464408 0.000000 0.885621
vn 0.411453 -0.891191 0.191013
vn 0.507874 -0.835188 0.211011
vn 0.666678 -0.745041 0.021320
vn 0.666678 -0.745041 0.021320
vn 0.204465 -0.857762 -0.471634
vn 0.411453 -0.891191 0.191013
vn 0.262925 0.826669 0.497483
vn 0.598786 0.375045 0.707670
vn 0.521674 0.269787 0.809365
vn 0.521674 0.269787 0.809365
vn 0.063546 0.651421 0.756051
vn 0.262925 0.826669 0.497483
vn 0.485070 0.845149 0.224568
vn 0.717164 0.408987 0.564274
vn 0.598786 0.375045 0.707670
vn 0.598786 0.375045 0.707670
vn 0.262925 0.826669 0.497483
vn 0.485070 0.845149 0.224568
vn 0.820955 -0.553124 -0.141724
vn 0.977934 -0.196208 -0.071752
vn 0.306524 -0.181090 -0.934478
vn 0.820955 -0.553124 -0.141724
vn 0.306524 -0.181090 -0.934478
vn 0.204465 -0.857762 -0.471634
vn 0.464408 0.000000 0.885621
vn -0.162719 0.000000 0.986672
vn -0.087396 0.375674 0.922622
vn -0.087396 0.375674 0.922622
vn 0.478241 0.136653 0.867532
vn 0.464408 0.000000 0.885621
vn -0.326244 -0.378240 0.866314
vn -0.764989 -0.440344 0.469988
vn -0.557045 -0.779477 0.286561
vn -0.557045 -0.779477 0.286561
vn -0.123702 -0.738657 0.662634
vn -0.326244 -0.378240 0.866314
vn -0.557038 0.779478 0.286570
vn -0.764989 0.440344 0.469988
vn -0.325823 0.379318 0.866001
vn -0.325823 0.379318 0.866001
vn -0.123378 0.738985 0.662328
vn -0.557038 0.779478 0.286570
vn 0.184420 -0.878883 0.439948
vn -0.123702 -0.738657 0.662634
vn -0.557045 -0.779477 0.286561
vn 0.291698 0.790443 0.538621
vn 0.529846 0.799835 0.282006
vn 0.309137 0.949573 0.052391
vn 0.309137 0.949573 0.052391
vn 0.072532 0.937054 0.341568
vn 0.291698 0.790443 0.538621
vn 0.860686 -0.007350 -0.509084
vn 0.306524 -0.181090 -0.934478
vn 0.269726 0.648192 -0.712106
vn 0.269726 0.648192 -0.712106
vn 0.717644 0.633506 -0.289237
vn 0.860686 -0.007350 -0.509084
vn 0.263508 0.262834 0.928160
vn 0.580675 0.284756 0.762712
vn 0.291698 0.790443 0.538621
vn 0.291698 0.790443 0.538621
vn -0.011544 0.652872 0.757381
vn 0.263508 0.262834 0.928160
vn 0.703665 -0.666694 -0.245714
vn 0.204465 -0.857762 -0.471634
vn 0.306524 -0.181090 -0.934478
vn 0.618381 0.785580 -0.021643
vn 0.717644 0.633506 -0.289237
vn 0.269726 0.648192 -0.712106
vn 0.674668 0.734384 0.074191
vn 0.550944 0.817170 -0.169393
vn 0.309137 0.949573 0.052391
vn 0.309137 0.949573 0.052391
vn 0.529846 0.799835 0.282006
vn 0.674668 0.734384 0.074191
vn -0.011544 0.652872 0.757381
vn 0.291698 0.790443 0.538621
vn 0.072532 0.937054 0.341568
vn 0.072532 0.937054 0.341568
vn -0.213147 0.791697 0.572524
vn -0.011544 0.652872 0.757381
vn 0.674668 0.734384 0.074191
vn 0.867403 0.495556 0.045126
vn 0.550944 0.817170 -0.169393
vn 0.899958 0.262471 0.348117
vn 0.674668 0.734384 0.074191
vn 0.529846 0.799835 0.282006
vn 0.529846 0.799835 0.282006
vn 0.776976 0.281224 0.563224
vn 0.899958 0.262471 0.348117
vn 0.999688 -0.006726 0.024068
vn 0.867403 0.495556 0.045126
vn 0.674668 0.734384 0.074191
vn 0.674668 0.734384 0.074191
vn 0.899958 0.262471 0.348117
vn 0.999688 -0.006726 0.024068
vn 0.580675 0.284756 0.762712
vn 0.776976 0.281224 0.563224
vn 0.529846 0.799835 0.282006
vn 0.529846 0.799835 0.282006
vn 0.291698 0.790443 0.538621
vn 0.580675 0.284756 0.762712
vn 0.263508 -0.262834 0.928161
vn 0.581623 -0.285943 0.761546
vn 0.580675 0.284756 0.762712
vn 0.580675 0.284756 0.762712
vn 0.263508 0.262834 0.928160
vn 0.263508 -0.262834 0.928161
vn 0.581623 -0.285943 0.761546
vn 0.779102 -0.288278 0.556682
vn 0.776976 0.281224 0.563224
vn 0.776976 0.281224 0.563224
vn 0.580675 0.284756 0.762712
vn 0.581623 -0.285943 0.761546
vn 0.899958 0.262471 0.348117
vn 0.897093 -0.280578 0.341320
vn 0.999688 -0.006726 0.024068
vn 0.779102 -0.288278 0.556682
vn 0.897093 -0.280578 0.341320
vn 0.899958 0.262471 0.348117
vn 0.899958 0.262471 0.348117
vn 0.776976 0.281224 0.563224
vn 0.779102 -0.288278 0.556682
vn -0.011545 -0.652872 0.757381
vn 0.263508 -0.262834 0.928161
vn -0.154817 0.000001 0.987943
vn -0.154817 0.000001 0.987943
vn -0.209186 -0.380891 0.900646
vn -0.011545 -0.652872 0.757381
vn 0.293568 -0.790873 0.536971
vn 0.581623 -0.285943 0.761546
vn 0.263508 -0.262834 0.928161
vn 0.263508 -0.262834 0.928161
vn -0.011545 -0.652872 0.757381
vn 0.293568 -0.790873 0.536971
vn 0.683135 -0.728510 0.050981
vn 0.854039 -0.518610 0.040755
vn 0.999688 -0.006726 0.024068
vn 0.999688 -0.006726 0.024068
vn 0.897093 -0.280578 0.341320
vn 0.683135 -0.728510 0.050981
vn -0.154817 0.000001 0.987943
vn 0.263508 0.262834 0.928160
vn -0.011544 0.652872 0.757381
vn -0.011544 0.652872 0.757381
vn -0.209185 0.380892 0.900646
vn -0.154817 0.000001 0.987943
vn 0.536910 -0.793855 0.285520
vn 0.779102 -0.288278 0.556682
vn 0.581623 -0.285943 0.761546
vn 0.581623 -0.285943 0.761546
vn 0.293568 -0.790873 0.536971
vn 0.536910 -0.793855 0.285520
vn 0.536910 -0.793855 0.285520
vn 0.683135 -0.728510 0.050981
vn 0.897093 -0.280578 0.341320
vn 0.897093 -0.280578 0.341320
vn 0.779102 -0.288278 0.556682
vn 0.536910 -0.793855 0.285520
vn 0.479257 -0.863771 -0.155605
vn 0.526783 -0.811994 -0.251327
vn 0.854039 -0.518610 0.040755
vn 0.854039 -0.518610 0.040755
vn 0.683135 -0.728510 0.050981
vn 0.479257 -0.863771 -0.155605
vn -0.209186 -0.380891 0.900646
vn -0.213148 -0.791698 0.572523
vn -0.011545 -0.652872 0.757381
vn 0.074022 -0.937850 0.339056
vn 0.293568 -0.790873 0.536971
vn -0.011545 -0.652872 0.757381
vn -0.011545 -0.652872 0.757381
vn -0.213148 -0.791698 0.572523
vn 0.074022 -0.937850 0.339056
vn 0.324179 -0.943291 0.071482
vn 0.536910 -0.793855 0.285520
vn 0.293568 -0.790873 0.536971
vn 0.293568 -0.790873 0.536971
vn 0.074022 -0.937850 0.339056
vn 0.324179 -0.943291 0.071482
vn 0.324179 -0.943291 0.071482
vn 0.479257 -0.863771 -0.155605
vn 0.683135 -0.728510 0.050981
vn 0.683135 -0.728510 0.050981
vn 0.536910 -0.793855 0.285520
vn 0.324179 -0.943291 0.071482
vn -0.702850 0.408954 0.582030
vn -0.521537 0.764421 0.379024
vn -0.163152 -0.597582 -0.785033
vn -0.163152 -0.597582 -0.785033
vn -0.043776 -0.312777 -0.948817
vn -0.702850 0.408954 0.582030
vn -0.154817 0.000001 0.987943
vn 0.263508 -0.262834 0.928161
vn 0.263508 0.262834 0.928160
vn 0.136767 0.593586 -0.793064
vn -0.986085 -0.075277 -0.148224
vn -0.799345 -0.596314 -0.073869
vn -0.799345 -0.596314 -0.073869
vn 0.508997 0.744175 -0.432581
vn 0.136767 0.593586 -0.793064
vn -0.807502 0.587374 -0.054141
vn -0.174220 -0.757533 -0.629119
vn 0.012447 -0.984677 -0.173943
vn 0.012447 -0.984677 -0.173943
vn -0.631938 0.515693 -0.578545
vn -0.807502 0.587374 -0.054141
vn -0.807502 0.587374 -0.054141
vn 0.691409 -0.627511 -0.358029
vn -0.174220 -0.757533 -0.629119
vn -0.173851 0.753929 -0.633535
vn 0.508997 0.744175 -0.432581
vn -0.799345 -0.596314 -0.073869
vn 0.004560 0.982627 -0.185538
vn -0.173851 0.753929 -0.633535
vn -0.799345 -0.596314 -0.073869
vn -0.799345 -0.596314 -0.073869
vn -0.625627 -0.503213 -0.596127
vn 0.004560 0.982627 -0.185538
vn -0.631938 0.515693 -0.578545
vn -0.263987 -0.956449 0.124566
vn -0.518337 -0.766277 0.379666
vn -0.518337 -0.766277 0.379666
vn -0.167076 0.595776 -0.785580
vn -0.631938 0.515693 -0.578545
vn -0.625627 -0.503213 -0.596127
vn -0.273780 0.954597 0.117428
vn 0.004560 0.982627 -0.185538
vn -0.521537 0.764421 0.379024
vn -0.273780 0.954597 0.117428
vn -0.625627 -0.503213 -0.596127
vn -0.625627 -0.503213 -0.596127
vn -0.163152 -0.597582 -0.785033
vn -0.521537 0.764421 0.379024
vn 0.504601 -0.145532 -0.850998
vn 0.707181 -0.410274 -0.575821
vn -0.959990 0.226305 -0.164942
vn -0.959990 0.226305 -0.164942
vn -0.986085 -0.075277 -0.148224
vn 0.504601 -0.145532 -0.850998
vn -0.764811 -0.000015 0.644255
vn -0.702850 0.408954 0.582030
vn -0.043776 -0.312777 -0.948817
vn -0.043776 -0.312777 -0.948817
vn 0.002398 -0.000027 -0.999997
vn -0.764811 -0.000015 0.644255
vn 0.136767 0.593586 -0.793064
vn 0.504601 -0.145532 -0.850998
vn -0.986085 -0.075277 -0.148224
vn -0.702767 -0.409006 0.582093
vn -0.043867 0.312602 -0.948871
vn -0.167076 0.595776 -0.785580
vn -0.167076 0.595776 -0.785580
vn -0.518337 -0.766277 0.379666
vn -0.702767 -0.409006 0.582093
vn 0.707181 -0.410274 -0.575821
vn 0.691409 -0.627511 -0.358029
vn -0.807502 0.587374 -0.054141
vn -0.807502 0.587374 -0.054141
vn -0.959990 0.226305 -0.164942
vn 0.707181 -0.410274 -0.575821
vn -0.684511 -0.071537 0.725484
vn 0.105798 -0.190380 -0.975993
vn 0.165826 0.353262 -0.920711
vn 0.165826 0.353262 -0.920711
vn -0.852368 0.117708 0.509522
vn -0.684511 -0.071537 0.725484
vn 0.081922 -0.106673 -0.990914
vn 0.105798 -0.190380 -0.975993
vn -0.684511 -0.071537 0.725484
vn -0.684511 -0.071537 0.725484
vn -0.705473 0.079718 0.704239
vn 0.081922 -0.106673 -0.990914
vn -0.581547 -0.152101 0.799167
vn -0.364681 0.551636 0.750137
vn 0.998343 0.008815 -0.056867
vn 0.998343 0.008815 -0.056867
vn 0.947615 0.049203 -0.315603
vn -0.581547 -0.152101 0.799167
vn 0.947615 0.049203 -0.315603
vn -0.670567 0.231567 -0.704781
vn -0.724450 0.608566 -0.323759
vn -0.724450 0.608566 -0.323759
vn 0.892836 -0.430852 -0.131185
vn 0.947615 0.049203 -0.315603
vn -0.798003 0.181961 0.574527
vn 0.234090 0.493885 -0.837424
vn 0.537920 0.674223 -0.506028
vn 0.537920 0.674223 -0.506028
vn -0.703111 0.246475 0.666997
vn -0.798003 0.181961 0.574527
vn -0.798848 -0.181536 0.573486
vn -0.702850 -0.244244 0.668092
vn 0.540548 -0.672927 -0.504953
vn 0.540548 -0.672927 -0.504953
vn 0.304322 -0.518182 -0.799297
vn -0.798848 -0.181536 0.573486
vn -0.703111 0.246475 0.666997
vn 0.537920 0.674223 -0.506028
vn 0.541671 0.642541 -0.541972
vn 0.541671 0.642541 -0.541972
vn -0.770432 -0.159877 0.617149
vn -0.703111 0.246475 0.666997
vn -0.702850 -0.244244 0.668092
vn -0.773542 0.162455 0.612570
vn 0.480298 -0.663732 -0.573388
vn 0.480298 -0.663732 -0.573388
vn 0.540548 -0.672927 -0.504953
vn -0.702850 -0.244244 0.668092
vn -0.770432 -0.159877 0.617149
vn 0.541671 0.642541 -0.541972
vn 0.865547 0.481672 -0.137185
vn 0.865547 0.481672 -0.137185
vn -0.843204 0.114561 0.525246
vn -0.770432 -0.159877 0.617149
vn -0.773542 0.162455 0.612570
vn -0.668783 -0.276905 0.689966
vn 0.892836 -0.430852 -0.131185
vn 0.892836 -0.430852 -0.131185
vn 0.480298 -0.663732 -0.573388
vn -0.773542 0.162455 0.612570
vn 0.998343 0.008815 -0.056867
vn -0.364681 0.551636 0.750137
vn -0.843204 0.114561 0.525246
vn -0.843204 0.114561 0.525246
vn 0.865547 0.481672 -0.137185
vn 0.998343 0.008815 -0.056867
vn 0.669242 0.685760 0.286093
vn 0.992691 -0.009405 -0.120313
vn 0.422065 0.029554 -0.906084
vn 0.422065 0.029554 -0.906084
vn 0.277954 0.687346 -0.671042
vn 0.669242 0.685760 0.286093
vn 0.892836 -0.430852 -0.131185
vn -0.668783 -0.276905 0.689966
vn -0.619021 -0.434204 0.654431
vn -0.619021 -0.434204 0.654431
vn -0.581547 -0.152101 0.799167
vn 0.947615 0.049203 -0.315603
vn 0.947615 0.049203 -0.315603
vn 0.892836 -0.430852 -0.131185
vn -0.619021 -0.434204 0.654431
vn 0.617963 0.222105 0.754182
vn 0.081922 -0.106673 -0.990914
vn 0.304322 -0.518182 -0.799297
vn 0.304322 -0.518182 -0.799297
vn 0.336659 0.773368 0.537180
vn 0.617963 0.222105 0.754182
vn 0.617963 0.222105 0.754182
vn 0.535189 -0.394259 0.747083
vn 0.165826 0.353262 -0.920711
vn 0.165826 0.353262 -0.920711
vn 0.105798 -0.190380 -0.975993
vn 0.617963 0.222105 0.754182
vn -0.670567 0.231567 -0.704781
vn 0.947615 0.049203 -0.315603
vn 0.998343 0.008815 -0.056867
vn 0.998343 0.008815 -0.056867
vn -0.784479 -0.445125 -0.431807
vn -0.670567 0.231567 -0.704781
vn 0.105798 -0.190380 -0.975993
vn 0.081922 -0.106673 -0.990914
vn 0.617963 0.222105 0.754182
vn 0.340919 -0.794883 0.501931
vn -0.037785 -0.992489 0.116354
vn 0.537920 0.674223 -0.506028
vn 0.537920 0.674223 -0.506028
vn 0.234090 0.493885 -0.837424
vn 0.340919 -0.794883 0.501931
vn 0.540548 -0.672927 -0.504953
vn -0.040322 0.992453 0.115809
vn 0.336659 0.773368 0.537180
vn 0.336659 0.773368 0.537180
vn 0.304322 -0.518182 -0.799297
vn 0.540548 -0.672927 -0.504953
vn -0.037785 -0.992489 0.116354
vn -0.495372 -0.868637 -0.008760
vn 0.865547 0.481672 -0.137185
vn 0.865547 0.481672 -0.137185
vn 0.541671 0.642541 -0.541972
vn -0.037785 -0.992489 0.116354
vn 0.540548 -0.672927 -0.504953
vn 0.480298 -0.663732 -0.573388
vn -0.040322 0.992453 0.115809
vn 0.892836 -0.430852 -0.131185
vn -0.468959 0.868673 -0.159637
vn -0.040322 0.992453 0.115809
vn -0.040322 0.992453 0.115809
vn 0.480298 -0.663732 -0.573388
vn 0.892836 -0.430852 -0.131185
vn -0.875721 -0.414820 -0.247056
vn -0.784479 -0.445125 -0.431807
vn 0.998343 0.008815 -0.056867
vn 0.998343 0.008815 -0.056867
vn 0.865547 0.481672 -0.137185
vn -0.875721 -0.414820 -0.247056
vn 0.865547 0.481672 -0.137185
vn -0.495372 -0.868637 -0.008760
vn -0.875721 -0.414820 -0.247056
vn 0.535189 -0.394259 0.747083
vn 0.340919 -0.794883 0.501931
vn 0.234090 0.493885 -0.837424
vn 0.234090 0.493885 -0.837424
vn 0.165826 0.353262 -0.920711
vn 0.535189 -0.394259 0.747083
vn 0.535189 -0.394259 0.747083
vn -0.852368 0.117708 0.509522
vn -0.798003 0.181961 0.574527
vn -0.798003 0.181961 0.574527
vn 0.340919 -0.794883 0.501931
vn 0.535189 -0.394259 0.747083
vn -0.705473 0.079718 0.704239
vn -0.798848 -0.181536 0.573486
vn 0.304322 -0.518182 -0.799297
vn 0.304322 -0.518182 -0.799297
vn 0.081922 -0.106673 -0.990914
vn -0.705473 0.079718 0.704239
vn -0.784479 -0.445125 -0.431807
vn -0.875721 -0.414820 -0.247056
vn -0.843204 0.114561 0.525246
vn -0.843204 0.114561 0.525246
vn -0.364681 0.551636 0.750137
vn -0.784479 -0.445125 -0.431807
vn -0.684511 -0.071537 0.725484
vn -0.852368 0.117708 0.509522
vn 0.535189 -0.394259 0.747083
vn 0.340919 -0.794883 0.501931
vn -0.798003 0.181961 0.574527
vn -0.703111 0.246475 0.666997
vn -0.703111 0.246475 0.666997
vn -0.037785 -0.992489 0.116354
vn 0.340919 -0.794883 0.501931
vn -0.843204 0.114561 0.525246
vn -0.875721 -0.414820 -0.247056
vn -0.495372 -0.868637 -0.008760
vn -0.040322 0.992453 0.115809
vn -0.773542 0.162455 0.612570
vn -0.702850 -0.244244 0.668092
vn -0.495372 -0.868637 -0.008760
vn -0.037785 -0.992489 0.116354
vn -0.770432 -0.159877 0.617149
vn -0.670567 0.231567 -0.704781
vn -0.581547 -0.152101 0.799167
vn -0.619021 -0.434204 0.654431
vn -0.619021 -0.434204 0.654431
vn -0.724450 0.608566 -0.323759
vn -0.670567 0.231567 -0.704781
vn -0.724450 0.608566 -0.323759
vn -0.619021 -0.434204 0.654431
vn -0.668783 -0.276905 0.689966
vn -0.668783 -0.276905 0.689966
vn -0.468959 0.868673 -0.159637
vn -0.724450 0.608566 -0.323759
vn -0.702850 -0.244244 0.668092
vn -0.798848 -0.181536 0.573486
vn 0.336659 0.773368 0.537180
vn 0.336659 0.773368 0.537180
vn -0.040322 0.992453 0.115809
vn -0.702850 -0.244244 0.668092
vn -0.468959 0.868673 -0.159637
vn -0.668783 -0.276905 0.689966
vn -0.773542 0.162455 0.612570
vn -0.670567 0.231567 -0.704781
vn -0.784479 -0.445125 -0.431807
vn -0.364681 0.551636 0.750137
vn -0.364681 0.551636 0.750137
vn -0.581547 -0.152101 0.799167
vn -0.670567 0.231567 -0.704781
vn 0.336659 0.773368 0.537180
vn -0.798848 -0.181536 0.573486
vn -0.705473 0.079718 0.704239
vn -0.852368 0.117708 0.509522
vn 0.165826 0.353262 -0.920711
vn 0.234090 0.493885 -0.837424
vn 0.234090 0.493885 -0.837424
vn -0.798003 0.181961 0.574527
vn -0.852368 0.117708 0.509522
vn -0.718800 0.611132 -0.331427
vn -0.613615 -0.225296 0.756782
vn -0.568281 -0.341814 0.748478
vn -0.568281 -0.341814 0.748478
vn -0.564978 0.821425 -0.077853
vn -0.718800 0.611132 -0.331427
vn -0.517898 0.373781 0.769460
vn -0.553842 0.338664 0.760635
vn -0.684332 -0.701030 -0.200617
vn -0.684332 -0.701030 -0.200617
vn -0.592437 -0.805531 -0.011785
vn -0.517898 0.373781 0.769460
vn -0.553842 0.338664 0.760635
vn -0.735789 0.036810 0.676210
vn -0.771321 -0.073248 -0.632218
vn -0.771321 -0.073248 -0.632218
vn -0.684332 -0.701030 -0.200617
vn -0.553842 0.338664 0.760635
vn -0.771321 -0.073248 -0.632218
vn -0.735789 0.036810 0.676210
vn -0.616259 -0.329904 0.715114
vn -0.616259 -0.329904 0.715114
vn -0.718800 0.611132 -0.331427
vn -0.771321 -0.073248 -0.632218
vn 0.343052 -0.000054 0.939316
vn -0.947452 -0.000150 0.319899
vn -0.914923 0.210226 0.344559
vn -0.914923 0.210226 0.344559
vn 0.341897 -0.378237 0.860258
vn 0.343052 -0.000054 0.939316
vn -0.835089 -0.330534 0.439744
vn -0.917453 -0.208028 0.339123
vn 0.341463 0.379315 0.859955
vn 0.341463 0.379315 0.859955
vn 0.135822 0.738008 0.660981
vn -0.835089 -0.330534 0.439744
vn 0.341897 -0.378237 0.860258
vn -0.914923 0.210226 0.344559
vn -0.833192 0.333899 0.440797
vn -0.833192 0.333899 0.440797
vn 0.136185 -0.737707 0.661242
vn 0.341897 -0.378237 0.860258
vn -0.714424 0.394219 0.578092
vn -0.163230 -0.884826 0.436393
vn 0.136185 -0.737707 0.661242
vn 0.136185 -0.737707 0.661242
vn -0.833192 0.333899 0.440797
vn -0.714424 0.394219 0.578092
vn -0.715680 -0.398581 0.573529
vn -0.835089 -0.330534 0.439744
vn 0.135822 0.738008 0.660981
vn 0.135822 0.738008 0.660981
vn -0.164141 0.885471 0.434741
vn -0.715680 -0.398581 0.573529
vn -0.917453 -0.208028 0.339123
vn -0.947452 -0.000150 0.319899
vn 0.343052 -0.000054 0.939316
vn 0.343052 -0.000054 0.939316
vn 0.341463 0.379315 0.859955
vn -0.917453 -0.208028 0.339123
vn -0.598529 0.400482 0.693814
vn -0.403838 -0.895308 0.187987
vn -0.163230 -0.884826 0.436393
vn -0.163230 -0.884826 0.436393
vn -0.714424 0.394219 0.578092
vn -0.598529 0.400482 0.693814
vn -0.599852 -0.400623 0.692588
vn -0.715680 -0.398581 0.573529
vn -0.164141 0.885471 0.434741
vn -0.164141 0.885471 0.434741
vn -0.405421 0.894662 0.187651
vn -0.599852 -0.400623 0.692588
vn -0.517898 0.373781 0.769460
vn -0.592437 -0.805531 -0.011785
vn -0.403838 -0.895308 0.187987
vn -0.403838 -0.895308 0.187987
vn -0.598529 0.400482 0.693814
vn -0.517898 0.373781 0.769460
vn -0.568281 -0.341814 0.748478
vn -0.599852 -0.400623 0.692588
vn -0.405421 0.894662 0.187651
vn -0.405421 0.894662 0.187651
vn -0.564978 0.821425 -0.077853
vn -0.568281 -0.341814 0.748478
vn 0.087084 0.986588 0.138059
vn -0.598529 0.400482 0.693814
vn -0.714424 0.394219 0.578092
vn -0.714424 0.394219 0.578092
vn -0.181117 0.975189 -0.127289
vn 0.087084 0.986588 0.138059
vn -0.599852 -0.400623 0.692588
vn 0.091234 -0.986322 0.137277
vn -0.176306 -0.976275 -0.125712
vn -0.176306 -0.976275 -0.125712
vn -0.715680 -0.398581 0.573529
vn -0.599852 -0.400623 0.692588
vn -0.517898 0.373781 0.769460
vn -0.598529 0.400482 0.693814
vn 0.087084 0.986588 0.138059
vn 0.087084 0.986588 0.138059
vn 0.265677 0.899957 0.345677
vn -0.517898 0.373781 0.769460
vn -0.568281 -0.341814 0.748478
vn 0.259579 -0.902218 0.344415
vn 0.091234 -0.986322 0.137277
vn 0.091234 -0.986322 0.137277
vn -0.599852 -0.400623 0.692588
vn -0.568281 -0.341814 0.748478
vn -0.553842 0.338664 0.760635
vn -0.517898 0.373781 0.769460
vn 0.265677 0.899957 0.345677
vn 0.265677 0.899957 0.345677
vn 0.363914 0.785352 0.500788
vn -0.553842 0.338664 0.760635
vn -0.613615 -0.225296 0.756782
vn 0.310203 -0.801144 0.511804
vn 0.259579 -0.902218 0.344415
vn 0.259579 -0.902218 0.344415
vn -0.568281 -0.341814 0.748478
vn -0.613615 -0.225296 0.756782
vn 0.367214 0.672745 0.642314
vn -0.735789 0.036810 0.676210
vn -0.553842 0.338664 0.760635
vn -0.553842 0.338664 0.760635
vn 0.363914 0.785352 0.500788
vn 0.367214 0.672745 0.642314
vn 0.357450 -0.624432 0.694489
vn 0.310203 -0.801144 0.511804
vn -0.613615 -0.225296 0.756782
vn -0.613615 -0.225296 0.756782
vn -0.616259 -0.329904 0.715114
vn 0.357450 -0.624432 0.694489
vn -0.662023 0.432935 -0.611795
vn -0.914923 0.210226 0.344559
vn -0.947452 -0.000150 0.319899
vn -0.947452 -0.000150 0.319899
vn -0.730804 -0.000055 -0.682587
vn -0.662023 0.432935 -0.611795
vn 0.367214 0.672745 0.642314
vn 0.378700 -0.045437 0.924403
vn -0.735789 0.036810 0.676210
vn 0.378700 -0.045437 0.924403
vn 0.357450 -0.624432 0.694489
vn -0.616259 -0.329904 0.715114
vn -0.616259 -0.329904 0.715114
vn -0.735789 0.036810 0.676210
vn 0.378700 -0.045437 0.924403
vn -0.658969 -0.436817 -0.612333
vn -0.730804 -0.000055 -0.682587
vn -0.947452 -0.000150 0.319899
vn -0.947452 -0.000150 0.319899
vn -0.917453 -0.208028 0.339123
vn -0.658969 -0.436817 -0.612333
vn -0.459511 0.789681 -0.406513
vn -0.833192 0.333899 0.440797
vn -0.914923 0.210226 0.344559
vn -0.914923 0.210226 0.344559
vn -0.662023 0.432935 -0.611795
vn -0.459511 0.789681 -0.406513
vn -0.835089 -0.330534 0.439744
vn -0.456928 -0.790605 -0.407629
vn -0.658969 -0.436817 -0.612333
vn -0.658969 -0.436817 -0.612333
vn -0.917453 -0.208028 0.339123
vn -0.835089 -0.330534 0.439744
vn -0.181117 0.975189 -0.127289
vn -0.714424 0.394219 0.578092
vn -0.833192 0.333899 0.440797
vn -0.833192 0.333899 0.440797
vn -0.459511 0.789681 -0.406513
vn -0.181117 0.975189 -0.127289
vn -0.176306 -0.976275 -0.125712
vn -0.456928 -0.790605 -0.407629
vn -0.835089 -0.330534 0.439744
vn -0.835089 -0.330534 0.439744
vn -0.715680 -0.398581 0.573529
vn -0.176306 -0.976275 -0.125712
vn -0.564978 0.821425 -0.077853
vn -0.662188 0.749335 0.002035
vn -0.817272 0.534523 -0.215294
vn -0.817272 0.534523 -0.215294
vn -0.309832 0.685769 -0.658578
vn -0.564978 0.821425 -0.077853
vn -0.506652 0.269903 0.818814
vn -0.583400 0.378055 0.718831
vn -0.251810 0.827299 0.502163
vn -0.251810 0.827299 0.502163
vn -0.049645 0.651456 0.757060
vn -0.506652 0.269903 0.818814
vn -0.251810 -0.827299 0.502163
vn -0.049646 -0.651456 0.757060
vn 0.562202 -0.779488 0.276275
vn 0.562202 -0.779488 0.276275
vn -0.163230 -0.884826 0.436393
vn -0.251810 -0.827299 0.502163
vn -0.309832 0.685769 -0.658578
vn -0.957742 0.187337 -0.218254
vn -0.999757 0.001393 -0.021995
vn -0.999757 0.001393 -0.021995
vn -0.411236 0.009849 -0.911476
vn -0.309832 0.685769 -0.658578
vn -0.583400 0.378055 0.718831
vn -0.681473 0.425973 0.595097
vn -0.461268 0.849806 0.255071
vn -0.461268 0.849806 0.255071
vn -0.251810 0.827299 0.502163
vn -0.583400 0.378055 0.718831
vn -0.462284 0.136654 0.876139
vn -0.506652 0.269903 0.818814
vn -0.049645 0.651456 0.757060
vn -0.049645 0.651456 0.757060
vn 0.104266 0.375675 0.920868
vn -0.462284 0.136654 0.876139
vn -0.460958 -0.849959 0.255123
vn -0.251810 -0.827299 0.502163
vn -0.163230 -0.884826 0.436393
vn -0.163230 -0.884826 0.436393
vn -0.403838 -0.895308 0.187987
vn -0.460958 -0.849959 0.255123
vn -0.681473 0.425973 0.595097
vn -0.841455 0.341107 0.419047
vn -0.662188 0.749335 0.002035
vn -0.662188 0.749335 0.002035
vn -0.461268 0.849806 0.255071
vn -0.681473 0.425973 0.595097
vn -0.660231 -0.751061 0.001358
vn -0.460958 -0.849959 0.255123
vn -0.403838 -0.895308 0.187987
vn -0.403838 -0.895308 0.187987
vn -0.592437 -0.805531 -0.011785
vn -0.660231 -0.751061 0.001358
vn -0.662188 0.749335 0.002035
vn -0.841455 0.341107 0.419047
vn -0.960421 -0.090970 0.263278
vn -0.960421 -0.090970 0.263278
vn -0.817272 0.534523 -0.215294
vn -0.662188 0.749335 0.002035
vn -0.818375 -0.532731 -0.215546
vn -0.660231 -0.751061 0.001358
vn -0.592437 -0.805531 -0.011785
vn -0.592437 -0.805531 -0.011785
vn -0.301702 -0.692078 -0.655747
vn -0.818375 -0.532731 -0.215546
vn -0.817272 0.534523 -0.215294
vn -0.960421 -0.090970 0.263278
vn -0.910870 -0.193482 0.364527
vn -0.910870 -0.193482 0.364527
vn -0.957742 0.187337 -0.218254
vn -0.817272 0.534523 -0.215294
vn -0.999757 0.001393 -0.021995
vn -0.957503 -0.184549 -0.221651
vn -0.301702 -0.692078 -0.655747
vn -0.301702 -0.692078 -0.655747
vn -0.411236 0.009849 -0.911476
vn -0.999757 0.001393 -0.021995
vn -0.301702 -0.692078 -0.655747
vn -0.957503 -0.184549 -0.221651
vn -0.818375 -0.532731 -0.215546
vn 0.341897 -0.378237 0.860258
vn 0.773463 -0.440343 0.455909
vn 0.343052 -0.000054 0.939316
vn 0.104266 -0.375674 0.920868
vn 0.180749 0.000000 0.983529
vn 0.343052 -0.000054 0.939316
vn 0.343052 -0.000054 0.939316
vn 0.773463 -0.440343 0.455909
vn 0.104266 -0.375674 0.920868
vn -0.049646 -0.651456 0.757060
vn 0.104266 -0.375674 0.920868
vn 0.773463 -0.440343 0.455909
vn 0.773463 -0.440343 0.455909
vn 0.562202 -0.779488 0.276275
vn -0.049646 -0.651456 0.757060
vn -0.049646 -0.651456 0.757060
vn -0.506653 -0.269902 0.818814
vn -0.462285 -0.136653 0.876139
vn -0.462285 -0.136653 0.876139
vn 0.104266 -0.375674 0.920868
vn -0.049646 -0.651456 0.757060
vn 0.104266 0.375675 0.920868
vn 0.773462 0.440344 0.455909
vn 0.343052 -0.000054 0.939316
vn 0.343052 -0.000054 0.939316
vn 0.180749 0.000000 0.983529
vn 0.104266 0.375675 0.920868
vn -0.660231 -0.751061 0.001358
vn -0.842161 -0.340027 0.418506
vn -0.681288 -0.426315 0.595064
vn -0.681288 -0.426315 0.595064
vn -0.460958 -0.849959 0.255123
vn -0.660231 -0.751061 0.001358
vn -0.959042 0.092136 0.267861
vn -0.842161 -0.340027 0.418506
vn -0.660231 -0.751061 0.001358
vn -0.660231 -0.751061 0.001358
vn -0.818375 -0.532731 -0.215546
vn -0.959042 0.092136 0.267861
vn 0.773462 0.440344 0.455909
vn 0.104266 0.375675 0.920868
vn -0.049645 0.651456 0.757060
vn -0.049645 0.651456 0.757060
vn 0.562201 0.779488 0.276276
vn 0.773462 0.440344 0.455909
vn -0.911519 0.184291 0.367655
vn -0.959042 0.092136 0.267861
vn -0.818375 -0.532731 -0.215546
vn -0.818375 -0.532731 -0.215546
vn -0.957503 -0.184549 -0.221651
vn -0.911519 0.184291 0.367655
vn 0.562201 0.779488 0.276276
vn -0.049645 0.651456 0.757060
vn -0.251810 0.827299 0.502163
vn -0.251810 0.827299 0.502163
vn -0.164141 0.885471 0.434741
vn 0.562201 0.779488 0.276276
vn -0.897228 -0.004362 0.441546
vn -0.911519 0.184291 0.367655
vn -0.957503 -0.184549 -0.221651
vn -0.957503 -0.184549 -0.221651
vn -0.999757 0.001393 -0.021995
vn -0.897228 -0.004362 0.441546
vn -0.164141 0.885471 0.434741
vn -0.251810 0.827299 0.502163
vn -0.461268 0.849806 0.255071
vn -0.461268 0.849806 0.255071
vn -0.405421 0.894662 0.187651
vn -0.164141 0.885471 0.434741
vn -0.897228 -0.004362 0.441546
vn -0.999757 0.001393 -0.021995
vn -0.957742 0.187337 -0.218254
vn -0.957742 0.187337 -0.218254
vn -0.910870 -0.193482 0.364527
vn -0.897228 -0.004362 0.441546
vn -0.448121 -0.000000 0.893973
vn -0.462284 0.136654 0.876139
vn 0.104266 0.375675 0.920868
vn 0.104266 0.375675 0.920868
vn 0.180749 0.000000 0.983529
vn -0.448121 -0.000000 0.893973
vn -0.405421 0.894662 0.187651
vn -0.461268 0.849806 0.255071
vn -0.662188 0.749335 0.002035
vn -0.662188 0.749335 0.002035
vn -0.564978 0.821425 -0.077853
vn -0.405421 0.894662 0.187651
vn -0.251810 -0.827299 0.502163
vn -0.583401 -0.378055 0.718831
vn -0.506653 -0.269902 0.818814
vn -0.506653 -0.269902 0.818814
vn -0.049646 -0.651456 0.757060
vn -0.251810 -0.827299 0.502163
vn -0.460958 -0.849959 0.255123
vn -0.681288 -0.426315 0.595064
vn -0.583401 -0.378055 0.718831
vn -0.583401 -0.378055 0.718831
vn -0.251810 -0.827299 0.502163
vn -0.460958 -0.849959 0.255123
vn -0.448121 -0.000000 0.893973
vn 0.180749 0.000000 0.983529
vn 0.104266 -0.375674 0.920868
vn 0.104266 -0.375674 0.920868
vn -0.462285 -0.136653 0.876139
vn -0.448121 -0.000000 0.893973
vn 0.341463 0.379315 0.859955
vn 0.773462 0.440344 0.455909
vn 0.562201 0.779488 0.276276
vn 0.562201 0.779488 0.276276
vn 0.135822 0.738008 0.660981
vn 0.341463 0.379315 0.859955
vn 0.562202 -0.779488 0.276275
vn 0.773463 -0.440343 0.455909
vn 0.341897 -0.378237 0.860258
vn 0.341897 -0.378237 0.860258
vn 0.136185 -0.737707 0.661242
vn 0.562202 -0.779488 0.276275
vn -0.164141 0.885471 0.434741
vn 0.135822 0.738008 0.660981
vn 0.562201 0.779488 0.276276
vn -0.309832 0.685769 -0.658578
vn -0.411236 0.009849 -0.911476
vn -0.771321 -0.073248 -0.632218
vn -0.771321 -0.073248 -0.632218
vn -0.718800 0.611132 -0.331427
vn -0.309832 0.685769 -0.658578
vn -0.281538 -0.790421 0.544032
vn -0.535413 -0.782612 0.317571
vn -0.341727 -0.932791 0.114556
vn -0.341727 -0.932791 0.114556
vn -0.066212 -0.936941 0.343158
vn -0.281538 -0.790421 0.544032
vn -0.246477 -0.262834 0.932828
vn -0.569946 -0.282261 0.771680
vn -0.281538 -0.790421 0.544032
vn -0.281538 -0.790421 0.544032
vn 0.025404 -0.652871 0.757043
vn -0.246477 -0.262834 0.932828
vn -0.592437 -0.805531 -0.011785
vn -0.684332 -0.701030 -0.200617
vn -0.301702 -0.692078 -0.655747
vn -0.698544 -0.715415 0.014744
vn -0.474664 -0.878888 -0.047438
vn -0.341727 -0.932791 0.114556
vn -0.341727 -0.932791 0.114556
vn -0.535413 -0.782612 0.317571
vn -0.698544 -0.715415 0.014744
vn 0.025404 -0.652871 0.757043
vn -0.281538 -0.790421 0.544032
vn -0.066212 -0.936941 0.343158
vn -0.066212 -0.936941 0.343158
vn 0.223590 -0.791698 0.568527
vn 0.025404 -0.652871 0.757043
vn -0.924540 -0.286948 0.250772
vn -0.698544 -0.715415 0.014744
vn -0.535413 -0.782612 0.317571
vn -0.535413 -0.782612 0.317571
vn -0.758952 -0.285993 0.584979
vn -0.924540 -0.286948 0.250772
vn -0.683718 -0.690015 -0.237507
vn -0.698544 -0.715415 0.014744
vn -0.843403 -0.494333 -0.210492
vn -0.976437 -0.027550 -0.214039
vn -0.843403 -0.494333 -0.210492
vn -0.698544 -0.715415 0.014744
vn -0.698544 -0.715415 0.014744
vn -0.924540 -0.286948 0.250772
vn -0.976437 -0.027550 -0.214039
vn -0.569946 -0.282261 0.771680
vn -0.758952 -0.285993 0.584979
vn -0.535413 -0.782612 0.317571
vn -0.535413 -0.782612 0.317571
vn -0.281538 -0.790421 0.544032
vn -0.569946 -0.282261 0.771680
vn -0.246477 0.262834 0.932828
vn -0.573070 0.284942 0.768374
vn -0.569946 -0.282261 0.771680
vn -0.569946 -0.282261 0.771680
vn -0.246477 -0.262834 0.932828
vn -0.246477 0.262834 0.932828
vn -0.794271 0.288061 0.534935
vn -0.758952 -0.285993 0.584979
vn -0.569946 -0.282261 0.771680
vn -0.569946 -0.282261 0.771680
vn -0.573070 0.284942 0.768374
vn -0.794271 0.288061 0.534935
vn -0.794271 0.288061 0.534935
vn -0.947105 0.268255 0.176158
vn -0.924540 -0.286948 0.250772
vn 0.025403 0.652872 0.757042
vn -0.246477 0.262834 0.932828
vn 0.172871 0.000000 0.984945
vn 0.172871 0.000000 0.984945
vn 0.225633 0.380892 0.896667
vn 0.025403 0.652872 0.757042
vn -0.287188 0.788806 0.543422
vn -0.573070 0.284942 0.768374
vn -0.246477 0.262834 0.932828
vn -0.246477 0.262834 0.932828
vn 0.025403 0.652872 0.757042
vn -0.287188 0.788806 0.543422
vn 0.172871 0.000000 0.984945
vn -0.246477 -0.262834 0.932828
vn 0.025404 -0.652871 0.757043
vn 0.025404 -0.652871 0.757043
vn 0.225633 -0.380892 0.896667
vn 0.172871 0.000000 0.984945
vn -0.712576 0.701591 -0.002316
vn -0.851278 0.480155 -0.211606
vn -0.976437 -0.027550 -0.214039
vn -0.976437 -0.027550 -0.214039
vn -0.947105 0.268255 0.176158
vn -0.712576 0.701591 -0.002316
vn -0.526126 0.787799 0.320257
vn -0.794271 0.288061 0.534935
vn -0.573070 0.284942 0.768374
vn -0.573070 0.284942 0.768374
vn -0.287188 0.788806 0.543422
vn -0.526126 0.787799 0.320257
vn -0.066212 0.936941 0.343158
vn -0.287188 0.788806 0.543422
vn 0.025403 0.652872 0.757042
vn 0.025403 0.652872 0.757042
vn 0.223590 0.791698 0.568526
vn -0.066212 0.936941 0.343158
vn -0.794271 0.288061 0.534935
vn -0.526126 0.787799 0.320257
vn -0.712576 0.701591 -0.002316
vn 0.225633 0.380892 0.896667
vn 0.223590 0.791698 0.568526
vn 0.025403 0.652872 0.757042
vn -0.712576 0.701591 -0.002316
vn -0.481000 0.875772 -0.040768
vn -0.643132 0.714750 -0.274798
vn -0.345762 0.931071 0.116428
vn -0.526126 0.787799 0.320257
vn -0.287188 0.788806 0.543422
vn -0.287188 0.788806 0.543422
vn -0.066212 0.936941 0.343158
vn -0.345762 0.931071 0.116428
vn -0.345762 0.931071 0.116428
vn -0.481000 0.875772 -0.040768
vn -0.712576 0.701591 -0.002316
vn -0.712576 0.701591 -0.002316
vn -0.526126 0.787799 0.320257
vn -0.345762 0.931071 0.116428
vn 0.002281 0.012336 -0.999921
vn -0.184745 -0.928914 0.320918
vn -0.521266 -0.782558 0.340419
vn -0.521266 -0.782558 0.340419
vn 0.003125 0.010080 -0.999944
vn 0.002281 0.012336 -0.999921
vn 0.172871 0.000000 0.984945
vn -0.246477 0.262834 0.932828
vn -0.246477 -0.262834 0.932828
vn 0.007709 -0.014496 -0.999865
vn -0.526738 0.789145 0.315908
vn -0.169950 0.927618 0.332628
vn -0.169950 0.927618 0.332628
vn 0.000003 -0.013533 -0.999909
vn 0.007709 -0.014496 -0.999865
vn -0.003432 -0.004532 -0.999984
vn -0.002603 -0.006382 -0.999976
vn 0.184331 0.920171 0.345408
vn 0.184331 0.920171 0.345408
vn 0.523671 0.782557 0.336709
vn -0.003432 -0.004532 -0.999984
vn 0.197956 -0.917794 0.344191
vn -0.184745 -0.928914 0.320918
vn 0.002281 0.012336 -0.999921
vn 0.002281 0.012336 -0.999921
vn -0.004994 0.007296 -0.999961
vn 0.197956 -0.917794 0.344191
vn -0.521266 -0.782558 0.340419
vn -0.779535 -0.520868 0.347881
vn 0.000900 0.000601 -0.999999
vn 0.000900 0.000601 -0.999999
vn 0.003125 0.010080 -0.999944
vn -0.521266 -0.782558 0.340419
vn 0.011707 0.003176 -0.999926
vn 0.008194 -0.000361 -0.999966
vn -0.921183 -0.182480 0.343691
vn -0.921183 -0.182480 0.343691
vn -0.928865 0.170656 0.328765
vn 0.011707 0.003176 -0.999926
vn 0.919435 -0.184021 0.347527
vn 0.785872 -0.525695 0.325652
vn -0.006628 0.006281 -0.999958
vn -0.006628 0.006281 -0.999958
vn -0.007010 0.003305 -0.999970
vn 0.919435 -0.184021 0.347527
vn -0.007010 0.003305 -0.999970
vn -0.733709 0.142302 0.664395
vn -0.734219 -0.143526 0.663568
vn -0.734219 -0.143526 0.663568
vn -0.002296 -0.001670 -0.999996
vn -0.007010 0.003305 -0.999970
vn -0.004994 0.007296 -0.999961
vn -0.007848 0.004493 -0.999959
vn 0.523462 -0.779657 0.343689
vn 0.523462 -0.779657 0.343689
vn 0.197956 -0.917794 0.344191
vn -0.004994 0.007296 -0.999961
vn 0.000900 0.000601 -0.999999
vn -0.779535 -0.520868 0.347881
vn -0.921183 -0.182480 0.343691
vn -0.921183 -0.182480 0.343691
vn 0.008194 -0.000361 -0.999966
vn 0.000900 0.000601 -0.999999
vn 0.000003 -0.013533 -0.999909
vn -0.002603 -0.006382 -0.999976
vn -0.143920 -0.734140 0.663570
vn -0.143920 -0.734140 0.663570
vn 0.134740 -0.729332 0.670761
vn 0.000003 -0.013533 -0.999909
vn -0.003432 -0.004532 -0.999984
vn -0.007551 -0.004767 -0.999960
vn -0.620361 -0.414441 0.665875
vn -0.620361 -0.414441 0.665875
vn -0.414402 -0.620114 0.666130
vn -0.003432 -0.004532 -0.999984
vn 0.003125 0.010080 -0.999944
vn 0.419250 0.616141 0.666783
vn 0.144331 0.724384 0.674119
vn 0.144331 0.724384 0.674119
vn 0.002281 0.012336 -0.999921
vn 0.003125 0.010080 -0.999944
vn -0.734219 -0.143526 0.663568
vn -0.620361 -0.414441 0.665875
vn -0.007551 -0.004767 -0.999960
vn -0.007551 -0.004767 -0.999960
vn -0.002296 -0.001670 -0.999996
vn -0.734219 -0.143526 0.663568
vn -0.007848 0.004493 -0.999959
vn -0.408217 0.626019 0.664424
vn -0.617590 0.409714 0.671354
vn -0.617590 0.409714 0.671354
vn -0.006628 0.006281 -0.999958
vn -0.007848 0.004493 -0.999959
vn 0.618568 -0.407942 0.671533
vn 0.016994 -0.002634 -0.999852
vn 0.007709 -0.014496 -0.999865
vn 0.007709 -0.014496 -0.999865
vn 0.411058 -0.610563 0.676938
vn 0.618568 -0.407942 0.671533
vn 0.000003 -0.013533 -0.999909
vn 0.134740 -0.729332 0.670761
vn 0.411058 -0.610563 0.676938
vn 0.411058 -0.610563 0.676938
vn 0.007709 -0.014496 -0.999865
vn 0.000003 -0.013533 -0.999909
vn 0.728829 -0.144220 0.669334
vn 0.011707 0.003176 -0.999926
vn 0.016994 -0.002634 -0.999852
vn 0.016994 -0.002634 -0.999852
vn 0.618568 -0.407942 0.671533
vn 0.728829 -0.144220 0.669334
vn -0.414402 -0.620114 0.666130
vn -0.143920 -0.734140 0.663570
vn -0.002603 -0.006382 -0.999976
vn -0.002603 -0.006382 -0.999976
vn -0.003432 -0.004532 -0.999984
vn -0.414402 -0.620114 0.666130
vn -0.155778 0.730218 0.665218
vn -0.004994 0.007296 -0.999961
vn 0.002281 0.012336 -0.999921
vn 0.002281 0.012336 -0.999921
vn 0.144331 0.724384 0.674119
vn -0.155778 0.730218 0.665218
vn 0.000900 0.000601 -0.999999
vn 0.624425 0.417227 0.660315
vn 0.419250 0.616141 0.666783
vn 0.419250 0.616141 0.666783
vn 0.003125 0.010080 -0.999944
vn 0.000900 0.000601 -0.999999
vn 0.731922 0.149930 0.664689
vn 0.008194 -0.000361 -0.999966
vn 0.011707 0.003176 -0.999926
vn 0.011707 0.003176 -0.999926
vn 0.728829 -0.144220 0.669334
vn 0.731922 0.149930 0.664689
vn -0.733709 0.142302 0.664395
vn -0.007010 0.003305 -0.999970
vn -0.006628 0.006281 -0.999958
vn -0.006628 0.006281 -0.999958
vn -0.617590 0.409714 0.671354
vn -0.733709 0.142302 0.664395
vn -0.733709 0.142302 0.664395
vn -0.617590 0.409714 0.671354
vn 0.785872 -0.525695 0.325652
vn 0.785872 -0.525695 0.325652
vn 0.919435 -0.184021 0.347527
vn -0.733709 0.142302 0.664395
vn -0.004994 0.007296 -0.999961
vn -0.155778 0.730218 0.665218
vn -0.408217 0.626019 0.664424
vn -0.408217 0.626019 0.664424
vn -0.007848 0.004493 -0.999959
vn -0.004994 0.007296 -0.999961
vn 0.008194 -0.000361 -0.999966
vn 0.731922 0.149930 0.664689
vn 0.624425 0.417227 0.660315
vn 0.624425 0.417227 0.660315
vn 0.000900 0.000601 -0.999999
vn 0.008194 -0.000361 -0.999966
vn -0.921183 -0.182480 0.343691
vn -0.779535 -0.520868 0.347881
vn 0.624425 0.417227 0.660315
vn 0.624425 0.417227 0.660315
vn 0.731922 0.149930 0.664689
vn -0.921183 -0.182480 0.343691
vn 0.419250 0.616141 0.666783
vn -0.521266 -0.782558 0.340419
vn -0.184745 -0.928914 0.320918
vn -0.184745 -0.928914 0.320918
vn 0.144331 0.724384 0.674119
vn 0.419250 0.616141 0.666783
vn -0.143920 -0.734140 0.663570
vn 0.184331 0.920171 0.345408
vn -0.169950 0.927618 0.332628
vn -0.169950 0.927618 0.332628
vn 0.134740 -0.729332 0.670761
vn -0.143920 -0.734140 0.663570
vn -0.155778 0.730218 0.665218
vn 0.144331 0.724384 0.674119
vn -0.184745 -0.928914 0.320918
vn -0.184745 -0.928914 0.320918
vn 0.197956 -0.917794 0.344191
vn -0.155778 0.730218 0.665218
vn -0.414402 -0.620114 0.666130
vn 0.523671 0.782557 0.336709
vn 0.184331 0.920171 0.345408
vn 0.184331 0.920171 0.345408
vn -0.143920 -0.734140 0.663570
vn -0.414402 -0.620114 0.666130
vn -0.003432 -0.004532 -0.999984
vn 0.523671 0.782557 0.336709
vn 0.781639 0.521581 0.342043
vn 0.781639 0.521581 0.342043
vn -0.007551 -0.004767 -0.999960
vn -0.003432 -0.004532 -0.999984
vn -0.155778 0.730218 0.665218
vn 0.197956 -0.917794 0.344191
vn 0.523462 -0.779657 0.343689
vn 0.523462 -0.779657 0.343689
vn -0.408217 0.626019 0.664424
vn -0.155778 0.730218 0.665218
vn 0.731922 0.149930 0.664689
vn 0.728829 -0.144220 0.669334
vn -0.928865 0.170656 0.328765
vn -0.928865 0.170656 0.328765
vn -0.921183 -0.182480 0.343691
vn 0.731922 0.149930 0.664689
vn -0.620361 -0.414441 0.665875
vn 0.781639 0.521581 0.342043
vn 0.523671 0.782557 0.336709
vn 0.523671 0.782557 0.336709
vn -0.414402 -0.620114 0.666130
vn -0.620361 -0.414441 0.665875
vn -0.408217 0.626019 0.664424
vn 0.523462 -0.779657 0.343689
vn 0.785872 -0.525695 0.325652
vn 0.785872 -0.525695 0.325652
vn -0.617590 0.409714 0.671354
vn -0.408217 0.626019 0.664424
vn 0.618568 -0.407942 0.671533
vn -0.793310 0.510302 0.332041
vn -0.928865 0.170656 0.328765
vn -0.928865 0.170656 0.328765
vn 0.728829 -0.144220 0.669334
vn 0.618568 -0.407942 0.671533
vn 0.007709 -0.014496 -0.999865
vn 0.016994 -0.002634 -0.999852
vn -0.793310 0.510302 0.332041
vn -0.793310 0.510302 0.332041
vn -0.526738 0.789145 0.315908
vn 0.007709 -0.014496 -0.999865
vn -0.002296 -0.001670 -0.999996
vn 0.922030 0.183284 0.340981
vn 0.919435 -0.184021 0.347527
vn 0.919435 -0.184021 0.347527
vn -0.007010 0.003305 -0.999970
vn -0.002296 -0.001670 -0.999996
vn 0.000003 -0.013533 -0.999909
vn -0.169950 0.927618 0.332628
vn 0.184331 0.920171 0.345408
vn 0.184331 0.920171 0.345408
vn -0.002603 -0.006382 -0.999976
vn 0.000003 -0.013533 -0.999909
vn 0.781639 0.521581 0.342043
vn 0.922030 0.183284 0.340981
vn -0.002296 -0.001670 -0.999996
vn -0.002296 -0.001670 -0.999996
vn -0.007551 -0.004767 -0.999960
vn 0.781639 0.521581 0.342043
vn 0.134740 -0.729332 0.670761
vn -0.169950 0.927618 0.332628
vn -0.526738 0.789145 0.315908
vn -0.526738 0.789145 0.315908
vn 0.411058 -0.610563 0.676938
vn 0.134740 -0.729332 0.670761
vn -0.928865 0.170656 0.328765
vn -0.793310 0.510302 0.332041
vn 0.016994 -0.002634 -0.999852
vn 0.016994 -0.002634 -0.999852
vn 0.011707 0.003176 -0.999926
vn -0.928865 0.170656 0.328765
vn -0.006628 0.006281 -0.999958
vn 0.785872 -0.525695 0.325652
vn 0.523462 -0.779657 0.343689
vn 0.523462 -0.779657 0.343689
vn -0.007848 0.004493 -0.999959
vn -0.006628 0.006281 -0.999958
vn -0.733709 0.142302 0.664395
vn 0.919435 -0.184021 0.347527
vn 0.922030 0.183284 0.340981
vn 0.922030 0.183284 0.340981
vn -0.734219 -0.143526 0.663568
vn -0.733709 0.142302 0.664395
vn -0.734219 -0.143526 0.663568
vn 0.922030 0.183284 0.340981
vn 0.781639 0.521581 0.342043
vn 0.781639 0.521581 0.342043
vn -0.620361 -0.414441 0.665875
vn -0.734219 -0.143526 0.663568
vn 0.624425 0.417227 0.660315
vn -0.779535 -0.520868 0.347881
vn -0.521266 -0.782558 0.340419
vn -0.521266 -0.782558 0.340419
vn 0.419250 0.616141 0.666783
vn 0.624425 0.417227 0.660315
vn 0.618568 -0.407942 0.671533
vn 0.411058 -0.610563 0.676938
vn -0.526738 0.789145 0.315908
vn -0.526738 0.789145 0.315908
vn -0.793310 0.510302 0.332041
vn 0.618568 -0.407942 0.671533
vn 0.264618 0.631466 0.728854
vn 0.382474 0.923412 0.031996
vn 0.706524 0.707002 0.031193
vn 0.706524 0.707002 0.031193
vn 0.488394 0.484007 0.726091
vn 0.264618 0.631466 0.728854
vn 0.634811 0.259363 0.727837
vn 0.923223 0.382986 0.031333
vn 0.999496 0.000121 0.031762
vn 0.999496 0.000121 0.031762
vn 0.686789 -0.000162 0.726857
vn 0.634811 0.259363 0.727837
vn -0.684583 0.003295 0.728927
vn -0.999490 -0.000426 0.031935
vn -0.923339 0.382686 0.031565
vn -0.923339 0.382686 0.031565
vn -0.633888 0.262436 0.727539
vn -0.684583 0.003295 0.728927
vn 0.999496 0.000121 0.031762
vn 0.923438 -0.382398 0.032157
vn 0.630391 -0.261280 0.730986
vn 0.630391 -0.261280 0.730986
vn 0.686789 -0.000162 0.726857
vn 0.999496 0.000121 0.031762
vn -0.706460 -0.707034 0.031898
vn -0.486464 -0.481842 0.728821
vn -0.264839 -0.631003 0.729175
vn -0.264839 -0.631003 0.729175
vn -0.382209 -0.923518 0.032102
vn -0.706460 -0.707034 0.031898
vn 0.382602 -0.923367 0.031762
vn 0.262672 -0.634572 0.726857
vn 0.481916 -0.486352 0.728848
vn 0.481916 -0.486352 0.728848
vn 0.706897 -0.706596 0.031940
vn 0.382602 -0.923367 0.031762
vn -0.923254 -0.382863 0.031898
vn -0.633828 -0.259002 0.728821
vn -0.486464 -0.481842 0.728821
vn -0.486464 -0.481842 0.728821
vn -0.706460 -0.707034 0.031898
vn -0.923254 -0.382863 0.031898
vn 0.382602 -0.923367 0.031762
vn 0.000095 -0.999483 0.032157
vn -0.000151 -0.682392 0.730986
vn -0.000151 -0.682392 0.730986
vn 0.262672 -0.634572 0.726857
vn 0.382602 -0.923367 0.031762
vn -0.488334 0.483908 0.726198
vn -0.633888 0.262436 0.727539
vn -0.923339 0.382686 0.031565
vn -0.923339 0.382686 0.031565
vn -0.706508 0.707016 0.031233
vn -0.488334 0.483908 0.726198
vn 0.923223 0.382986 0.031333
vn 0.634811 0.259363 0.727837
vn 0.488394 0.484007 0.726091
vn 0.488394 0.484007 0.726091
vn 0.706524 0.707002 0.031193
vn 0.923223 0.382986 0.031333
vn -0.999490 -0.000426 0.031935
vn -0.684583 0.003295 0.728927
vn -0.633828 -0.259002 0.728821
vn -0.633828 -0.259002 0.728821
vn -0.923254 -0.382863 0.031898
vn -0.999490 -0.000426 0.031935
vn -0.000151 -0.682392 0.730986
vn 0.000095 -0.999483 0.032157
vn -0.382209 -0.923518 0.032102
vn -0.382209 -0.923518 0.032102
vn -0.264839 -0.631003 0.729175
vn -0.000151 -0.682392 0.730986
vn 0.000082 -0.770639 0.637272
vn 0.000000 0.680682 0.732579
vn 0.264618 0.631466 0.728854
vn 0.264618 0.631466 0.728854
vn -0.294708 -0.710438 0.639082
vn 0.000082 -0.770639 0.637272
vn -0.706508 0.707016 0.031233
vn -0.382474 0.923412 0.031996
vn -0.264618 0.631466 0.728854
vn -0.264618 0.631466 0.728854
vn -0.488334 0.483908 0.726198
vn -0.706508 0.707016 0.031233
vn 0.000000 0.680682 0.732579
vn 0.000000 0.999465 0.032701
vn 0.382474 0.923412 0.031996
vn 0.382474 0.923412 0.031996
vn 0.264618 0.631466 0.728854
vn 0.000000 0.680682 0.732579
vn 0.630391 -0.261280 0.730986
vn 0.923438 -0.382398 0.032157
vn 0.706897 -0.706596 0.031940
vn 0.706897 -0.706596 0.031940
vn 0.481916 -0.486352 0.728848
vn 0.630391 -0.261280 0.730986
vn -0.010453 0.004330 -0.999936
vn -0.640037 0.265112 -0.721157
vn -0.494126 0.494371 -0.715148
vn -0.494126 0.494371 -0.715148
vn -0.008778 0.009402 -0.999917
vn -0.010453 0.004330 -0.999936
vn 0.645074 -0.263350 -0.717305
vn 0.011347 -0.005172 -0.999922
vn 0.011422 0.000001 -0.999935
vn 0.011422 0.000001 -0.999935
vn 0.694887 0.003733 -0.719109
vn 0.645074 -0.263350 -0.717305
vn -0.633828 -0.259002 0.728821
vn -0.684583 0.003295 0.728927
vn 0.769323 0.001277 0.638859
vn 0.769323 0.001277 0.638859
vn 0.710185 0.295449 0.639020
vn -0.633828 -0.259002 0.728821
vn -0.488334 0.483908 0.726198
vn -0.264618 0.631466 0.728854
vn 0.294729 -0.710488 0.639016
vn 0.294729 -0.710488 0.639016
vn 0.544270 -0.541924 0.640382
vn -0.488334 0.483908 0.726198
vn 0.262672 -0.634572 0.726857
vn -0.000151 -0.682392 0.730986
vn -0.001591 0.769624 0.638496
vn -0.001591 0.769624 0.638496
vn -0.294228 0.710588 0.639135
vn 0.262672 -0.634572 0.726857
vn -0.684583 0.003295 0.728927
vn -0.633888 0.262436 0.727539
vn 0.710697 -0.292897 0.639625
vn 0.710697 -0.292897 0.639625
vn 0.769323 0.001277 0.638859
vn -0.684583 0.003295 0.728927
vn 0.710697 -0.292897 0.639625
vn -0.633888 0.262436 0.727539
vn -0.488334 0.483908 0.726198
vn -0.488334 0.483908 0.726198
vn 0.544270 -0.541924 0.640382
vn 0.710697 -0.292897 0.639625
vn -0.264839 -0.631003 0.729175
vn -0.486464 -0.481842 0.728821
vn 0.542974 0.544840 0.639006
vn 0.542974 0.544840 0.639006
vn 0.293398 0.711496 0.638506
vn -0.264839 -0.631003 0.729175
vn -0.486464 -0.481842 0.728821
vn -0.633828 -0.259002 0.728821
vn 0.710185 0.295449 0.639020
vn 0.710185 0.295449 0.639020
vn 0.542974 0.544840 0.639006
vn -0.486464 -0.481842 0.728821
vn -0.000151 -0.682392 0.730986
vn -0.264839 -0.631003 0.729175
vn 0.293398 0.711496 0.638506
vn 0.293398 0.711496 0.638506
vn -0.001591 0.769624 0.638496
vn -0.000151 -0.682392 0.730986
vn 0.488394 0.484007 0.726091
vn 0.634811 0.259363 0.727837
vn -0.709852 -0.293996 0.640059
vn -0.709852 -0.293996 0.640059
vn -0.544403 -0.541667 0.640486
vn 0.488394 0.484007 0.726091
vn -0.267751 -0.645566 -0.715230
vn -0.000276 -0.692891 -0.721042
vn 0.000082 -0.770639 0.637272
vn 0.000082 -0.770639 0.637272
vn -0.294708 -0.710438 0.639082
vn -0.267751 -0.645566 -0.715230
vn 0.630391 -0.261280 0.730986
vn 0.481916 -0.486352 0.728848
vn -0.543634 0.544102 0.639074
vn -0.543634 0.544102 0.639074
vn -0.711117 0.294486 0.638428
vn 0.630391 -0.261280 0.730986
vn -0.264618 0.631466 0.728854
vn 0.000000 0.680682 0.732579
vn 0.000082 -0.770639 0.637272
vn 0.000082 -0.770639 0.637272
vn 0.294729 -0.710488 0.639016
vn -0.264618 0.631466 0.728854
vn 0.481916 -0.486352 0.728848
vn 0.262672 -0.634572 0.726857
vn -0.294228 0.710588 0.639135
vn -0.294228 0.710588 0.639135
vn -0.543634 0.544102 0.639074
vn 0.481916 -0.486352 0.728848
vn 0.686789 -0.000162 0.726857
vn 0.630391 -0.261280 0.730986
vn -0.711117 0.294486 0.638428
vn -0.711117 0.294486 0.638428
vn -0.768849 -0.000073 0.639431
vn 0.686789 -0.000162 0.726857
vn 0.634811 0.259363 0.727837
vn 0.686789 -0.000162 0.726857
vn -0.768849 -0.000073 0.639431
vn -0.768849 -0.000073 0.639431
vn -0.709852 -0.293996 0.640059
vn 0.634811 0.259363 0.727837
vn -0.294708 -0.710438 0.639082
vn 0.264618 0.631466 0.728854
vn 0.488394 0.484007 0.726091
vn 0.488394 0.484007 0.726091
vn -0.544403 -0.541667 0.640486
vn -0.294708 -0.710438 0.639082
vn 0.000000 0.680682 0.732579
vn -0.264618 0.631466 0.728854
vn -0.382474 0.923412 0.031996
vn -0.382474 0.923412 0.031996
vn 0.000000 0.999465 0.032701
vn 0.000000 0.680682 0.732579
vn 0.642203 0.270270 -0.717307
vn 0.489449 0.494382 -0.718349
vn 0.542974 0.544840 0.639006
vn 0.542974 0.544840 0.639006
vn 0.710185 0.295449 0.639020
vn 0.642203 0.270270 -0.717307
vn 0.005313 -0.010617 -0.999930
vn 0.008768 -0.008400 -0.999926
vn 0.494580 -0.489169 -0.718404
vn 0.494580 -0.489169 -0.718404
vn 0.267377 -0.644670 -0.716178
vn 0.005313 -0.010617 -0.999930
vn 0.642203 0.270270 -0.717307
vn 0.011287 0.005259 -0.999923
vn 0.008885 0.008012 -0.999928
vn 0.008885 0.008012 -0.999928
vn 0.489449 0.494382 -0.718349
vn 0.642203 0.270270 -0.717307
vn -0.267751 -0.645566 -0.715230
vn -0.005791 -0.011751 -0.999914
vn -0.000701 -0.010940 -0.999940
vn -0.000701 -0.010940 -0.999940
vn -0.000276 -0.692891 -0.721042
vn -0.267751 -0.645566 -0.715230
vn 0.263026 0.644250 -0.718164
vn 0.004762 0.010310 -0.999936
vn 0.000378 0.010542 -0.999944
vn 0.000378 0.010542 -0.999944
vn -0.003576 0.695185 -0.718822
vn 0.263026 0.644250 -0.718164
vn -0.006968 -0.009674 -0.999929
vn -0.005791 -0.011751 -0.999914
vn -0.267751 -0.645566 -0.715230
vn -0.267751 -0.645566 -0.715230
vn -0.494091 -0.489884 -0.718254
vn -0.006968 -0.009674 -0.999929
vn -0.005767 0.009773 -0.999936
vn -0.008778 0.009402 -0.999917
vn -0.494126 0.494371 -0.715148
vn -0.494126 0.494371 -0.715148
vn -0.266032 0.640596 -0.720322
vn -0.005767 0.009773 -0.999936
vn 0.004762 0.010310 -0.999936
vn 0.263026 0.644250 -0.718164
vn 0.489449 0.494382 -0.718349
vn 0.489449 0.494382 -0.718349
vn 0.008885 0.008012 -0.999928
vn 0.004762 0.010310 -0.999936
vn 0.008768 -0.008400 -0.999926
vn 0.011347 -0.005172 -0.999922
vn 0.645074 -0.263350 -0.717305
vn 0.645074 -0.263350 -0.717305
vn 0.494580 -0.489169 -0.718404
vn 0.008768 -0.008400 -0.999926
vn -0.010453 0.004330 -0.999936
vn -0.012622 -0.000000 -0.999920
vn -0.699047 -0.000000 -0.715075
vn -0.699047 -0.000000 -0.715075
vn -0.640037 0.265112 -0.721157
vn -0.010453 0.004330 -0.999936
vn -0.010333 -0.003099 -0.999942
vn -0.640366 -0.264770 -0.720992
vn -0.699047 -0.000000 -0.715075
vn -0.699047 -0.000000 -0.715075
vn -0.012622 -0.000000 -0.999920
vn -0.010333 -0.003099 -0.999942
vn -0.010333 -0.003099 -0.999942
vn -0.006968 -0.009674 -0.999929
vn -0.494091 -0.489884 -0.718254
vn -0.494091 -0.489884 -0.718254
vn -0.640366 -0.264770 -0.720992
vn -0.010333 -0.003099 -0.999942
vn 0.011422 0.000001 -0.999935
vn 0.011287 0.005259 -0.999923
vn 0.642203 0.270270 -0.717307
vn 0.642203 0.270270 -0.717307
vn 0.694887 0.003733 -0.719109
vn 0.011422 0.000001 -0.999935
vn -0.000701 -0.010940 -0.999940
vn 0.005313 -0.010617 -0.999930
vn 0.267377 -0.644670 -0.716178
vn 0.267377 -0.644670 -0.716178
vn -0.000276 -0.692891 -0.721042
vn -0.000701 -0.010940 -0.999940
vn 0.694887 0.003733 -0.719109
vn 0.642203 0.270270 -0.717307
vn 0.710185 0.295449 0.639020
vn 0.710185 0.295449 0.639020
vn 0.769323 0.001277 0.638859
vn 0.694887 0.003733 -0.719109
vn 0.267377 -0.644670 -0.716178
vn 0.494580 -0.489169 -0.718404
vn 0.544270 -0.541924 0.640382
vn 0.544270 -0.541924 0.640382
vn 0.294729 -0.710488 0.639016
vn 0.267377 -0.644670 -0.716178
vn -0.003576 0.695185 -0.718822
vn -0.266032 0.640596 -0.720322
vn -0.294228 0.710588 0.639135
vn -0.294228 0.710588 0.639135
vn -0.001591 0.769624 0.638496
vn -0.003576 0.695185 -0.718822
vn 0.645074 -0.263350 -0.717305
vn 0.694887 0.003733 -0.719109
vn 0.769323 0.001277 0.638859
vn 0.769323 0.001277 0.638859
vn 0.710697 -0.292897 0.639625
vn 0.645074 -0.263350 -0.717305
vn 0.494580 -0.489169 -0.718404
vn 0.645074 -0.263350 -0.717305
vn 0.710697 -0.292897 0.639625
vn 0.710697 -0.292897 0.639625
vn 0.544270 -0.541924 0.640382
vn 0.494580 -0.489169 -0.718404
vn 0.489449 0.494382 -0.718349
vn 0.263026 0.644250 -0.718164
vn 0.293398 0.711496 0.638506
vn 0.293398 0.711496 0.638506
vn 0.542974 0.544840 0.639006
vn 0.489449 0.494382 -0.718349
vn 0.263026 0.644250 -0.718164
vn -0.003576 0.695185 -0.718822
vn -0.001591 0.769624 0.638496
vn -0.001591 0.769624 0.638496
vn 0.293398 0.711496 0.638506
vn 0.263026 0.644250 -0.718164
vn -0.709852 -0.293996 0.640059
vn -0.640366 -0.264770 -0.720992
vn -0.494091 -0.489884 -0.718254
vn -0.494091 -0.489884 -0.718254
vn -0.544403 -0.541667 0.640486
vn -0.709852 -0.293996 0.640059
vn -0.494126 0.494371 -0.715148
vn -0.640037 0.265112 -0.721157
vn -0.711117 0.294486 0.638428
vn -0.711117 0.294486 0.638428
vn -0.543634 0.544102 0.639074
vn -0.494126 0.494371 -0.715148
vn 0.000082 -0.770639 0.637272
vn -0.000276 -0.692891 -0.721042
vn 0.267377 -0.644670 -0.716178
vn 0.267377 -0.644670 -0.716178
vn 0.294729 -0.710488 0.639016
vn 0.000082 -0.770639 0.637272
vn -0.294228 0.710588 0.639135
vn -0.266032 0.640596 -0.720322
vn -0.494126 0.494371 -0.715148
vn -0.494126 0.494371 -0.715148
vn -0.543634 0.544102 0.639074
vn -0.294228 0.710588 0.639135
vn -0.711117 0.294486 0.638428
vn -0.640037 0.265112 -0.721157
vn -0.699047 -0.000000 -0.715075
vn -0.699047 -0.000000 -0.715075
vn -0.768849 -0.000073 0.639431
vn -0.711117 0.294486 0.638428
vn -0.699047 -0.000000 -0.715075
vn -0.640366 -0.264770 -0.720992
vn -0.709852 -0.293996 0.640059
vn -0.709852 -0.293996 0.640059
vn -0.768849 -0.000073 0.639431
vn -0.699047 -0.000000 -0.715075
vn -0.544403 -0.541667 0.640486
vn -0.494091 -0.489884 -0.718254
vn -0.267751 -0.645566 -0.715230
vn -0.267751 -0.645566 -0.715230
vn -0.294708 -0.710438 0.639082
vn -0.544403 -0.541667 0.640486
vn 0.000378 0.010542 -0.999944
vn -0.005767 0.009773 -0.999936
vn -0.266032 0.640596 -0.720322
vn -0.266032 0.640596 -0.720322
vn -0.003576 0.695185 -0.718822
vn 0.000378 0.010542 -0.999944
vn 0.823488 0.000000 0.567334
vn 0.784891 0.302562 0.540742
vn 0.550740 0.295016 0.780802
vn 0.550740 0.295016 0.780802
vn 0.581127 0.000000 0.813813
vn 0.823488 0.000000 0.567334
vn -0.643551 -0.606867 0.466428
vn -0.411164 -0.848046 0.334308
vn -0.151128 -0.852343 0.500671
vn -0.151128 -0.852343 0.500671
vn -0.450079 -0.592608 0.668016
vn -0.643551 -0.606867 0.466428
vn -0.444586 0.596908 0.667865
vn -0.010899 0.520043 0.854070
vn 0.151127 0.852343 0.500671
vn 0.151127 0.852343 0.500671
vn -0.251734 0.857058 0.449534
vn -0.444586 0.596908 0.667865
vn 0.550740 -0.295016 0.780802
vn 0.784891 -0.302562 0.540743
vn 0.823488 0.000000 0.567334
vn 0.823488 0.000000 0.567334
vn 0.581127 0.000000 0.813813
vn 0.550740 -0.295016 0.780802
vn 0.010899 -0.520043 0.854070
vn -0.450079 -0.592608 0.668016
vn -0.151128 -0.852343 0.500671
vn 0.450078 0.592608 0.668016
vn 0.550740 0.295016 0.780802
vn 0.784891 0.302562 0.540742
vn 0.784891 0.302562 0.540742
vn 0.643551 0.606867 0.466428
vn 0.450078 0.592608 0.668016
vn 0.000000 -0.243186 0.969980
vn 0.550740 -0.295016 0.780802
vn 0.581127 0.000000 0.813813
vn 0.581127 0.000000 0.813813
vn -0.000000 0.000000 1.000000
vn 0.000000 -0.243186 0.969980
vn 0.659180 -0.599368 0.454136
vn 0.444586 -0.596908 0.667866
vn 0.251734 -0.857058 0.449535
vn 0.251734 -0.857058 0.449535
vn 0.423029 -0.857968 0.291442
vn 0.659180 -0.599368 0.454136
vn 0.151127 0.852343 0.500671
vn 0.450078 0.592608 0.668016
vn 0.643551 0.606867 0.466428
vn 0.643551 0.606867 0.466428
vn 0.411164 0.848046 0.334308
vn 0.151127 0.852343 0.500671
vn 0.000000 0.243186 0.969980
vn -0.000000 0.000000 1.000000
vn 0.581127 0.000000 0.813813
vn 0.581127 0.000000 0.813813
vn 0.550740 0.295016 0.780802
vn 0.000000 0.243186 0.969980
vn 0.784891 -0.302562 0.540743
vn 0.550740 -0.295016 0.780802
vn 0.444586 -0.596908 0.667866
vn 0.444586 -0.596908 0.667866
vn 0.659180 -0.599368 0.454136
vn 0.784891 -0.302562 0.540743
vn -0.581128 0.000000 0.813812
vn -0.000000 0.000000 1.000000
vn 0.000000 0.243186 0.969980
vn 0.000000 0.243186 0.969980
vn -0.550740 0.295016 0.780802
vn -0.581128 0.000000 0.813812
vn -0.581128 0.000000 0.813812
vn -0.550740 -0.295016 0.780802
vn 0.000000 -0.243186 0.969980
vn 0.000000 -0.243186 0.969980
vn -0.000000 0.000000 1.000000
vn -0.581128 0.000000 0.813812
vn -0.550740 0.295016 0.780802
vn 0.000000 0.243186 0.969980
vn -0.010899 0.520043 0.854070
vn -0.010899 0.520043 0.854070
vn -0.444586 0.596908 0.667865
vn -0.550740 0.295016 0.780802
vn -0.550740 -0.295016 0.780802
vn -0.450079 -0.592608 0.668016
vn 0.010899 -0.520043 0.854070
vn 0.010899 -0.520043 0.854070
vn 0.000000 -0.243186 0.969980
vn -0.550740 -0.295016 0.780802
vn -0.659181 0.599368 0.454135
vn -0.444586 0.596908 0.667865
vn -0.251734 0.857058 0.449534
vn -0.251734 0.857058 0.449534
vn -0.423028 0.857968 0.291441
vn -0.659181 0.599368 0.454135
vn -0.823488 0.000000 0.567333
vn -0.784891 -0.302562 0.540742
vn -0.550740 -0.295016 0.780802
vn -0.550740 -0.295016 0.780802
vn -0.581128 0.000000 0.813812
vn -0.823488 0.000000 0.567333
vn -0.784891 0.302562 0.540742
vn -0.550740 0.295016 0.780802
vn -0.444586 0.596908 0.667865
vn -0.444586 0.596908 0.667865
vn -0.659181 0.599368 0.454135
vn -0.784891 0.302562 0.540742
vn -0.784891 -0.302562 0.540742
vn -0.643551 -0.606867 0.466428
vn -0.450079 -0.592608 0.668016
vn -0.450079 -0.592608 0.668016
vn -0.550740 -0.295016 0.780802
vn -0.784891 -0.302562 0.540742
vn -0.823488 0.000000 0.567333
vn -0.581128 0.000000 0.813812
vn -0.550740 0.295016 0.780802
vn -0.550740 0.295016 0.780802
vn -0.784891 0.302562 0.540742
vn -0.823488 0.000000 0.567333
vn -0.151128 -0.852343 0.500671
vn 0.251734 -0.857058 0.449535
vn 0.444586 -0.596908 0.667866
vn 0.444586 -0.596908 0.667866
vn 0.010899 -0.520043 0.854070
vn -0.151128 -0.852343 0.500671
vn -0.010899 0.520043 0.854070
vn 0.000000 0.243186 0.969980
vn 0.550740 0.295016 0.780802
vn 0.550740 0.295016 0.780802
vn 0.450078 0.592608 0.668016
vn -0.010899 0.520043 0.854070
vn 0.010899 -0.520043 0.854070
vn 0.444586 -0.596908 0.667866
vn 0.550740 -0.295016 0.780802
vn 0.550740 -0.295016 0.780802
vn 0.000000 -0.243186 0.969980
vn 0.010899 -0.520043 0.854070
vn -0.407281 0.580077 -0.705431
vn -0.393499 -0.616954 -0.681561
vn 0.000000 -0.616954 -0.786999
vn 0.000000 -0.616954 -0.786999
vn -0.000000 0.580077 -0.814562
vn -0.407281 0.580077 -0.705431
vn -0.407281 0.580077 0.705431
vn -0.393499 -0.616955 0.681561
vn -0.681561 -0.616955 0.393499
vn -0.681561 -0.616955 0.393499
vn -0.705431 0.580078 0.407281
vn -0.407281 0.580077 0.705431
vn 0.407280 0.580078 0.705431
vn 0.705431 0.580078 0.407281
vn 0.681561 -0.616955 0.393500
vn 0.681561 -0.616955 0.393500
vn 0.393499 -0.616955 0.681561
vn 0.407280 0.580078 0.705431
vn 0.705431 0.580078 0.407281
vn 0.814561 0.580078 0.000000
vn 0.786999 -0.616955 0.000000
vn 0.786999 -0.616955 0.000000
vn 0.681561 -0.616955 0.393500
vn 0.705431 0.580078 0.407281
vn 0.393499 -0.616954 -0.681561
vn 0.681561 -0.616955 -0.393499
vn 0.705431 0.580077 -0.407281
vn 0.705431 0.580077 -0.407281
vn 0.407281 0.580077 -0.705431
vn 0.393499 -0.616954 -0.681561
vn 0.000000 -0.569218 -0.822187
vn -0.411093 -0.569218 -0.712035
vn -0.421202 0.538846 -0.729544
vn -0.421202 0.538846 -0.729544
vn 0.000000 0.538846 -0.842404
vn 0.000000 -0.569218 -0.822187
vn -0.814561 0.580078 -0.000000
vn -0.786999 -0.616955 0.000000
vn -0.681561 -0.616955 -0.393500
vn -0.681561 -0.616955 -0.393500
vn -0.705431 0.580077 -0.407281
vn -0.814561 0.580078 -0.000000
vn -0.393499 -0.616955 0.681561
vn -0.407281 0.580077 0.705431
vn -0.000000 0.580077 0.814562
vn -0.000000 0.580077 0.814562
vn -0.000000 -0.616954 0.786999
vn -0.393499 -0.616955 0.681561
vn -0.681561 -0.616955 0.393499
vn -0.786999 -0.616955 0.000000
vn -0.814561 0.580078 -0.000000
vn -0.814561 0.580078 -0.000000
vn -0.705431 0.580078 0.407281
vn -0.681561 -0.616955 0.393499
vn -0.000000 0.580077 -0.814562
vn 0.000000 -0.616954 -0.786999
vn 0.393499 -0.616954 -0.681561
vn 0.393499 -0.616954 -0.681561
vn 0.407281 0.580077 -0.705431
vn -0.000000 0.580077 -0.814562
vn 0.681561 -0.616955 -0.393499
vn 0.786999 -0.616955 0.000000
vn 0.814561 0.580078 0.000000
vn 0.814561 0.580078 0.000000
vn 0.705431 0.580077 -0.407281
vn 0.681561 -0.616955 -0.393499
vn -0.407281 0.580077 -0.705431
vn -0.705431 0.580077 -0.407281
vn -0.681561 -0.616955 -0.393500
vn -0.681561 -0.616955 -0.393500
vn -0.393499 -0.616954 -0.681561
vn -0.407281 0.580077 -0.705431
vn 0.712035 -0.569218 -0.411093
vn 0.411094 -0.569218 -0.712035
vn 0.421202 0.538846 -0.729543
vn 0.421202 0.538846 -0.729543
vn 0.729544 0.538845 -0.421202
vn 0.712035 -0.569218 -0.411093
vn 0.000000 -0.569218 0.822187
vn 0.411094 -0.569218 0.712035
vn 0.421202 0.538846 0.729544
vn 0.421202 0.538846 0.729544
vn 0.000000 0.538846 0.842404
vn 0.000000 -0.569218 0.822187
vn -0.411093 -0.569218 -0.712035
vn -0.712035 -0.569218 -0.411094
vn -0.729544 0.538846 -0.421203
vn -0.729544 0.538846 -0.421203
vn -0.421202 0.538846 -0.729544
vn -0.411093 -0.569218 -0.712035
vn -0.712035 -0.569218 -0.411094
vn -0.822187 -0.569218 -0.000000
vn -0.842404 0.538846 -0.000000
vn -0.842404 0.538846 -0.000000
vn -0.729544 0.538846 -0.421203
vn -0.712035 -0.569218 -0.411094
vn -0.411094 -0.569218 0.712035
vn -0.421202 0.538846 0.729544
vn -0.729544 0.538846 0.421202
vn -0.729544 0.538846 0.421202
vn -0.712035 -0.569217 0.411094
vn -0.411094 -0.569218 0.712035
vn 0.000000 -0.569218 0.822187
vn -0.411094 -0.569218 0.712035
vn 0.003261 -0.999979 -0.005649
vn 0.003261 -0.999979 -0.005649
vn -0.000000 -0.999979 -0.006522
vn 0.000000 -0.569218 0.822187
vn 0.822187 -0.569218 0.000000
vn 0.842405 0.538846 0.000000
vn 0.729544 0.538846 0.421202
vn 0.729544 0.538846 0.421202
vn 0.712035 -0.569217 0.411094
vn 0.822187 -0.569218 0.000000
vn 0.411094 -0.569218 -0.712035
vn 0.000000 -0.569218 -0.822187
vn 0.000000 0.538846 -0.842404
vn 0.000000 0.538846 -0.842404
vn 0.421202 0.538846 -0.729543
vn 0.411094 -0.569218 -0.712035
vn 0.729544 0.538845 -0.421202
vn 0.842405 0.538846 0.000000
vn 0.822187 -0.569218 0.000000
vn 0.822187 -0.569218 0.000000
vn 0.712035 -0.569218 -0.411093
vn 0.729544 0.538845 -0.421202
vn -0.411094 -0.569218 0.712035
vn 0.000000 -0.569218 0.822187
vn 0.000000 0.538846 0.842404
vn 0.000000 0.538846 0.842404
vn -0.421202 0.538846 0.729544
vn -0.411094 -0.569218 0.712035
vn -0.712035 -0.569217 0.411094
vn -0.729544 0.538846 0.421202
vn -0.842404 0.538846 -0.000000
vn -0.842404 0.538846 -0.000000
vn -0.822187 -0.569218 -0.000000
vn -0.712035 -0.569217 0.411094
vn 0.411094 -0.569218 0.712035
vn 0.712035 -0.569217 0.411094
vn 0.729544 0.538846 0.421202
vn 0.729544 0.538846 0.421202
vn 0.421202 0.538846 0.729544
vn 0.411094 -0.569218 0.712035
vn -0.000000 0.580077 0.814562
vn -0.407281 0.580077 0.705431
vn 0.004737 0.999955 -0.008205
vn 0.004737 0.999955 -0.008205
vn -0.000000 0.999955 -0.009474
vn -0.000000 0.580077 0.814562
vn -0.411094 -0.569218 0.712035
vn -0.712035 -0.569217 0.411094
vn 0.005649 -0.999979 -0.003261
vn 0.005649 -0.999979 -0.003261
vn 0.003261 -0.999979 -0.005649
vn -0.411094 -0.569218 0.712035
vn 0.407280 0.580078 0.705431
vn -0.004738 0.999955 -0.008206
vn -0.008206 0.999955 -0.004738
vn -0.008206 0.999955 -0.004738
vn 0.705431 0.580078 0.407281
vn 0.407280 0.580078 0.705431
vn -0.712035 -0.569218 -0.411094
vn 0.005648 -0.999979 0.003261
vn 0.006522 -0.999979 0.000000
vn 0.006522 -0.999979 0.000000
vn -0.822187 -0.569218 -0.000000
vn -0.712035 -0.569218 -0.411094
vn -0.729544 0.538846 0.421202
vn -0.008206 0.999955 0.004737
vn -0.009475 0.999955 -0.000000
vn -0.009475 0.999955 -0.000000
vn -0.842404 0.538846 -0.000000
vn -0.729544 0.538846 0.421202
vn -0.000000 -0.616954 0.786999
vn 0.393499 -0.616955 0.681561
vn 0.003261 -0.999979 0.005649
vn 0.003261 -0.999979 0.005649
vn -0.000000 -0.999979 0.006523
vn -0.000000 -0.616954 0.786999
vn 0.712035 -0.569218 -0.411093
vn -0.005648 -0.999979 0.003261
vn -0.003261 -0.999979 0.005649
vn -0.003261 -0.999979 0.005649
vn 0.411094 -0.569218 -0.712035
vn 0.712035 -0.569218 -0.411093
vn 0.822187 -0.569218 0.000000
vn 0.712035 -0.569217 0.411094
vn -0.005649 -0.999979 -0.003261
vn -0.005649 -0.999979 -0.003261
vn -0.006522 -0.999979 0.000000
vn 0.822187 -0.569218 0.000000
vn -0.421202 0.538846 0.729544
vn -0.004737 0.999955 0.008206
vn -0.008206 0.999955 0.004737
vn -0.008206 0.999955 0.004737
vn -0.729544 0.538846 0.421202
vn -0.421202 0.538846 0.729544
vn -0.411093 -0.569218 -0.712035
vn 0.003261 -0.999979 0.005649
vn 0.005648 -0.999979 0.003261
vn 0.005648 -0.999979 0.003261
vn -0.712035 -0.569218 -0.411094
vn -0.411093 -0.569218 -0.712035
vn 0.822187 -0.569218 0.000000
vn -0.006522 -0.999979 0.000000
vn -0.005648 -0.999979 0.003261
vn -0.005648 -0.999979 0.003261
vn 0.712035 -0.569218 -0.411093
vn 0.822187 -0.569218 0.000000
vn 0.004737 0.999955 0.008206
vn 0.421202 0.538846 0.729544
vn 0.729544 0.538846 0.421202
vn 0.729544 0.538846 0.421202
vn 0.008206 0.999955 0.004737
vn 0.004737 0.999955 0.008206
vn 0.421202 0.538846 0.729544
vn 0.004737 0.999955 0.008206
vn -0.000000 0.999955 0.009475
vn -0.000000 0.999955 0.009475
vn 0.000000 0.538846 0.842404
vn 0.421202 0.538846 0.729544
vn -0.712035 -0.569217 0.411094
vn -0.822187 -0.569218 -0.000000
vn 0.006522 -0.999979 0.000000
vn 0.006522 -0.999979 0.000000
vn 0.005649 -0.999979 -0.003261
vn -0.712035 -0.569217 0.411094
vn 0.000000 0.538846 -0.842404
vn -0.421202 0.538846 -0.729544
vn -0.004738 0.999955 -0.008206
vn -0.004738 0.999955 -0.008206
vn -0.000000 0.999955 -0.009474
vn 0.000000 0.538846 -0.842404
vn 0.008206 0.999955 -0.004738
vn -0.705431 0.580078 0.407281
vn -0.814561 0.580078 -0.000000
vn -0.814561 0.580078 -0.000000
vn 0.009476 0.999955 -0.000000
vn 0.008206 0.999955 -0.004738
vn -0.421202 0.538846 0.729544
vn 0.000000 0.538846 0.842404
vn -0.000000 0.999955 0.009475
vn -0.000000 0.999955 0.009475
vn -0.004737 0.999955 0.008206
vn -0.421202 0.538846 0.729544
vn 0.411094 -0.569218 0.712035
vn 0.000000 -0.569218 0.822187
vn -0.000000 -0.999979 -0.006522
vn -0.000000 -0.999979 -0.006522
vn -0.003261 -0.999979 -0.005649
vn 0.411094 -0.569218 0.712035
vn 0.729544 0.538845 -0.421202
vn 0.421202 0.538846 -0.729543
vn 0.004737 0.999955 -0.008205
vn 0.004737 0.999955 -0.008205
vn 0.008206 0.999955 -0.004738
vn 0.729544 0.538845 -0.421202
vn 0.008206 0.999955 0.004737
vn 0.729544 0.538846 0.421202
vn 0.842405 0.538846 0.000000
vn 0.842405 0.538846 0.000000
vn 0.009476 0.999955 -0.000000
vn 0.008206 0.999955 0.004737
vn -0.729544 0.538846 -0.421203
vn -0.842404 0.538846 -0.000000
vn -0.009475 0.999955 -0.000000
vn -0.009475 0.999955 -0.000000
vn -0.008206 0.999955 -0.004738
vn -0.729544 0.538846 -0.421203
vn 0.712035 -0.569217 0.411094
vn 0.411094 -0.569218 0.712035
vn -0.003261 -0.999979 -0.005649
vn -0.003261 -0.999979 -0.005649
vn -0.005649 -0.999979 -0.003261
vn 0.712035 -0.569217 0.411094
vn 0.411094 -0.569218 -0.712035
vn -0.003261 -0.999979 0.005649
vn -0.000000 -0.999979 0.006523
vn -0.000000 -0.999979 0.006523
vn 0.000000 -0.569218 -0.822187
vn 0.411094 -0.569218 -0.712035
vn -0.000000 0.580077 0.814562
vn 0.407280 0.580078 0.705431
vn 0.393499 -0.616955 0.681561
vn 0.393499 -0.616955 0.681561
vn -0.000000 -0.616954 0.786999
vn -0.000000 0.580077 0.814562
vn -0.008206 0.999955 -0.004738
vn -0.009475 0.999955 -0.000000
vn 0.814561 0.580078 0.000000
vn 0.814561 0.580078 0.000000
vn 0.705431 0.580078 0.407281
vn -0.008206 0.999955 -0.004738
vn -0.705431 0.580077 -0.407281
vn 0.008206 0.999955 0.004737
vn 0.009476 0.999955 -0.000000
vn 0.009476 0.999955 -0.000000
vn -0.814561 0.580078 -0.000000
vn -0.705431 0.580077 -0.407281
vn 0.004737 0.999955 -0.008205
vn -0.407281 0.580077 0.705431
vn -0.705431 0.580078 0.407281
vn -0.705431 0.580078 0.407281
vn 0.008206 0.999955 -0.004738
vn 0.004737 0.999955 -0.008205
vn 0.407281 0.580077 -0.705431
vn -0.004737 0.999955 0.008206
vn -0.000000 0.999955 0.009475
vn -0.000000 0.999955 0.009475
vn -0.000000 0.580077 -0.814562
vn 0.407281 0.580077 -0.705431
vn 0.008206 0.999955 -0.004738
vn 0.009476 0.999955 -0.000000
vn 0.842405 0.538846 0.000000
vn 0.842405 0.538846 0.000000
vn 0.729544 0.538845 -0.421202
vn 0.008206 0.999955 -0.004738
vn -0.000000 0.580077 0.814562
vn -0.000000 0.999955 -0.009474
vn -0.004738 0.999955 -0.008206
vn -0.004738 0.999955 -0.008206
vn 0.407280 0.580078 0.705431
vn -0.000000 0.580077 0.814562
vn 0.004737 0.999955 0.008206
vn -0.407281 0.580077 -0.705431
vn -0.000000 0.580077 -0.814562
vn -0.000000 0.580077 -0.814562
vn -0.000000 0.999955 0.009475
vn 0.004737 0.999955 0.008206
vn 0.004737 0.999955 0.008206
vn 0.008206 0.999955 0.004737
vn -0.705431 0.580077 -0.407281
vn -0.705431 0.580077 -0.407281
vn -0.407281 0.580077 -0.705431
vn 0.004737 0.999955 0.008206
vn -0.008206 0.999955 0.004737
vn -0.004737 0.999955 0.008206
vn 0.407281 0.580077 -0.705431
vn 0.407281 0.580077 -0.705431
vn 0.705431 0.580077 -0.407281
vn -0.008206 0.999955 0.004737
vn -0.009475 0.999955 -0.000000
vn -0.008206 0.999955 0.004737
vn 0.705431 0.580077 -0.407281
vn 0.705431 0.580077 -0.407281
vn 0.814561 0.580078 0.000000
vn -0.009475 0.999955 -0.000000
vn -0.004738 0.999955 -0.008206
vn -0.421202 0.538846 -0.729544
vn -0.729544 0.538846 -0.421203
vn -0.729544 0.538846 -0.421203
vn -0.008206 0.999955 -0.004738
vn -0.004738 0.999955 -0.008206
vn -0.000000 0.999955 -0.009474
vn 0.004737 0.999955 -0.008205
vn 0.421202 0.538846 -0.729543
vn 0.421202 0.538846 -0.729543
vn 0.000000 0.538846 -0.842404
vn -0.000000 0.999955 -0.009474
vn -0.003261 -0.999979 0.005649
vn -0.393499 -0.616955 0.681561
vn -0.000000 -0.616954 0.786999
vn -0.000000 -0.616954 0.786999
vn -0.000000 -0.999979 0.006523
vn -0.003261 -0.999979 0.005649
vn -0.003261 -0.999979 -0.005649
vn -0.393499 -0.616954 -0.681561
vn -0.681561 -0.616955 -0.393500
vn -0.681561 -0.616955 -0.393500
vn -0.005649 -0.999979 -0.003261
vn -0.003261 -0.999979 -0.005649
vn -0.000000 -0.999979 -0.006522
vn 0.000000 -0.616954 -0.786999
vn -0.393499 -0.616954 -0.681561
vn -0.393499 -0.616954 -0.681561
vn -0.003261 -0.999979 -0.005649
vn -0.000000 -0.999979 -0.006522
vn 0.681561 -0.616955 -0.393499
vn 0.005649 -0.999979 -0.003261
vn 0.006522 -0.999979 0.000000
vn 0.006522 -0.999979 0.000000
vn 0.786999 -0.616955 0.000000
vn 0.681561 -0.616955 -0.393499
vn -0.006522 -0.999979 0.000000
vn -0.786999 -0.616955 0.000000
vn -0.681561 -0.616955 0.393499
vn -0.681561 -0.616955 0.393499
vn -0.005648 -0.999979 0.003261
vn -0.006522 -0.999979 0.000000
vn 0.003261 -0.999979 0.005649
vn 0.393499 -0.616955 0.681561
vn 0.681561 -0.616955 0.393500
vn 0.681561 -0.616955 0.393500
vn 0.005648 -0.999979 0.003261
vn 0.003261 -0.999979 0.005649
vn -0.005649 -0.999979 -0.003261
vn -0.681561 -0.616955 -0.393500
vn -0.786999 -0.616955 0.000000
vn -0.786999 -0.616955 0.000000
vn -0.006522 -0.999979 0.000000
vn -0.005649 -0.999979 -0.003261
vn -0.005648 -0.999979 0.003261
vn -0.681561 -0.616955 0.393499
vn -0.393499 -0.616955 0.681561
vn -0.393499 -0.616955 0.681561
vn -0.003261 -0.999979 0.005649
vn -0.005648 -0.999979 0.003261
vn -0.000000 -0.999979 0.006523
vn 0.003261 -0.999979 0.005649
vn -0.411093 -0.569218 -0.712035
vn -0.411093 -0.569218 -0.712035
vn 0.000000 -0.569218 -0.822187
vn -0.000000 -0.999979 0.006523
vn 0.005648 -0.999979 0.003261
vn 0.681561 -0.616955 0.393500
vn 0.786999 -0.616955 0.000000
vn 0.786999 -0.616955 0.000000
vn 0.006522 -0.999979 0.000000
vn 0.005648 -0.999979 0.003261
vn 0.003261 -0.999979 -0.005649
vn 0.005649 -0.999979 -0.003261
vn 0.681561 -0.616955 -0.393499
vn 0.681561 -0.616955 -0.393499
vn 0.393499 -0.616954 -0.681561
vn 0.003261 -0.999979 -0.005649
vn -0.000000 -0.999979 -0.006522
vn 0.003261 -0.999979 -0.005649
vn 0.393499 -0.616954 -0.681561
vn 0.393499 -0.616954 -0.681561
vn 0.000000 -0.616954 -0.786999
vn -0.000000 -0.999979 -0.006522
s off
g Ring_1061tris2:Lod2_Lod2
usemtl Ring_1061tris2:Ring
f 1/1/1 2/2/2 3/3/3
f 4/4/4 5/5/5 6/6/6
f 6/6/7 7/7/8 8/8/9
f 3/3/10 9/9/11 10/10/12
f 7/7/13 10/10/14 9/9/15
f 6/6/16 5/5/17 11/11/18
f 3/3/19 10/10/20 12/12/21
f 11/11/22 13/13/23 10/10/24
f 10/10/25 13/13/26 12/12/27
f 11/11/28 5/5/29 14/14/30
f 3/3/31 12/15/32 1/1/33
f 14/16/34 15/17/35 16/18/36
f 14/16/37 5/5/38 4/4/39
f 17/19/40 18/20/41 19/21/42
f 20/22/43 19/21/44 18/20/45
f 17/19/46 19/21/47 21/23/48
f 22/24/49 23/25/50 24/26/51
f 25/27/52 24/26/53 26/28/54
f 17/19/55 21/23/56 27/29/57
f 26/28/58 27/29/59 21/23/60
f 24/26/61 23/25/62 28/30/63
f 17/19/64 27/29/65 29/31/66
f 28/30/67 30/32/68 26/28/69
f 28/30/70 23/25/71 31/33/72
f 17/19/73 29/34/74 18/20/75
f 31/35/76 32/36/77 33/37/78
f 31/35/79 23/25/80 22/24/81
f 34/38/82 35/703/83 36/39/84
f 36/39/85 37/704/86 38/40/87
f 36/39/88 35/705/89 39/41/90
f 39/41/91 40/42/92 41/43/93
f 42/44/94 43/45/95 44/46/96
f 40/42/97 44/46/98 43/45/99
f 39/41/100 35/706/101 45/47/102
f 42/44/103 44/46/104 46/48/105
f 44/46/106 45/47/107 47/49/108
f 45/50/109 35/707/110 34/38/111
f 42/44/112 46/51/113 48/52/114
f 34/38/115 49/53/116 47/54/117
f 50/55/118 51/708/119 52/56/120
f 53/709/121 54/710/122 55/711/123
f 52/56/124 56/712/125 57/57/126
f 52/56/127 51/713/128 58/58/129
f 53/714/130 55/715/131 59/59/132
f 58/58/133 51/716/134 60/717/135
f 61/718/136 60/719/137 62/60/138
f 60/720/139 51/721/140 63/722/141
f 53/723/142 59/59/143 64/724/144
f 62/60/145 64/725/146 59/59/147
f 63/726/148 51/727/149 50/55/150
f 53/728/151 64/61/152 54/729/153
f 50/55/154 57/57/155 65/730/156
f 66/62/157 67/63/158 68/64/159
f 69/65/160 70/66/161 71/67/162
f 72/68/163 73/69/164 74/70/165
f 75/71/166 76/72/167 77/73/168
f 76/74/169 75/75/170 78/76/171
f 74/77/172 79/78/173 80/79/174
f 81/80/175 82/81/176 83/82/177
f 84/83/178 85/84/179 86/85/180
f 87/86/181 88/87/182 89/88/183
f 90/89/184 91/90/185 92/91/186
f 93/92/187 94/93/188 95/94/189
f 84/83/190 86/85/191 93/92/192
f 96/95/193 97/96/194 98/97/195
f 99/98/196 100/99/197 101/100/198
f 84/83/199 93/92/200 99/101/201
f 102/102/202 103/103/203 104/104/204
f 105/105/205 106/106/206 107/107/207
f 103/103/208 108/108/209 104/104/210
f 105/105/211 109/109/212 106/106/213
f 107/107/214 110/110/215 111/111/216
f 112/112/217 80/113/218 113/114/219
f 114/115/220 115/116/221 116/117/222
f 117/118/223 118/119/224 119/120/225
f 120/121/226 121/122/227 122/123/228
f 120/121/229 123/124/230 121/122/231
f 124/125/232 125/126/233 126/127/234
f 115/116/235 127/128/236 125/126/237
f 119/120/238 128/129/239 129/130/240
f 130/131/241 122/123/242 121/122/243
f 131/132/244 132/133/245 133/134/246
f 134/135/247 135/136/248 136/137/249
f 137/138/250 138/139/251 139/140/252
f 140/141/253 141/142/254 142/143/255
f 143/144/256 144/145/257 145/146/258
f 143/144/259 145/146/260 146/147/261
f 147/148/262 137/149/263 131/150/264
f 148/151/265 149/152/266 150/153/267
f 151/154/268 152/155/269 153/156/270
f 154/157/271 155/158/272 156/159/273
f 149/152/274 157/160/275 150/153/276
f 158/161/277 149/152/278 159/162/279
f 154/157/280 160/163/281 155/158/282
f 161/164/283 162/165/284 159/162/285
f 162/165/286 163/166/287 158/161/288
f 164/167/289 157/160/290 163/166/291
f 156/159/292 165/168/293 166/169/294
f 167/170/295 168/171/296 169/172/297
f 170/173/298 171/174/299 172/175/300
f 173/176/301 174/177/302 167/170/303
f 175/178/304 176/179/305 170/173/306
f 172/175/307 175/178/308 170/173/309
f 167/170/310 177/180/311 173/176/312
f 173/176/313 178/181/314 174/177/315
f 2/2/316 8/8/317 9/9/318
f 9/9/319 3/3/320 2/2/321
f 6/6/322 11/11/323 10/10/324
f 10/10/325 7/7/326 6/6/327
f 8/8/328 7/7/329 9/9/330
f 14/14/331 16/182/332 13/13/333
f 13/13/334 11/11/335 14/14/336
f 15/17/337 1/1/338 12/15/339
f 12/15/340 16/18/341 15/17/342
f 13/13/343 16/182/344 12/12/345
f 14/16/346 4/4/347 2/2/348
f 2/2/349 15/17/350 14/16/351
f 15/17/352 2/2/353 1/1/354
f 24/26/355 25/27/356 20/22/357
f 20/22/358 22/24/359 24/26/360
f 20/22/361 25/27/362 21/23/363
f 21/23/364 19/21/365 20/22/366
f 26/28/367 30/32/368 29/31/369
f 29/31/370 27/29/371 26/28/372
f 25/27/373 26/28/374 21/23/375
f 26/28/376 24/26/377 28/30/378
f 31/33/379 33/731/380 30/32/381
f 30/32/382 28/30/383 31/33/384
f 32/36/385 18/20/386 29/34/387
f 29/34/388 33/37/389 32/36/390
f 30/32/391 33/732/392 29/31/393
f 31/35/394 22/24/395 20/22/396
f 20/22/397 32/36/398 31/35/399
f 32/36/400 20/22/401 18/20/402
f 36/39/403 38/40/404 49/53/405
f 49/53/406 34/38/407 36/39/408
f 37/733/409 42/44/410 48/52/411
f 48/52/412 38/40/413 37/734/414
f 49/53/415 38/40/416 48/52/417
f 39/41/418 41/43/419 37/735/420
f 37/736/421 36/39/422 39/41/423
f 41/43/424 43/45/425 42/44/426
f 42/44/427 37/737/428 41/43/429
f 39/41/430 45/47/431 44/46/432
f 44/46/433 40/42/434 39/41/435
f 41/43/436 40/42/437 43/45/438
f 47/54/439 49/53/440 48/52/441
f 48/52/442 46/51/443 47/54/444
f 44/46/445 47/49/446 46/48/447
f 45/50/448 34/38/449 47/54/450
f 57/57/451 56/738/452 55/739/453
f 55/740/454 54/741/455 57/57/456
f 50/55/457 52/56/458 57/57/459
f 61/742/460 59/59/461 55/743/462
f 55/744/463 58/58/464 61/745/465
f 56/746/466 52/56/467 58/58/468
f 56/747/469 58/58/470 55/748/471
f 58/58/472 60/749/473 61/750/474
f 50/55/475 65/751/476 62/752/477
f 62/753/478 63/754/479 50/55/480
f 61/755/481 62/60/482 59/59/483
f 62/60/484 60/756/485 63/757/486
f 64/61/487 62/758/488 65/759/489
f 57/57/490 54/760/491 64/61/492
f 64/61/493 65/761/494 57/57/495
f 179/183/496 180/184/497 181/185/498
f 181/185/499 182/186/500 179/183/501
f 183/187/502 180/184/503 179/183/504
f 179/183/505 184/188/506 183/187/507
f 185/189/508 186/190/509 187/191/510
f 187/191/511 188/192/512 185/189/513
f 66/62/514 76/74/515 67/63/516
f 189/193/517 190/194/518 112/112/519
f 112/112/520 191/195/521 189/193/522
f 192/196/523 187/191/524 193/197/525
f 193/197/526 70/198/527 192/196/528
f 192/196/529 188/192/530 187/191/531
f 112/112/532 190/194/533 79/78/534
f 79/78/535 74/77/536 194/199/537
f 194/199/538 112/112/539 79/78/540
f 67/63/541 76/74/542 78/76/543
f 78/76/544 193/200/545 67/63/546
f 78/76/547 70/201/548 193/200/549
f 194/199/550 74/77/551 195/202/552
f 195/202/553 66/62/554 68/64/555
f 68/64/556 194/199/557 195/202/558
f 183/187/559 196/203/560 197/204/561
f 197/204/562 180/184/563 183/187/564
f 198/205/565 182/186/566 185/189/567
f 185/189/568 199/206/569 198/205/570
f 77/73/571 76/72/572 200/207/573
f 80/113/574 72/68/575 74/70/576
f 71/208/577 70/209/578 75/71/579
f 184/188/580 189/193/581 191/195/582
f 191/195/583 183/187/584 184/188/585
f 197/210/586 196/211/587 184/188/588
f 184/188/589 179/183/590 197/210/591
f 182/186/592 198/205/593 197/210/594
f 197/210/595 179/183/596 182/186/597
f 79/78/598 190/194/599 113/212/600
f 113/212/601 80/79/602 79/78/603
f 78/76/604 75/75/605 70/201/606
f 201/213/607 188/192/608 192/196/609
f 192/196/610 69/214/611 201/213/612
f 70/198/613 69/214/614 192/196/615
f 199/206/616 185/189/617 188/192/618
f 188/192/619 201/213/620 199/206/621
f 202/215/622 66/62/623 195/202/624
f 195/202/625 73/216/626 202/215/627
f 202/215/628 200/217/629 66/62/630
f 190/194/631 189/193/632 203/218/633
f 203/218/634 113/212/635 190/194/636
f 74/77/637 73/216/638 195/202/639
f 189/193/640 184/188/641 196/211/642
f 196/211/643 203/218/644 189/193/645
f 182/186/646 181/185/647 186/190/648
f 186/190/649 185/189/650 182/186/651
f 66/62/652 200/217/653 76/74/654
f 99/101/655 90/219/656 85/84/657
f 85/84/658 84/83/659 99/101/660
f 89/88/661 88/87/662 204/220/663
f 204/220/664 205/221/665 89/88/666
f 88/87/667 206/222/668 101/100/669
f 101/100/670 204/220/671 88/87/672
f 101/100/673 206/222/674 90/89/675
f 90/89/676 99/98/677 101/100/678
f 97/96/679 207/223/680 208/224/681
f 208/224/682 209/225/683 97/96/684
f 210/226/685 211/227/686 96/95/687
f 96/95/688 212/228/689 210/226/690
f 209/225/691 208/224/692 213/229/693
f 213/229/694 83/82/695 209/225/696
f 214/230/697 81/80/698 83/82/699
f 83/82/700 213/229/701 214/230/702
f 215/231/703 210/226/704 212/228/705
f 212/228/706 216/232/707 215/231/708
f 211/227/709 207/223/710 97/96/711
f 97/96/712 96/95/713 211/227/714
f 217/233/715 218/234/716 81/80/717
f 81/80/718 214/230/719 217/233/720
f 85/84/721 215/231/722 216/232/723
f 216/232/724 86/85/725 85/84/726
f 89/88/727 205/221/728 218/234/729
f 218/234/730 217/233/731 89/88/732
f 219/235/733 220/236/734 217/233/735
f 217/233/736 214/230/737 219/235/738
f 221/237/739 222/238/740 215/231/741
f 215/231/742 85/84/743 221/237/744
f 223/239/745 89/88/746 217/233/747
f 217/233/748 220/236/749 223/239/750
f 92/240/751 224/241/752 85/84/753
f 85/84/754 90/219/755 92/240/756
f 85/84/757 224/241/758 221/237/759
f 223/239/760 87/86/761 89/88/762
f 206/222/763 88/87/764 87/86/765
f 87/86/766 91/90/767 206/222/768
f 225/242/769 208/224/770 207/223/771
f 207/223/772 226/243/773 225/242/774
f 227/244/775 226/243/776 207/223/777
f 207/223/778 211/227/779 227/244/780
f 90/89/781 206/222/782 91/90/783
f 213/229/784 208/224/785 225/242/786
f 225/242/787 228/245/788 213/229/789
f 229/246/790 227/244/791 211/227/792
f 211/227/793 210/226/794 229/246/795
f 214/230/796 213/229/797 228/245/798
f 228/245/799 219/235/800 214/230/801
f 215/231/802 222/238/803 229/246/804
f 229/246/805 210/226/806 215/231/807
f 230/247/808 231/248/809 232/249/810
f 232/249/811 233/250/812 230/247/813
f 234/251/814 235/252/815 82/81/816
f 82/81/817 81/80/818 234/251/819
f 231/248/820 236/253/821 237/254/822
f 237/254/823 232/249/824 231/248/825
f 100/99/826 238/255/827 239/256/828
f 240/257/829 230/247/830 233/250/831
f 233/250/832 241/258/833 240/257/834
f 242/259/835 234/251/836 81/80/837
f 81/80/838 218/234/839 242/259/840
f 236/253/841 243/260/842 94/93/843
f 94/93/844 237/254/845 236/253/846
f 244/261/847 242/259/848 218/234/849
f 218/234/850 205/221/851 244/261/852
f 94/93/853 243/260/854 245/262/855
f 245/262/856 95/94/857 94/93/858
f 246/263/859 244/261/860 205/221/861
f 205/221/862 247/264/863 246/263/864
f 95/265/865 245/266/866 248/267/867
f 248/267/868 238/255/869 95/265/870
f 239/256/871 249/268/872 247/264/873
f 247/264/874 100/99/875 239/256/876
f 247/264/877 249/268/878 246/263/879
f 209/225/880 250/269/881 97/96/882
f 251/270/883 252/271/884 97/96/885
f 97/96/886 250/269/887 251/270/888
f 235/252/889 251/270/890 250/269/891
f 250/269/892 82/81/893 235/252/894
f 235/252/895 253/272/896 254/273/897
f 254/273/898 251/270/899 235/252/900
f 241/258/901 98/97/902 97/96/903
f 97/96/904 252/271/905 241/258/906
f 244/261/907 255/274/908 256/275/909
f 256/275/910 242/259/911 244/261/912
f 257/276/913 255/274/914 244/261/915
f 244/261/916 246/263/917 257/276/918
f 98/97/919 241/258/920 233/250/921
f 233/250/922 258/277/923 98/97/924
f 259/278/925 257/276/926 246/263/927
f 246/263/928 249/268/929 259/278/930
f 258/277/931 233/250/932 232/249/933
f 232/249/934 216/232/935 258/277/936
f 260/279/937 259/278/938 249/268/939
f 249/268/940 239/256/941 260/279/942
f 216/232/943 232/249/944 237/254/945
f 237/254/946 86/85/947 216/232/948
f 260/279/949 239/256/950 238/255/951
f 238/255/952 248/267/953 260/279/954
f 261/280/955 240/257/956 241/258/957
f 241/258/958 252/271/959 261/280/960
f 86/85/961 237/254/962 94/93/963
f 94/93/964 93/92/965 86/85/966
f 234/251/967 262/281/968 253/272/969
f 253/272/970 235/252/971 234/251/972
f 242/259/973 256/275/974 262/281/975
f 262/281/976 234/251/977 242/259/978
f 95/265/979 238/255/980 100/99/981
f 95/265/982 100/99/983 93/282/984
f 261/280/985 252/271/986 251/270/987
f 251/270/988 254/273/989 261/280/990
f 96/95/991 98/97/992 258/277/993
f 258/277/994 212/228/995 96/95/996
f 82/81/997 250/269/998 209/225/999
f 209/225/1000 83/82/1001 82/81/1002
f 216/232/1003 212/228/1004 258/277/1005
f 263/283/1006 264/284/1007 265/285/1008
f 265/285/1009 266/286/1010 263/283/1011
f 101/100/1012 100/99/1013 247/264/1014
f 247/264/1015 204/220/1016 101/100/1017
f 267/287/1018 268/288/1019 263/283/1020
f 263/283/1021 110/110/1022 267/287/1023
f 99/98/1024 93/282/1025 100/99/1026
f 205/221/1027 204/220/1028 247/264/1029
f 269/289/1030 270/290/1031 265/285/1032
f 265/285/1033 264/284/1034 269/289/1035
f 110/110/1036 263/283/1037 266/286/1038
f 266/286/1039 111/111/1040 110/110/1041
f 269/289/1042 102/102/1043 270/290/1044
f 271/291/1045 269/289/1046 264/284/1047
f 264/284/1048 272/292/1049 271/291/1050
f 103/103/1051 102/102/1052 269/289/1053
f 269/289/1054 271/291/1055 103/103/1056
f 268/288/1057 272/292/1058 264/284/1059
f 264/284/1060 263/283/1061 268/288/1062
f 273/293/1063 274/294/1064 268/288/1065
f 268/288/1066 267/287/1067 273/293/1068
f 274/294/1069 275/295/1070 272/292/1071
f 272/292/1072 268/288/1073 274/294/1074
f 271/291/1075 276/296/1076 103/103/1077
f 275/295/1078 276/296/1079 271/291/1080
f 271/291/1081 272/292/1082 275/295/1083
f 277/297/1084 273/293/1085 106/106/1086
f 106/106/1087 109/109/1088 277/297/1089
f 278/298/1090 274/294/1091 273/293/1092
f 273/293/1093 277/297/1094 278/298/1095
f 279/299/1096 108/108/1097 103/103/1098
f 103/103/1099 276/296/1100 279/299/1101
f 106/106/1102 267/287/1103 110/110/1104
f 110/110/1105 107/107/1106 106/106/1107
f 280/300/1108 275/295/1109 274/294/1110
f 274/294/1111 278/298/1112 280/300/1113
f 280/300/1114 279/299/1115 276/296/1116
f 276/296/1117 275/295/1118 280/300/1119
f 281/301/1120 282/302/1121 108/108/1122
f 108/108/1123 279/299/1124 281/301/1125
f 109/109/1126 283/303/1127 277/297/1128
f 284/304/1129 278/298/1130 277/297/1131
f 277/297/1132 283/303/1133 284/304/1134
f 285/305/1135 280/300/1136 278/298/1137
f 278/298/1138 284/304/1139 285/305/1140
f 285/305/1141 281/301/1142 279/299/1143
f 279/299/1144 280/300/1145 285/305/1146
f 198/306/1147 199/307/1148 186/190/1149
f 186/190/1150 181/185/1151 198/306/1152
f 106/106/1153 273/293/1154 267/287/1155
f 77/73/1156 67/63/1157 193/200/1158
f 193/200/1159 75/71/1160 77/73/1161
f 194/199/1162 72/68/1163 80/113/1164
f 80/113/1165 112/112/1166 194/199/1167
f 194/199/1168 73/69/1169 72/68/1170
f 71/208/1171 75/71/1172 193/200/1173
f 69/65/1174 71/67/1175 193/197/1176
f 193/197/1177 187/191/1178 69/65/1179
f 112/112/1180 113/114/1181 203/308/1182
f 203/308/1183 191/195/1184 112/112/1185
f 187/191/1186 201/309/1187 69/65/1188
f 199/307/1189 201/309/1190 187/191/1191
f 187/191/1192 186/190/1193 199/307/1194
f 200/207/1195 202/310/1196 68/64/1197
f 68/64/1198 67/63/1199 200/207/1200
f 197/204/1201 198/306/1202 181/185/1203
f 181/185/1204 180/184/1205 197/204/1206
f 77/73/1207 200/207/1208 67/63/1209
f 196/203/1210 183/187/1211 191/195/1212
f 191/195/1213 203/308/1214 196/203/1215
f 202/310/1216 73/69/1217 194/199/1218
f 194/199/1219 68/64/1220 202/310/1221
f 120/121/1222 286/311/1223 287/312/1224
f 287/312/1225 288/313/1226 120/121/1227
f 289/314/1228 286/311/1229 120/121/1230
f 120/121/1231 122/123/1232 289/314/1233
f 290/315/1234 291/316/1235 292/317/1236
f 292/317/1237 293/318/1238 290/315/1239
f 293/319/1240 294/320/1241 118/119/1242
f 118/119/1243 117/118/1244 293/319/1245
f 295/321/1246 296/322/1247 114/323/1248
f 114/323/1249 127/128/1250 295/321/1251
f 297/324/1252 298/325/1253 299/326/1254
f 299/326/1255 300/327/1256 297/324/1257
f 127/128/1258 114/323/1259 116/328/1260
f 116/328/1261 125/126/1262 127/128/1263
f 298/325/1264 128/129/1265 301/329/1266
f 301/329/1267 299/326/1268 298/325/1269
f 125/126/1270 116/328/1271 302/330/1272
f 302/330/1273 126/127/1274 125/126/1275
f 128/129/1276 303/331/1277 117/332/1278
f 117/332/1279 301/329/1280 128/129/1281
f 292/317/1282 291/316/1283 126/127/1284
f 126/127/1285 302/330/1286 292/317/1287
f 6/6/1288 8/8/1289 2/2/1290
f 2/2/1291 4/4/1292 6/6/1293
f 117/332/1294 303/331/1295 304/333/1296
f 304/333/1297 290/334/1298 293/335/1299
f 293/335/1300 117/332/1301 304/333/1302
f 121/122/1303 289/336/1304 300/337/1305
f 300/337/1306 130/131/1307 121/122/1308
f 121/122/1309 123/124/1310 287/338/1311
f 287/338/1312 286/339/1313 121/122/1314
f 294/340/1315 293/341/1316 292/342/1317
f 292/342/1318 305/343/1319 294/340/1320
f 286/339/1321 289/336/1322 121/122/1323
f 306/344/1324 115/116/1325 114/115/1326
f 114/115/1327 296/345/1328 306/344/1329
f 299/346/1330 129/130/1331 130/131/1332
f 130/131/1333 300/337/1334 299/346/1335
f 115/116/1336 124/125/1337 302/347/1338
f 302/347/1339 116/117/1340 115/116/1341
f 299/346/1342 301/348/1343 129/130/1344
f 117/118/1345 119/120/1346 129/130/1347
f 129/130/1348 301/348/1349 117/118/1350
f 307/349/1351 305/343/1352 292/342/1353
f 292/342/1354 302/347/1355 307/349/1356
f 302/347/1357 124/125/1358 307/349/1359
f 123/124/1360 306/344/1361 296/345/1362
f 296/345/1363 287/338/1364 123/124/1365
f 123/124/1366 288/313/1367 295/321/1368
f 295/321/1369 306/344/1370 123/124/1371
f 122/123/1372 297/324/1373 300/327/1374
f 300/327/1375 289/314/1376 122/123/1377
f 305/343/1378 307/349/1379 126/127/1380
f 126/127/1381 291/316/1382 305/343/1383
f 120/121/1384 288/313/1385 123/124/1386
f 306/344/1387 295/321/1388 127/128/1389
f 127/128/1390 115/116/1391 306/344/1392
f 126/127/1393 307/349/1394 124/125/1395
f 129/130/1396 128/129/1397 298/325/1398
f 124/125/1399 115/116/1400 125/126/1401
f 294/320/1402 290/334/1403 304/333/1404
f 304/333/1405 118/119/1406 294/320/1407
f 118/119/1408 304/333/1409 303/331/1410
f 303/331/1411 119/120/1412 118/119/1413
f 298/325/1414 297/324/1415 130/131/1416
f 130/131/1417 129/130/1418 298/325/1419
f 119/120/1420 303/331/1421 128/129/1422
f 294/340/1423 305/343/1424 291/316/1425
f 291/316/1426 290/315/1427 294/340/1428
f 130/131/1429 297/324/1430 122/123/1431
f 288/313/1432 287/312/1433 296/322/1434
f 296/322/1435 295/321/1436 288/313/1437
f 131/150/1438 133/350/1439 308/351/1440
f 308/351/1441 147/148/1442 131/150/1443
f 309/352/1444 310/353/1445 146/147/1446
f 146/147/1447 311/354/1448 309/352/1449
f 310/353/1450 312/355/1451 143/144/1452
f 143/144/1453 146/147/1454 310/353/1455
f 143/144/1456 312/355/1457 132/133/1458
f 132/133/1459 131/132/1460 143/144/1461
f 141/142/1462 313/356/1463 314/357/1464
f 314/357/1465 315/358/1466 141/142/1467
f 316/359/1468 317/360/1469 140/141/1470
f 140/141/1471 318/361/1472 316/359/1473
f 315/358/1474 314/357/1475 319/362/1476
f 319/362/1477 136/137/1478 315/358/1479
f 320/363/1480 134/135/1481 136/137/1482
f 136/137/1483 319/362/1484 320/363/1485
f 321/364/1486 316/359/1487 318/361/1488
f 318/361/1489 322/365/1490 321/364/1491
f 317/360/1492 313/356/1493 141/142/1494
f 141/142/1495 140/141/1496 317/360/1497
f 323/366/1498 324/367/1499 134/135/1500
f 134/135/1501 320/363/1502 323/366/1503
f 325/368/1504 321/364/1505 322/365/1506
f 322/365/1507 326/369/1508 325/368/1509
f 309/352/1510 311/354/1511 324/367/1512
f 324/367/1513 323/366/1514 309/352/1515
f 308/351/1516 325/368/1517 326/369/1518
f 326/369/1519 147/148/1520 308/351/1521
f 327/370/1522 323/366/1523 320/363/1524
f 320/363/1525 328/371/1526 327/370/1527
f 325/368/1528 329/372/1529 330/373/1530
f 330/373/1531 321/364/1532 325/368/1533
f 309/352/1534 323/366/1535 327/370/1536
f 327/370/1537 331/374/1538 309/352/1539
f 308/351/1540 332/375/1541 329/372/1542
f 329/372/1543 325/368/1544 308/351/1545
f 310/353/1546 309/352/1547 331/374/1548
f 331/374/1549 333/376/1550 310/353/1551
f 133/350/1552 334/377/1553 332/375/1554
f 332/375/1555 308/351/1556 133/350/1557
f 335/378/1558 312/355/1559 310/353/1560
f 310/353/1561 333/376/1562 335/378/1563
f 336/379/1564 334/380/1565 133/134/1566
f 133/134/1567 132/133/1568 336/379/1569
f 337/381/1570 314/357/1571 313/356/1572
f 313/356/1573 338/382/1574 337/381/1575
f 335/378/1576 339/383/1577 312/355/1578
f 339/383/1579 336/379/1580 132/133/1581
f 132/133/1582 312/355/1583 339/383/1584
f 340/384/1585 338/382/1586 313/356/1587
f 313/356/1588 317/360/1589 340/384/1590
f 341/385/1591 319/362/1592 314/357/1593
f 314/357/1594 337/381/1595 341/385/1596
f 316/359/1597 342/386/1598 340/384/1599
f 340/384/1600 317/360/1601 316/359/1602
f 328/371/1603 320/363/1604 319/362/1605
f 319/362/1606 341/385/1607 328/371/1608
f 330/373/1609 342/386/1610 316/359/1611
f 316/359/1612 321/364/1613 330/373/1614
f 147/148/1615 343/387/1616 138/388/1617
f 138/388/1618 137/149/1619 147/148/1620
f 344/389/1621 345/390/1622 346/391/1623
f 346/391/1624 347/392/1625 344/389/1626
f 348/393/1627 349/394/1628 135/136/1629
f 135/136/1630 134/135/1631 348/393/1632
f 137/138/1633 139/140/1634 350/395/1635
f 350/395/1636 144/145/1637 137/138/1638
f 345/390/1639 351/396/1640 352/397/1641
f 352/397/1642 346/391/1643 345/390/1644
f 353/398/1645 344/389/1646 347/392/1647
f 347/392/1648 354/399/1649 353/398/1650
f 355/400/1651 348/393/1652 134/135/1653
f 134/135/1654 324/367/1655 355/400/1656
f 351/396/1657 356/401/1658 343/387/1659
f 343/387/1660 352/397/1661 351/396/1662
f 357/402/1663 355/400/1664 324/367/1665
f 324/367/1666 311/354/1667 357/402/1668
f 343/387/1669 356/401/1670 358/403/1671
f 358/403/1672 138/388/1673 343/387/1674
f 359/404/1675 357/402/1676 311/354/1677
f 311/354/1678 145/146/1679 359/404/1680
f 138/139/1681 358/405/1682 360/406/1683
f 360/406/1684 139/140/1685 138/139/1686
f 350/395/1687 361/407/1688 145/146/1689
f 145/146/1690 144/145/1691 350/395/1692
f 145/146/1693 361/407/1694 359/404/1695
f 315/358/1696 362/408/1697 141/142/1698
f 363/409/1699 364/410/1700 141/142/1701
f 141/142/1702 362/408/1703 363/409/1704
f 349/394/1705 363/409/1706 362/408/1707
f 362/408/1708 135/136/1709 349/394/1710
f 349/394/1711 365/411/1712 366/412/1713
f 366/412/1714 363/409/1715 349/394/1716
f 354/399/1717 142/143/1718 141/142/1719
f 141/142/1720 364/410/1721 354/399/1722
f 357/402/1723 367/413/1724 368/414/1725
f 368/414/1726 355/400/1727 357/402/1728
f 369/415/1729 367/413/1730 357/402/1731
f 357/402/1732 359/404/1733 369/415/1734
f 142/143/1735 354/399/1736 347/392/1737
f 347/392/1738 370/416/1739 142/143/1740
f 371/417/1741 369/415/1742 359/404/1743
f 359/404/1744 361/407/1745 371/417/1746
f 370/416/1747 347/392/1748 346/391/1749
f 346/391/1750 322/365/1751 370/416/1752
f 372/418/1753 371/417/1754 361/407/1755
f 361/407/1756 350/395/1757 372/418/1758
f 322/365/1759 346/391/1760 352/397/1761
f 352/397/1762 326/369/1763 322/365/1764
f 372/418/1765 350/395/1766 139/140/1767
f 139/140/1768 360/406/1769 372/418/1770
f 373/419/1771 353/398/1772 354/399/1773
f 354/399/1774 364/410/1775 373/419/1776
f 326/369/1777 352/397/1778 343/387/1779
f 343/387/1780 147/148/1781 326/369/1782
f 348/393/1783 374/420/1784 365/411/1785
f 365/411/1786 349/394/1787 348/393/1788
f 355/400/1789 368/414/1790 374/420/1791
f 374/420/1792 348/393/1793 355/400/1794
f 373/419/1795 364/410/1796 363/409/1797
f 363/409/1798 366/412/1799 373/419/1800
f 140/141/1801 142/143/1802 370/416/1803
f 370/416/1804 318/361/1805 140/141/1806
f 135/136/1807 362/408/1808 315/358/1809
f 315/358/1810 136/137/1811 135/136/1812
f 322/365/1813 318/361/1814 370/416/1815
f 137/138/1816 144/145/1817 143/144/1818
f 143/144/1819 131/132/1820 137/138/1821
f 375/421/1822 376/422/1823 377/423/1824
f 377/423/1825 378/424/1826 375/421/1827
f 379/425/1828 380/426/1829 375/421/1830
f 375/421/1831 165/168/1832 379/425/1833
f 311/354/1834 146/147/1835 145/146/1836
f 151/154/1837 153/156/1838 377/423/1839
f 377/423/1840 376/422/1841 151/154/1842
f 165/168/1843 375/421/1844 378/424/1845
f 378/424/1846 166/169/1847 165/168/1848
f 159/162/1849 151/154/1850 376/422/1851
f 376/422/1852 161/164/1853 159/162/1854
f 152/155/1855 151/154/1856 148/151/1857
f 149/152/1858 148/151/1859 151/154/1860
f 151/154/1861 159/162/1862 149/152/1863
f 380/426/1864 161/164/1865 376/422/1866
f 376/422/1867 375/421/1868 380/426/1869
f 381/427/1870 382/428/1871 380/426/1872
f 380/426/1873 379/425/1874 381/427/1875
f 162/165/1876 161/164/1877 380/426/1878
f 380/426/1879 382/428/1880 162/165/1881
f 162/165/1882 158/161/1883 159/162/1884
f 383/429/1885 381/427/1886 155/158/1887
f 155/158/1888 160/163/1889 383/429/1890
f 384/430/1891 382/428/1892 381/427/1893
f 381/427/1894 383/429/1895 384/430/1896
f 155/158/1897 379/425/1898 165/168/1899
f 165/168/1900 156/159/1901 155/158/1902
f 163/166/1903 157/160/1904 149/152/1905
f 149/152/1906 158/161/1907 163/166/1908
f 385/431/1909 162/165/1910 382/428/1911
f 382/428/1912 384/430/1913 385/431/1914
f 386/432/1915 384/430/1916 383/429/1917
f 383/429/1918 387/433/1919 386/432/1920
f 162/165/1921 385/431/1922 163/166/1923
f 160/163/1924 387/433/1925 383/429/1926
f 163/166/1927 388/434/1928 164/167/1929
f 389/435/1930 385/431/1931 384/430/1932
f 384/430/1933 386/432/1934 389/435/1935
f 389/435/1936 388/434/1937 163/166/1938
f 163/166/1939 385/431/1940 389/435/1941
f 390/436/1942 391/437/1943 392/438/1944
f 392/438/1945 393/439/1946 390/436/1947
f 155/158/1948 381/427/1949 379/425/1950
f 394/440/1951 395/441/1952 396/442/1953
f 396/442/1954 397/443/1955 394/440/1956
f 398/444/1957 399/445/1958 400/446/1959
f 400/446/1960 401/447/1961 398/444/1962
f 402/448/1963 391/437/1964 390/436/1965
f 390/436/1966 403/449/1967 402/448/1968
f 392/438/1969 404/450/1970 405/451/1971
f 405/451/1972 393/439/1973 392/438/1974
f 406/452/1975 407/453/1976 408/454/1977
f 408/454/1978 409/455/1979 406/452/1980
f 410/456/1981 411/457/1982 412/458/1983
f 412/458/1984 413/459/1985 410/456/1986
f 413/459/1987 414/460/1988 415/461/1989
f 415/461/1990 416/462/1991 413/459/1992
f 403/449/1993 417/463/1994 418/464/1995
f 418/464/1996 402/448/1997 403/449/1998
f 405/451/1999 404/450/2000 408/454/2001
f 408/454/2002 407/453/2003 405/451/2004
f 397/443/2005 399/445/2006 419/465/2007
f 419/465/2008 420/466/2009 397/443/2010
f 398/444/2011 421/467/2012 422/468/2013
f 422/468/2014 423/469/2015 398/444/2016
f 393/439/2017 424/470/2018 425/471/2019
f 425/471/2020 390/436/2021 393/439/2022
f 415/461/2023 422/468/2024 421/467/2025
f 421/467/2026 416/462/2027 415/461/2028
f 417/463/2029 426/472/2030 427/473/2031
f 427/473/2032 412/458/2033 417/463/2034
f 428/474/2035 429/475/2036 394/476/2037
f 394/476/2038 430/477/2039 428/474/2040
f 397/443/2041 420/466/2042 430/478/2043
f 430/478/2044 394/440/2045 397/443/2046
f 431/479/2047 406/452/2048 429/475/2049
f 429/475/2050 428/474/2051 431/479/2052
f 423/469/2053 419/465/2054 399/445/2055
f 399/445/2056 398/444/2057 423/469/2058
f 432/480/2059 403/449/2060 390/436/2061
f 390/436/2062 425/471/2063 432/480/2064
f 405/451/2065 433/481/2066 424/470/2067
f 424/470/2068 393/439/2069 405/451/2070
f 434/482/2071 407/453/2072 406/452/2073
f 406/452/2074 431/479/2075 434/482/2076
f 414/460/2077 413/459/2078 412/458/2079
f 412/458/2080 427/473/2081 414/460/2082
f 414/460/2083 427/473/2084 411/483/2085
f 411/483/2086 410/484/2087 414/460/2088
f 403/449/2089 432/480/2090 426/472/2091
f 426/472/2092 417/463/2093 403/449/2094
f 407/453/2095 434/482/2096 433/481/2097
f 433/481/2098 405/451/2099 407/453/2100
f 408/485/2101 404/486/2102 433/481/2103
f 433/481/2104 434/482/2105 408/485/2106
f 424/470/2107 392/487/2108 391/488/2109
f 391/488/2110 425/471/2111 424/470/2112
f 419/465/2113 400/489/2114 396/490/2115
f 396/490/2116 420/466/2117 419/465/2118
f 432/480/2119 425/471/2120 391/488/2121
f 391/488/2122 402/491/2123 432/480/2124
f 423/469/2125 401/492/2126 400/489/2127
f 400/489/2128 419/465/2129 423/469/2130
f 398/444/2131 401/447/2132 435/493/2133
f 435/493/2134 421/467/2135 398/444/2136
f 432/480/2137 402/491/2138 418/494/2139
f 418/494/2140 426/472/2141 432/480/2142
f 434/482/2143 431/479/2144 409/495/2145
f 409/495/2146 408/485/2147 434/482/2148
f 422/468/2149 435/496/2150 401/492/2151
f 401/492/2152 423/469/2153 422/468/2154
f 426/472/2155 418/494/2156 411/483/2157
f 411/483/2158 427/473/2159 426/472/2160
f 428/474/2161 436/497/2162 409/495/2163
f 409/495/2164 431/479/2165 428/474/2166
f 394/476/2167 429/475/2168 436/498/2169
f 436/498/2170 395/499/2171 394/476/2172
f 416/462/2173 437/500/2174 410/456/2175
f 410/456/2176 413/459/2177 416/462/2178
f 397/443/2179 396/442/2180 400/446/2181
f 400/446/2182 399/445/2183 397/443/2184
f 435/493/2185 437/500/2186 416/462/2187
f 416/462/2188 421/467/2189 435/493/2190
f 420/466/2191 396/490/2192 395/501/2193
f 395/501/2194 430/478/2195 420/466/2196
f 409/455/2197 436/498/2198 429/475/2199
f 429/475/2200 406/452/2201 409/455/2202
f 412/458/2203 411/457/2204 418/464/2205
f 418/464/2206 417/463/2207 412/458/2208
f 414/460/2209 410/484/2210 437/502/2211
f 437/502/2212 415/461/2213 414/460/2214
f 415/461/2215 437/502/2216 435/496/2217
f 435/496/2218 422/468/2219 415/461/2220
f 433/481/2221 404/486/2222 392/487/2223
f 392/487/2224 424/470/2225 433/481/2226
f 428/474/2227 430/477/2228 395/503/2229
f 395/503/2230 436/497/2231 428/474/2232
f 438/504/2233 439/505/2234 440/506/2235
f 440/506/2236 441/507/2237 438/504/2238
f 442/508/2239 443/509/2240 444/510/2241
f 444/510/2242 445/511/2243 442/508/2244
f 446/512/2245 447/513/2246 448/514/2247
f 448/514/2248 449/515/2249 446/512/2250
f 444/510/2251 450/516/2252 451/517/2253
f 451/517/2254 445/511/2255 444/510/2256
f 452/518/2257 453/519/2258 454/520/2259
f 454/520/2260 455/521/2261 452/518/2262
f 456/522/2263 457/523/2264 458/524/2265
f 458/524/2266 459/525/2267 456/522/2268
f 460/526/2269 461/527/2270 453/519/2271
f 453/519/2272 452/518/2273 460/526/2274
f 456/528/2275 462/529/2276 463/530/2277
f 463/530/2278 457/531/2279 456/528/2280
f 464/532/2281 449/515/2282 448/514/2283
f 448/514/2284 465/533/2285 464/532/2286
f 443/509/2287 442/508/2288 441/507/2289
f 441/507/2290 440/506/2291 443/509/2292
f 447/513/2293 446/512/2294 461/527/2295
f 461/527/2296 460/526/2297 447/513/2298
f 463/530/2299 462/529/2300 455/521/2301
f 455/521/2302 454/520/2303 463/530/2304
f 466/534/2305 467/535/2306 438/504/2307
f 438/504/2308 468/536/2309 466/534/2310
f 465/533/2311 469/537/2312 470/538/2313
f 470/538/2314 464/532/2315 465/533/2316
f 467/535/2317 471/539/2318 439/505/2319
f 439/505/2320 438/504/2321 467/535/2322
f 451/517/2323 450/516/2324 459/525/2325
f 459/525/2326 458/524/2327 451/517/2328
f 472/540/2329 473/541/2330 474/542/2331
f 474/542/2332 475/543/2333 472/540/2334
f 476/544/2335 477/545/2336 478/546/2337
f 478/546/2338 479/547/2339 476/544/2340
f 461/527/2341 446/512/2342 480/548/2343
f 480/548/2344 481/549/2345 461/527/2346
f 464/532/2347 470/538/2348 482/550/2349
f 482/550/2350 483/551/2351 464/532/2352
f 457/531/2353 463/530/2354 484/552/2355
f 484/552/2356 485/553/2357 457/531/2358
f 446/512/2359 449/515/2360 486/554/2361
f 486/554/2362 480/548/2363 446/512/2364
f 486/554/2365 449/515/2366 464/532/2367
f 464/532/2368 483/551/2369 486/554/2370
f 454/520/2371 453/519/2372 487/555/2373
f 487/555/2374 488/556/2375 454/520/2376
f 453/519/2377 461/527/2378 481/549/2379
f 481/549/2380 487/555/2381 453/519/2382
f 463/530/2383 454/520/2384 488/556/2385
f 488/556/2386 484/552/2387 463/530/2388
f 441/507/2389 442/508/2390 489/557/2391
f 489/557/2392 490/558/2393 441/507/2394
f 491/559/2395 492/560/2396 466/534/2397
f 466/534/2398 468/536/2399 491/559/2400
f 451/517/2401 458/524/2402 493/561/2403
f 493/561/2404 494/562/2405 451/517/2406
f 470/538/2407 467/535/2408 466/534/2409
f 466/534/2410 482/550/2411 470/538/2412
f 458/524/2413 457/523/2414 485/563/2415
f 485/563/2416 493/561/2417 458/524/2418
f 445/511/2419 451/517/2420 494/562/2421
f 494/562/2422 495/564/2423 445/511/2424
f 442/508/2425 445/511/2426 495/564/2427
f 495/564/2428 489/557/2429 442/508/2430
f 468/536/2431 438/504/2432 441/507/2433
f 441/507/2434 490/558/2435 468/536/2436
f 467/535/2437 470/538/2438 469/537/2439
f 469/537/2440 471/539/2441 467/535/2442
f 496/565/2443 497/566/2444 487/555/2445
f 487/555/2446 481/549/2447 496/565/2448
f 498/567/2449 499/568/2450 500/569/2451
f 500/569/2452 501/570/2453 498/567/2454
f 496/565/2455 502/571/2456 503/572/2457
f 503/572/2458 497/566/2459 496/565/2460
f 491/559/2461 504/573/2462 505/574/2463
f 505/574/2464 492/560/2465 491/559/2466
f 506/575/2467 507/576/2468 508/577/2469
f 508/577/2470 509/578/2471 506/575/2472
f 510/579/2473 504/573/2474 491/559/2475
f 491/559/2476 511/580/2477 510/579/2478
f 512/581/2479 475/543/2480 474/542/2481
f 474/542/2482 513/582/2483 512/581/2484
f 507/576/2485 506/575/2486 497/566/2487
f 497/566/2488 503/572/2489 507/576/2490
f 499/568/2491 477/545/2492 476/544/2493
f 476/544/2494 500/569/2495 499/568/2496
f 472/540/2497 514/583/2498 515/584/2499
f 515/584/2500 473/541/2501 472/540/2502
f 516/585/2503 517/586/2504 515/584/2505
f 515/584/2506 514/583/2507 516/585/2508
f 516/585/2509 510/579/2510 511/580/2511
f 511/580/2512 517/586/2513 516/585/2514
f 478/546/2515 502/571/2516 496/565/2517
f 496/565/2518 479/547/2519 478/546/2520
f 505/574/2521 498/567/2522 501/570/2523
f 501/570/2524 492/560/2525 505/574/2526
f 479/547/2527 496/565/2528 481/549/2529
f 481/549/2530 480/548/2531 479/547/2532
f 501/570/2533 500/569/2534 483/551/2535
f 483/551/2536 482/550/2537 501/570/2538
f 509/578/2539 513/587/2540 485/553/2541
f 485/553/2542 484/552/2543 509/578/2544
f 476/544/2545 479/547/2546 480/548/2547
f 480/548/2548 486/554/2549 476/544/2550
f 500/569/2551 476/544/2552 486/554/2553
f 486/554/2554 483/551/2555 500/569/2556
f 497/566/2557 506/575/2558 488/556/2559
f 488/556/2560 487/555/2561 497/566/2562
f 506/575/2563 509/578/2564 484/552/2565
f 484/552/2566 488/556/2567 506/575/2568
f 489/557/2569 517/586/2570 511/580/2571
f 511/580/2572 490/558/2573 489/557/2574
f 474/542/2575 473/541/2576 494/562/2577
f 494/562/2578 493/561/2579 474/542/2580
f 466/534/2581 492/560/2582 501/570/2583
f 501/570/2584 482/550/2585 466/534/2586
f 485/563/2587 513/582/2588 474/542/2589
f 474/542/2590 493/561/2591 485/563/2592
f 494/562/2593 473/541/2594 515/584/2595
f 515/584/2596 495/564/2597 494/562/2598
f 515/584/2599 517/586/2600 489/557/2601
f 489/557/2602 495/564/2603 515/584/2604
f 490/558/2605 511/580/2606 491/559/2607
f 491/559/2608 468/536/2609 490/558/2610
f 508/577/2611 512/588/2612 513/587/2613
f 513/587/2614 509/578/2615 508/577/2616
f 518/589/2617 519/590/2618 520/591/2619
f 520/591/2620 521/592/2621 518/589/2622
f 522/593/2623 176/179/2624 175/178/2625
f 175/178/2626 523/594/2627 522/593/2628
f 524/595/2629 168/171/2630 167/170/2631
f 167/170/2632 174/177/2633 524/595/2634
f 525/596/2635 526/597/2636 518/589/2637
f 518/589/2638 521/592/2639 525/596/2640
f 527/598/2641 523/594/2642 175/178/2643
f 169/172/2644 520/591/2645 519/590/2646
f 519/590/2647 528/599/2648 169/172/2649
f 529/600/2650 525/596/2651 521/592/2652
f 521/592/2653 530/601/2654 529/600/2655
f 531/602/2656 532/603/2657 172/175/2658
f 172/175/2659 171/174/2660 531/602/2661
f 167/170/2662 169/172/2663 528/599/2664
f 528/599/2665 177/180/2666 167/170/2667
f 533/604/2668 530/601/2669 521/592/2670
f 521/592/2671 520/591/2672 533/604/2673
f 526/597/2674 525/596/2675 532/603/2676
f 532/603/2677 531/602/2678 526/597/2679
f 534/605/2680 530/601/2681 533/604/2682
f 533/604/2683 535/606/2684 534/605/2685
f 534/605/2686 536/607/2687 529/600/2688
f 529/600/2689 530/601/2690 534/605/2691
f 535/606/2692 533/604/2693 168/171/2694
f 168/171/2695 524/595/2696 535/606/2697
f 536/607/2698 523/594/2699 527/598/2700
f 527/598/2701 529/600/2702 536/607/2703
f 537/608/2704 524/595/2705 174/177/2706
f 174/177/2707 178/181/2708 537/608/2709
f 538/609/2710 539/610/2711 536/607/2712
f 536/607/2713 534/605/2714 538/609/2715
f 540/611/2716 535/606/2717 524/595/2718
f 524/595/2719 537/608/2720 540/611/2721
f 539/610/2722 522/593/2723 523/594/2724
f 523/594/2725 536/607/2726 539/610/2727
f 538/609/2728 534/605/2729 535/606/2730
f 535/606/2731 540/611/2732 538/609/2733
f 175/178/2734 172/175/2735 532/603/2736
f 532/603/2737 527/598/2738 175/178/2739
f 168/171/2740 533/604/2741 520/591/2742
f 520/591/2743 169/172/2744 168/171/2745
f 527/598/2746 532/603/2747 525/596/2748
f 525/596/2749 529/600/2750 527/598/2751
f 541/612/2752 542/613/2753 543/614/2754
f 543/614/2755 544/615/2756 541/612/2757
f 545/616/2758 546/617/2759 547/618/2760
f 547/618/2761 548/619/2762 545/616/2763
f 549/620/2764 550/621/2765 551/622/2766
f 551/622/2767 552/623/2768 549/620/2769
f 550/621/2770 553/624/2771 554/625/2772
f 554/625/2773 551/622/2774 550/621/2775
f 555/626/2776 556/627/2777 557/628/2778
f 557/628/2779 558/629/2780 555/626/2781
f 559/630/2782 560/631/2783 561/632/2784
f 561/632/2785 562/633/2786 559/630/2787
f 563/634/2788 564/635/2789 565/636/2790
f 565/636/2791 566/637/2792 563/634/2793
f 546/617/2794 545/616/2795 567/638/2796
f 567/638/2797 568/639/2798 546/617/2799
f 547/618/2800 564/635/2801 563/634/2802
f 563/634/2803 548/619/2804 547/618/2805
f 544/615/2806 543/614/2807 555/626/2808
f 555/626/2809 558/629/2810 544/615/2811
f 556/627/2812 554/625/2813 553/624/2814
f 553/624/2815 557/628/2816 556/627/2817
f 541/612/2818 566/640/2819 565/641/2820
f 565/641/2821 542/613/2822 541/612/2823
f 569/642/2824 570/643/2825 571/644/2826
f 571/644/2827 572/645/2828 569/642/2829
f 573/646/2830 574/647/2831 575/648/2832
f 575/648/2833 576/649/2834 573/646/2835
f 560/631/2836 577/650/2837 578/651/2838
f 578/651/2839 561/632/2840 560/631/2841
f 577/650/2842 579/652/2843 580/653/2844
f 580/653/2845 578/651/2846 577/650/2847
f 581/654/2848 582/655/2849 583/656/2850
f 583/656/2851 584/657/2852 581/654/2853
f 573/646/2854 581/654/2855 585/658/2856
f 585/658/2857 586/659/2858 573/646/2859
f 587/660/2860 588/661/2861 589/662/2862
f 589/662/2863 590/663/2864 587/660/2865
f 570/643/2866 559/630/2867 562/633/2868
f 562/633/2869 571/644/2870 570/643/2871
f 572/645/2872 588/661/2873 587/660/2874
f 587/660/2875 569/642/2876 572/645/2877
f 581/654/2878 573/646/2879 576/649/2880
f 576/649/2881 582/655/2882 581/654/2883
f 584/657/2884 583/656/2885 580/653/2886
f 580/653/2887 579/652/2888 584/657/2889
f 574/647/2890 590/664/2891 589/665/2892
f 589/665/2893 575/648/2894 574/647/2895
f 567/638/2896 545/616/2897 591/666/2898
f 591/666/2899 592/667/2900 567/638/2901
f 581/654/2902 584/657/2903 593/668/2904
f 593/668/2905 585/658/2906 581/654/2907
f 549/620/2908 594/669/2909 595/670/2910
f 595/670/2911 550/621/2912 549/620/2913
f 577/650/2914 596/671/2915 597/672/2916
f 597/672/2917 579/652/2918 577/650/2919
f 583/656/2920 598/673/2921 599/674/2922
f 599/674/2923 580/653/2924 583/656/2925
f 568/639/2926 552/623/2927 600/675/2928
f 600/675/2929 601/676/2930 568/639/2931
f 569/642/2932 602/677/2933 603/678/2934
f 603/678/2935 570/643/2936 569/642/2937
f 587/660/2938 590/663/2939 604/679/2940
f 604/679/2941 605/680/2942 587/660/2943
f 582/655/2944 606/681/2945 598/673/2946
f 598/673/2947 583/656/2948 582/655/2949
f 560/631/2950 600/675/2951 596/671/2952
f 596/671/2953 577/650/2954 560/631/2955
f 587/660/2956 605/680/2957 602/677/2958
f 602/677/2959 569/642/2960 587/660/2961
f 607/682/2962 575/648/2963 589/665/2964
f 589/665/2965 608/683/2966 607/682/2967
f 575/648/2968 607/682/2969 609/684/2970
f 609/684/2971 576/649/2972 575/648/2973
f 584/657/2974 579/652/2975 597/672/2976
f 597/672/2977 593/668/2978 584/657/2979
f 562/633/2980 561/632/2981 594/685/2982
f 594/685/2983 592/686/2984 562/633/2985
f 610/687/2986 548/619/2987 563/634/2988
f 563/634/2989 611/688/2990 610/687/2991
f 582/655/2992 576/649/2993 609/684/2994
f 609/684/2995 606/681/2996 582/655/2997
f 574/647/2998 573/646/2999 586/659/3000
f 586/659/3001 612/689/3002 574/647/3003
f 572/645/3004 571/644/3005 591/690/3006
f 591/690/3007 610/691/3008 572/645/3009
f 608/692/3010 589/662/3011 588/661/3012
f 588/661/3013 611/693/3014 608/692/3015
f 578/651/3016 580/653/3017 599/674/3018
f 599/674/3019 595/694/3020 578/651/3021
f 590/664/3022 574/647/3023 612/689/3024
f 612/689/3025 604/695/3026 590/664/3027
f 570/643/3028 603/678/3029 601/676/3030
f 601/676/3031 559/630/3032 570/643/3033
f 567/638/3034 549/620/3035 552/623/3036
f 552/623/3037 568/639/3038 567/638/3039
f 595/670/3040 599/696/3041 553/624/3042
f 553/624/3043 550/621/3044 595/670/3045
f 566/637/3046 608/697/3047 611/688/3048
f 611/688/3049 563/634/3050 566/637/3051
f 591/666/3052 545/616/3053 548/619/3054
f 548/619/3055 610/687/3056 591/666/3057
f 558/629/3058 606/698/3059 609/699/3060
f 609/699/3061 544/615/3062 558/629/3063
f 610/691/3064 611/693/3065 588/661/3066
f 588/661/3067 572/645/3068 610/691/3069
f 567/638/3070 592/667/3071 594/669/3072
f 594/669/3073 549/620/3074 567/638/3075
f 607/700/3076 541/612/3077 544/615/3078
f 544/615/3079 609/699/3080 607/700/3081
f 607/700/3082 608/701/3083 566/640/3084
f 566/640/3085 541/612/3086 607/700/3087
f 598/702/3088 606/698/3089 558/629/3090
f 558/629/3091 557/628/3092 598/702/3093
f 599/696/3094 598/702/3095 557/628/3096
f 557/628/3097 553/624/3098 599/696/3099
f 594/685/3100 561/632/3101 578/651/3102
f 578/651/3103 595/694/3104 594/685/3105
f 592/686/3106 591/690/3107 571/644/3108
f 571/644/3109 562/633/3110 592/686/3111
f 603/678/3112 546/617/3113 568/639/3114
f 568/639/3115 601/676/3116 603/678/3117
f 612/689/3118 542/613/3119 565/641/3120
f 565/641/3121 604/695/3122 612/689/3123
f 586/659/3124 543/614/3125 542/613/3126
f 542/613/3127 612/689/3128 586/659/3129
f 556/627/3130 593/668/3131 597/672/3132
f 597/672/3133 554/625/3134 556/627/3135
f 605/680/3136 564/635/3137 547/618/3138
f 547/618/3139 602/677/3140 605/680/3141
f 600/675/3142 552/623/3143 551/622/3144
f 551/622/3145 596/671/3146 600/675/3147
f 604/679/3148 565/636/3149 564/635/3150
f 564/635/3151 605/680/3152 604/679/3153
f 602/677/3154 547/618/3155 546/617/3156
f 546/617/3157 603/678/3158 602/677/3159
f 601/676/3160 600/675/3161 560/631/3162
f 560/631/3163 559/630/3164 601/676/3165
f 596/671/3166 551/622/3167 554/625/3168
f 554/625/3169 597/672/3170 596/671/3171
f 585/658/3172 593/668/3173 556/627/3174
f 556/627/3175 555/626/3176 585/658/3177
f 586/659/3178 585/658/3179 555/626/3180
f 555/626/3181 543/614/3182 586/659/3183
